region_code,region_name,name,type,slug,geoname_id,fias_id,latitude,longitude,population,timezone
48,Москва,Москва,город,moskva,524901,,55.75204,37.61781,10381222,Europe/Moscow
66,Санкт-Петербург,Санкт-Петербург,город,sankt-peterburg,498817,,59.93863,30.31413,5351935,Europe/Moscow
53,Новосибирская область,Новосибирск,город,novosibirsk,1496747,,55.02259,82.93175,1612833,Asia/Novosibirsk
71,Свердловская область,Екатеринбург,город,ekaterinburg,1486209,,56.85733,60.61529,1495066,Asia/Yekaterinburg
51,Нижегородская область,Нижний Новгород,город,nizhniy-novgorod,520555,,56.32867,44.00205,1259013,Europe/Moscow
73,Республика Татарстан,Казань,город,kazan,551487,,55.78874,49.12214,1243500,Europe/Moscow
13,Челябинская область,Челябинск,город,chelyabinsk,1508291,,55.1611,61.42877,1202371,Asia/Yekaterinburg
54,Омская область,Омск,город,omsk,1496153,,54.99244,73.36859,1172070,Asia/Omsk
65,Самарская область,Самара,город,samara,499099,,53.20767,50.13553,1163399,Europe/Samara
61,Ростовская область,Ростов-на-Дону,город,rostov-na-donu,501175,,47.21997,39.70769,1130305,Europe/Moscow
08,Республика Башкортостан,Уфа,город,ufa,479561,,54.74306,55.96779,1120547,Asia/Yekaterinburg
91,Красноярский край,Красноярск,город,krasnoyarsk,1502026,,56.03742,92.93136,1090811,Asia/Krasnoyarsk
86,Воронежская область,Воронеж,город,voronezh,472045,,51.66833,39.19204,1047549,Europe/Moscow
84,Волгоградская область,Волгоград,город,volgograd,472757,,48.71378,44.4976,1013533,Europe/Volgograd
90,Пермский край,Молотов,город,molotov,511196,,58.01046,56.25017,982419,Asia/Yekaterinburg
38,Краснодарский край,Краснодар,город,krasnodar,542420,,45.04534,38.98178,899541,Europe/Moscow
67,Саратовская область,Саратов,город,saratov,498677,,51.54048,45.9901,844858,Europe/Saratov
78,Тюменская область,Тюмень,город,tyumen,1488754,,57.15222,65.52722,768358,Asia/Yekaterinburg
65,Самарская область,Тольятти,населённый пункт,tolyatti,482283,,53.5303,49.3461,702879,Europe/Samara
80,Удмуртская Республика,Ижевск,город,izhevsk,554840,,56.85225,53.19862,648213,Europe/Samara
04,Алтайский край,Барнаул,город,barnaul,1510853,,53.36199,83.72786,632372,Asia/Barnaul
81,Ульяновская область,Ульяновск,город,ulyanovsk,479123,,54.32824,48.38657,626540,Europe/Ulyanovsk
20,Иркутская область,Иркутск,город,irkutsk,2023469,,52.29566,104.29076,623869,Asia/Irkutsk
30,Хабаровский край,Хабаровск,город,habarovsk,2022890,,48.46204,135.0971,618150,Asia/Vladivostok
88,Ярославская область,Ярославль,город,yaroslavl,468902,,57.62987,39.87368,608722,Europe/Moscow
59,Приморский край,Владивосток,город,vladivostok,2013348,,43.10562,131.87353,604901,Asia/Vladivostok
17,Республика Дагестан,Махачкала,город,mahachkala,532096,,42.97782,47.50027,596356,Europe/Moscow
75,Томская область,Томск,город,tomsk,1489425,,56.50049,84.98216,574002,Asia/Tomsk
55,Оренбургская область,Оренбург,город,orenburg,515003,,51.76712,55.09883,564773,Asia/Yekaterinburg
29,Кемеровская область,Кемерово,город,kemerovo,1503901,,55.35417,86.10435,558973,Asia/Novokuznetsk
29,Кемеровская область,Новокузнецк,город,novokuznetsk,1496990,,53.75752,87.13599,539616,Asia/Novokuznetsk
62,Рязанская область,Рязань,город,ryazan,500096,,54.62696,39.70415,538962,Europe/Moscow
07,Астраханская область,Астрахань,город,astrahan,580497,,46.34968,48.04076,533925,Europe/Astrakhan
57,Пензенская область,Пенза,город,penza,511565,,53.19568,45.01075,523553,Europe/Moscow
73,Республика Татарстан,Набережные Челны,город,naberezhnye-chelny,523750,,55.73718,52.41961,509870,Europe/Moscow
43,Липецкая область,Липецк,город,lipetsk,535121,,52.5876,39.55151,509735,Europe/Moscow
33,Кировская область,Киров,город,kirov,548408,,58.59809,49.65783,507155,Europe/Kirov
66,Санкт-Петербург,Калининский,район города,kalininskiy,8504951,,59.99675,30.3899,504641,Europe/Moscow
16,Чувашская Республика,Чебоксары,город,cheboksary,569696,,56.13218,47.246,492331,Europe/Moscow
76,Тульская область,Тула,город,tula,480562,,54.19609,37.61822,482873,Europe/Moscow
23,Калининградская область,Калининград,город,kaliningrad,554234,,54.70639,20.51102,475056,Europe/Kaliningrad
41,Курская область,Курск,город,kursk,538560,,51.72689,36.18457,448733,Europe/Moscow
70,Ставропольский край,Ставрополь,город,stavropol,487846,,45.03442,41.9642,433931,Europe/Moscow
10,Брянская область,Брянск,город,bryansk,571476,,53.27096,34.32143,427236,Europe/Moscow
77,Тверская область,Тверь,город,tver,480060,,56.85836,35.90057,420065,Europe/Moscow
13,Челябинская область,Магнитогорск,город,magnitogorsk,532288,,53.39808,59.0066,413351,Asia/Yekaterinburg
21,Ивановская область,Иваново,город,ivanovo,555312,,56.99988,40.97257,406113,Europe/Moscow
71,Свердловская область,Нижний Тагил,населённый пункт,nizhniy-tagil,520494,,57.91944,59.965,381116,Asia/Yekaterinburg
11,Республика Бурятия,Улан-Удэ,город,ulan-ude,2014407,,51.82648,107.59979,360278,Asia/Irkutsk
83,Владимирская область,Владимир,город,vladimir,473247,,56.13854,40.39976,357024,Europe/Moscow
06,Архангельская область,Архангельск,город,arhangelsk,581049,,64.5461,40.55183,349742,Europe/Moscow
93,Забайкальский край,Чита,город,chita,2025339,,52.04311,113.49171,349005,Asia/Chita
09,Белгородская область,Белгород,город,belgorod,578072,,50.60343,36.58091,345289,Europe/Moscow
25,Калужская область,Калуга,город,kaluga,553915,,54.53063,36.27,340851,Europe/Moscow
66,Санкт-Петербург,Красногвардейский,район города,krasnogvardeyskiy,8504952,,59.97305,30.47607,337091,Europe/Moscow
69,Смоленская область,Смоленск,город,smolensk,491687,,54.77826,32.05088,330025,Europe/Moscow
38,Краснодарский край,Сочи,город,sochi,491422,,43.59699,39.72477,327608,Europe/Moscow
84,Волгоградская область,Волжский,населённый пункт,volzhskiy,472231,,48.78583,44.77973,323293,Europe/Volgograd
46,Республика Мордовия,Саранск,город,saransk,498698,,54.18485,45.17166,318841,Europe/Moscow
85,Вологодская область,Череповец,населённый пункт,cherepovets,569223,,59.13333,37.9,315738,Europe/Moscow
85,Вологодская область,Вологда,город,vologda,472459,,59.2239,39.88398,312420,Europe/Moscow
40,Курганская область,Курган,город,kurgan,1501321,,55.44905,65.34344,309285,Asia/Yekaterinburg
68,Республика Северная Осетия — Алания,Владикавказ,город,vladikavkaz,473249,,43.04101,44.66986,306258,Europe/Moscow
56,Орловская область,Орёл,город,oryol,515012,,52.96879,36.0791,303696,Europe/Moscow
32,Ханты-Мансийский автономный округ — Югра,Сургут,город,surgut,1490624,,61.25757,73.41775,300367,Asia/Yekaterinburg
12,Чеченская Республика,Грозный,город,groznyy,558418,,43.31195,45.68895,297137,Europe/Moscow
49,Мурманская область,Мурманск,город,murmansk,524305,,68.96778,33.09922,295374,Europe/Moscow
72,Тамбовская область,Тамбов,город,tambov,484646,,52.73632,41.44102,293661,Europe/Moscow
28,Республика Карелия,Петрозаводск,город,petrozavodsk,509820,,61.78491,34.34691,279190,Europe/Moscow
61,Ростовская область,Таганрог,населённый пункт,taganrog,484907,,47.23627,38.9053,279056,Europe/Moscow
37,Костромская область,Кострома,город,kostroma,543878,,57.76638,40.92828,277280,Europe/Moscow
30,Хабаровский край,Комсомольск-на-Амуре,город,komsomolsk-na-amure,2021851,,50.55034,137.00995,275908,Asia/Vladivostok
45,Республика Марий Эл,Йошкар-Ола,город,yoshkar-ola,466806,,56.63877,47.89078,268272,Europe/Moscow
08,Республика Башкортостан,Стерлитамак,город,sterlitamak,487495,,53.63793,55.9533,267231,Asia/Yekaterinburg
20,Иркутская область,Братск,город,bratsk,2051523,,56.1325,101.61417,256600,Asia/Irkutsk
55,Оренбургская область,Орск,город,orsk,514734,,51.23206,58.48802,246836,Asia/Yekaterinburg
34,Республика Коми,Сыктывкар,город,syktyvkar,485239,,61.66393,50.8163,245083,Europe/Moscow
32,Ханты-Мансийский автономный округ — Югра,Нижневартовск,город,nizhnevartovsk,1497543,,60.9344,76.5531,244937,Asia/Yekaterinburg
20,Иркутская область,Ангарск,город,angarsk,2027667,,52.55968,103.91413,243158,Asia/Irkutsk
48,Москва,Марьино,район города,marino,529237,,55.65,37.71667,243000,Europe/Moscow
38,Краснодарский край,Новороссийск,город,novorossiysk,518255,,44.73188,37.76176,241856,Europe/Moscow
47,Московская область,Химки,город,himki,550280,,55.9001,37.42848,239967,Europe/Moscow
22,Кабардино-Балкарская Республика,Нальчик,город,nalchik,523523,,43.49806,43.61889,239300,Europe/Moscow
63,Республика Саха (Якутия),Якутск,город,yakutsk,2013159,,62.03114,129.72288,235600,Asia/Yakutsk
73,Республика Татарстан,Нижнекамск,город,nizhnekamsk,521118,,55.63794,51.81502,234297,Europe/Moscow
51,Нижегородская область,Дзержинск,город,dzerzhinsk,563708,,56.24422,43.45543,233126,Europe/Moscow
09,Белгородская область,Старый Оскол,город,staryy-oskol,487928,,51.3025,37.84613,226977,Europe/Moscow
05,Амурская область,Благовещенск,город,blagoveschensk,2026609,,50.27593,127.52637,225091,Asia/Yakutsk
52,Новгородская область,Великий Новгород,город,velikiy-novgorod,519336,,58.52131,31.27104,222868,Europe/Moscow
61,Ростовская область,Шахты,город,shahty,496015,,47.71916,40.21603,221312,Europe/Moscow
29,Кемеровская область,Прокопьевск,город,prokopevsk,1494114,,53.91518,86.71891,219000,Asia/Novokuznetsk
88,Ярославская область,Рыбинск,город,rybinsk,500004,,58.04562,38.83811,216724,Europe/Moscow
48,Москва,Выхино-Жулебино,район города,vyhino-zhulebino,470451,,55.70196,37.81178,216000,Europe/Moscow
48,Москва,Зеленоград,населённый пункт,zelenograd,463829,,55.9825,37.18139,215727,Europe/Moscow
04,Алтайский край,Бийск,город,biysk,1510018,,52.53423,85.19661,215430,Asia/Barnaul
66,Санкт-Петербург,Центральный,район города,tsentralnyy,8504960,,59.93111,30.36072,214625,Europe/Moscow
60,Псковская область,Псков,город,pskov,504341,,57.81922,28.33181,210501,Europe/Moscow
66,Санкт-Петербург,Васильевский остров,район города,vasilevskiy-ostrov,8504949,,59.94091,30.25377,203058,Europe/Moscow
48,Москва,Северный,район города,severnyy,496348,,55.93583,37.54889,200000,Europe/Moscow
67,Саратовская область,Балаково,город,balakovo,579492,,52.02639,47.79671,199572,Europe/Saratov
38,Краснодарский край,Армавир,город,armavir,580922,,44.99849,41.11472,199548,Europe/Moscow
64,Сахалинская область,Южно-Сахалинск,город,yuzhno-sahalinsk,2119441,,46.9543,142.73559,198973,Asia/Sakhalin
67,Саратовская область,Энгельс,населённый пункт,engels,563464,,51.48389,46.10528,196011,Europe/Saratov
06,Архангельская область,Северодвинск,город,severodvinsk,496285,,64.55825,39.82971,194292,Europe/Moscow
13,Челябинская область,Златоуст,город,zlatoust,462444,,55.17182,59.65471,191366,Asia/Yekaterinburg
65,Самарская область,Сызрань,населённый пункт,syzran,484972,,53.1585,48.4681,189338,Europe/Samara
31,Республика Хакасия,Абакан,город,abakan,1512236,,53.7154,91.42593,184168,Asia/Krasnoyarsk
71,Свердловская область,Каменск-Уральский,город,kamensk-uralskiy,1504826,,56.40626,61.93347,182500,Asia/Yekaterinburg
92,Камчатский край,Петропавловск-Камчатский,город,petropavlovsk-kamchatskiy,2122104,,53.06393,158.62751,181216,Asia/Kamchatka
48,Москва,Ясенево,район города,yasenevo,468809,,55.60686,37.51991,180000,Europe/Moscow
47,Московская область,Подольск,населённый пункт,podolsk,508101,,55.42419,37.55472,179400,Europe/Moscow
48,Москва,Люблино,район города,lyublino,532535,,55.67738,37.76005,172000,Europe/Moscow
90,Пермский край,Березники,город,berezniki,577206,,59.4091,56.8204,167748,Asia/Yekaterinburg
61,Ростовская область,Волгодонск,город,volgodonsk,472761,,47.51141,42.15269,167731,Europe/Moscow
13,Челябинская область,Миасс,город,miass,1498894,,55.04552,60.10756,167500,Asia/Yekaterinburg
61,Ростовская область,Новочеркасск,город,novocherkassk,518970,,47.4222,40.09373,166974,Europe/Moscow
19,Республика Ингушетия,Назрань,город,nazran,523064,,43.22597,44.77323,164131,Europe/Moscow
04,Алтайский край,Рубцовск,населённый пункт,rubtsovsk,1493467,,51.51473,81.20613,161065,Asia/Barnaul
47,Московская область,Мытищи,город,mytischi,523812,,55.91099,37.72964,160542,Europe/Moscow
08,Республика Башкортостан,Салават,город,salavat,499292,,53.3828,55.91094,159893,Asia/Yekaterinburg
48,Москва,Бибирево,район города,bibirevo,576432,,55.88333,37.6,159000,Europe/Moscow
48,Москва,Хорошёво-Мнёвники,район города,horoshyovo-mnyovniki,549479,,55.78363,37.47137,159000,Europe/Moscow
48,Москва,Гольяново,район города,golyanovo,560465,,55.82299,37.81306,158000,Europe/Moscow
66,Санкт-Петербург,Адмиралтейский,район города,admiralteyskiy,8504953,,59.923,30.3,157897,Europe/Moscow
59,Приморский край,Уссурийск,город,ussuriysk,2014006,,43.80467,131.95734,157068,Asia/Vladivostok
47,Московская область,Люберцы,город,lyubertsy,532615,,55.67719,37.89322,154650,Europe/Moscow
83,Владимирская область,Ковров,город,kovrov,543460,,56.35752,41.31893,154224,Europe/Moscow
48,Москва,Строгино,район города,strogino,487150,,55.81838,37.41224,152000,Europe/Moscow
47,Московская область,Балашиха,город,balashiha,579464,,55.79479,37.94794,150103,Europe/Moscow
48,Москва,Жулебино,район города,zhulebino,462745,,55.7,37.85,150000,Europe/Moscow
47,Московская область,Коломна,город,kolomna,546230,,55.07108,38.78399,147690,Europe/Moscow
48,Москва,Кунцево,район города,kuntsevo,539110,,55.74216,37.40225,147497,Europe/Moscow
59,Приморский край,Находка,город,nahodka,2019528,,42.8436,132.91831,146920,Asia/Vladivostok
47,Московская область,Электросталь,город,elektrostal,563523,,55.78647,38.45713,144387,Europe/Moscow
48,Москва,Бирюлёво,район города,biryulyovo,576279,,55.58635,37.67781,144000,Europe/Moscow
48,Москва,Орехово-Борисово,район города,orehovo-borisovo,6418220,,55.61252,37.72639,144000,Europe/Moscow
48,Москва,Кузьминки,район города,kuzminki,537832,,55.7,37.8,143000,Europe/Moscow
48,Москва,Новые Кузьминки,район города,novye-kuzminki,517121,,55.7,37.75,143000,Europe/Moscow
70,Ставропольский край,Пятигорск,город,pyatigorsk,503550,,44.05,43.05036,142865,Europe/Moscow
48,Москва,Чертаново Второе,район города,chertanovo-vtoroe,6418146,,55.59072,37.59519,142000,Europe/Moscow
01,Республика Адыгея,Майкоп,город,maykop,528293,,44.60789,40.10242,141970,Europe/Moscow
47,Московская область,Железнодорожный,населённый пункт,zheleznodorozhnyy,463355,,55.744,38.01684,141648,Europe/Moscow
91,Красноярский край,Норильск,населённый пункт,norilsk,1497337,,69.3535,88.2027,140800,Asia/Krasnoyarsk
73,Республика Татарстан,Альметьевск,город,almetevsk,582432,,54.90395,52.31793,140437,Europe/Moscow
47,Московская область,Королёв,город,korolyov,554233,,55.91417,37.82556,139798,Europe/Moscow
66,Санкт-Петербург,Колпино,населённый пункт,kolpino,546105,,59.75069,30.58856,138979,Europe/Moscow
47,Московская область,Одинцово,город,odintsovo,516215,,55.66977,37.27716,137041,Europe/Moscow
70,Ставропольский край,Невинномысск,город,nevinnomyssk,522377,,44.6333,41.9444,134345,Europe/Moscow
71,Свердловская область,Первоуральск,населённый пункт,pervouralsk,510808,,56.90528,59.94361,133600,Asia/Yekaterinburg
70,Ставропольский край,Кисловодск,город,kislovodsk,548114,,43.91333,42.72083,132771,Europe/Moscow
81,Ульяновская область,Димитровград,населённый пункт,dimitrovgrad,566199,,54.21386,49.61838,132226,Europe/Ulyanovsk
76,Тульская область,Новомосковск,город,novomoskovsk,518557,,54.01098,38.29084,130982,Europe/Moscow
66,Санкт-Петербург,Петроградка,район города,petrogradka,8504948,,59.96567,30.31154,130455,Europe/Moscow
48,Москва,Раменки,район города,ramenki,502971,,55.7,37.5,130000,Europe/Moscow
48,Москва,Зябликово,район города,zyablikovo,461835,,55.61667,37.76667,129000,Europe/Moscow
84,Волгоградская область,Камышин,город,kamyshin,553287,,50.0885,45.41277,128626,Europe/Volgograd
16,Чувашская Республика,Новочебоксарск,населённый пункт,novocheboksarsk,518976,,56.11095,47.47755,128468,Europe/Moscow
47,Московская область,Серпухов,город,serpuhov,496527,,54.9198,37.41618,128158,Europe/Moscow
48,Москва,Ивановское,район города,ivanovskoe,555129,,55.76667,37.83333,128000,Europe/Moscow
48,Москва,Орехово-Борисово Северное,район города,orehovo-borisovo-severnoe,515027,,55.61667,37.68333,128000,Europe/Moscow
83,Владимирская область,Муром,город,murom,524294,,55.56853,42.02388,126931,Europe/Moscow
17,Республика Дагестан,Хасавюрт,город,hasavyurt,550478,,43.24872,46.58571,126829,Europe/Moscow
08,Республика Башкортостан,Нефтекамск,город,neftekamsk,522942,,56.08879,54.26383,126805,Asia/Yekaterinburg
48,Москва,Тёплый Стан,район города,tyoplyy-stan,483551,,55.62047,37.49338,125000,Europe/Moscow
48,Москва,Царицыно,район города,tsaritsyno,536164,,55.6254,37.65032,123000,Europe/Moscow
27,Карачаево-Черкесская Республика,Черкесск,город,cherkessk,569154,,44.22375,42.04624,122395,Europe/Moscow
48,Москва,Вешняки,район города,veshnyaki,473972,,55.72393,37.81952,122000,Europe/Moscow
48,Москва,Красная Пресня,район города,krasnaya-presnya,542634,,55.75894,37.55816,122000,Europe/Moscow
48,Москва,Зюзино,район города,zyuzino,461740,,55.65608,37.56846,121000,Europe/Moscow
47,Московская область,Орехово-Зуево,город,orehovo-zuevo,515024,,55.81242,38.99155,120000,Europe/Moscow
48,Москва,Солнцево,район города,solntsevo,490971,,55.63711,37.38115,120000,Europe/Moscow
48,Москва,Тропарёво,населённый пункт,troparyovo,481453,,55.65625,37.48496,118000,Europe/Moscow
91,Красноярский край,Ачинск,город,achinsk,1512165,,56.26792,90.50145,117634,Asia/Krasnoyarsk
79,Республика Тыва,Кызыл,город,kyzyl,1500973,,51.71108,94.43776,116983,Asia/Krasnoyarsk
48,Москва,Таганский,район города,taganskiy,484912,,55.73333,37.66667,116000,Europe/Moscow
47,Московская область,Ногинск,город,noginsk,520068,,55.86486,38.44853,115979,Europe/Moscow
43,Липецкая область,Елец,город,elets,467978,,52.61435,38.50935,115688,Europe/Moscow
48,Москва,Ново-Переделкино,населённый пункт,novo-peredelkino,511510,,55.64528,37.33583,115536,Europe/Moscow
48,Москва,Очаково-Матвеевское,район города,ochakovo-matveevskoe,516264,,55.68432,37.44654,114000,Europe/Moscow
78,Тюменская область,Тобольск,населённый пункт,tobolsk,1489530,,58.19807,68.25457,113800,Asia/Yekaterinburg
47,Московская область,Щёлково,населённый пункт,schyolkovo,495344,,55.92497,37.97218,113000,Europe/Moscow
32,Ханты-Мансийский автономный округ — Югра,Нефтеюганск,населённый пункт,nefteyugansk,1497917,,61.09979,72.60349,112632,Asia/Yekaterinburg
65,Самарская область,Новокуйбышевск,город,novokuybyshevsk,518659,,53.09709,49.94001,111800,Europe/Samara
87,Ямало-Ненецкий автономный округ,Ноябрьск,населённый пункт,noyabrsk,1496503,,63.19309,75.43728,110000,Asia/Yekaterinburg
61,Ростовская область,Батайск,населённый пункт,bataysk,578740,,47.13746,39.75713,109962,Europe/Moscow
75,Томская область,Северск,город,seversk,1538637,,56.60056,84.88639,109844,Asia/Tomsk
51,Нижегородская область,Арзамас,город,arzamas,580724,,55.39563,43.8381,109479,Europe/Moscow
47,Московская область,Сергиев Посад,город,sergiev-posad,496638,,56.31204,38.13869,109252,Europe/Moscow
29,Кемеровская область,Ленинск-Кузнецкий,населённый пункт,leninsk-kuznetskiy,1500665,,54.6567,86.1737,109023,Asia/Novokuznetsk
08,Республика Башкортостан,Октябрьский,населённый пункт,oktyabrskiy,515879,,54.48147,53.47103,108200,Asia/Yekaterinburg
25,Калужская область,Обнинск,город,obninsk,516436,,55.10993,36.61238,107392,Europe/Moscow
24,Республика Калмыкия,Элиста,город,elista,563514,,46.30794,44.25537,106971,Europe/Moscow
48,Москва,Черёмушки,город,cheryomushki,569273,,55.66473,37.56135,106587,Europe/Moscow
55,Оренбургская область,Новотроицк,город,novotroitsk,517836,,51.20099,58.31318,106186,Asia/Yekaterinburg
17,Республика Дагестан,Дербент,город,derbent,566532,,42.06622,48.28759,105965,Europe/Moscow
48,Москва,Измайлово,район города,izmaylovo,554787,,55.7966,37.78242,104000,Europe/Moscow
29,Кемеровская область,Киселёвск,город,kiselyovsk,1503277,,53.99,86.6621,104000,Asia/Novokuznetsk
42,Ленинградская область,Академическое,район города,akademicheskoe,8504958,,60.01375,30.39471,103304,Europe/Moscow
60,Псковская область,Великие Луки,город,velikie-luki,476077,,56.34063,30.54377,103149,Europe/Moscow
48,Москва,Богородское,район города,bogorodskoe,575505,,55.81396,37.72117,103000,Europe/Moscow
47,Московская область,Пушкино,город,pushkino,503977,,55.99456,37.82897,102816,Europe/Moscow
59,Приморский край,Артём,город,artyom,2027456,,43.35757,132.19137,102300,Asia/Vladivostok
34,Республика Коми,Ухта,город,uhta,479411,,63.56904,53.69141,102187,Europe/Moscow
48,Москва,Братеево,район города,brateevo,571741,,55.63755,37.76438,102000,Europe/Moscow
48,Москва,Щукино,район города,schukino,495136,,55.8,37.45,102000,Europe/Moscow
91,Красноярский край,Канск,город,kansk,1504682,,56.20218,95.71848,101502,Asia/Krasnoyarsk
32,Ханты-Мансийский автономный округ — Югра,Ханты-Мансийск,город,hanty-mansiysk,1503772,,61.00187,69.02728,101466,Asia/Yekaterinburg
29,Кемеровская область,Междуреченск,город,mezhdurechensk,1498920,,53.68993,88.06221,101026,Asia/Novokuznetsk
48,Москва,Новые Черёмушки,район города,novye-cheryomushki,517161,,55.7,37.58333,101000,Europe/Moscow
48,Москва,Рязанский,район города,ryazanskiy,508751,,55.73333,37.76667,101000,Europe/Moscow
90,Пермский край,Усолье Камское,город,usole-kamskoe,491023,,59.66686,56.74267,100812,Asia/Yekaterinburg
80,Удмуртская Республика,Глазов,город,glazov,561347,,58.14,52.65619,100676,Europe/Samara
20,Иркутская область,Усть-Илимск,населённый пункт,ust-ilimsk,2013952,,58.00056,102.66194,100271,Asia/Irkutsk
48,Москва,Текстильщики,район города,tekstilschiki,483826,,55.70033,37.74271,100000,Europe/Moscow
73,Республика Татарстан,Зеленодольск,населённый пункт,zelenodolsk,463835,,55.84376,48.51784,99600,Europe/Moscow
61,Ростовская область,Новошахтинск,населённый пункт,novoshahtinsk,517963,,47.76037,39.93335,99478,Europe/Moscow
80,Удмуртская Республика,Сарапул,населённый пункт,sarapul,498687,,56.47633,53.79782,98830,Europe/Samara
80,Удмуртская Республика,Воткинск,город,votkinsk,471430,,57.04867,53.9872,98633,Europe/Samara
71,Свердловская область,Надеждинск,город,nadezhdinsk,1492663,,59.59737,60.58608,98438,Asia/Yekaterinburg
67,Саратовская область,Балашов,город,balashov,579460,,51.55103,43.17069,98107,Europe/Saratov
41,Курская область,Железногорск,город,zheleznogorsk,463343,,52.34198,35.35917,97900,Europe/Moscow
47,Московская область,Жуковский,населённый пункт,zhukovskiy,462755,,55.59528,38.12028,97200,Europe/Moscow
47,Московская область,Раменское,город,ramenskoe,502965,,55.56341,38.24152,96000,Europe/Moscow
48,Москва,Восточное Дегунино,город,vostochnoe-degunino,8505053,,55.8801,37.55758,95000,Europe/Moscow
48,Москва,Новогиреево,район города,novogireevo,518879,,55.75455,37.81834,95000,Europe/Moscow
66,Санкт-Петербург,Озерки,район города,ozerki,513471,,60.03947,30.31128,95000,Europe/Moscow
87,Ямало-Ненецкий автономный округ,Новый Уренгой,населённый пункт,novyy-urengoy,1496511,,66.08333,76.63333,94212,Asia/Yekaterinburg
71,Свердловская область,Новоуральск,город,novouralsk,1538636,,57.25483,60.09052,93849,Asia/Yekaterinburg
91,Красноярский край,Красноярск-26,город,krasnoyarsk-26,1538635,,56.25109,93.53142,93834,Asia/Krasnoyarsk
72,Тамбовская область,Мичуринск,город,michurinsk,527191,,52.90761,40.4823,93499,Europe/Moscow
21,Ивановская область,Кинешма,город,kineshma,548605,,57.43665,42.12766,92983,Europe/Moscow
47,Московская область,Красногорск,город,krasnogorsk,542374,,55.81904,37.32984,92932,Europe/Moscow
66,Санкт-Петербург,Пушкин,населённый пункт,pushkin,504003,,59.71417,30.39642,92889,Europe/Moscow
44,Магаданская область,Магадан,город,magadan,2123628,,59.56274,150.80211,92782,Asia/Magadan
73,Республика Татарстан,Бугульма,населённый пункт,bugulma,571170,,54.5378,52.7985,91900,Europe/Moscow
48,Москва,Лефортово,район города,lefortovo,536398,,55.76667,37.7,91000,Europe/Moscow
48,Москва,Ярославский,район города,yaroslavskiy,530088,,55.88333,37.71667,91000,Europe/Moscow
57,Пензенская область,Кузнецк,населённый пункт,kuznetsk,537737,,53.11675,46.60037,90480,Europe/Moscow
33,Кировская область,Кирово-Чепецк,город,kirovo-chepetsk,548395,,58.55091,50.031,90252,Europe/Kirov
53,Новосибирская область,Бердск,город,berdsk,1510350,,54.75352,83.09624,90250,Asia/Novosibirsk
42,Ленинградская область,Гатчина,город,gatchina,561887,,59.57639,30.12833,89761,Europe/Moscow
48,Москва,Красный Строитель,район города,krasnyy-stroitel,541406,,55.58726,37.64579,89000,Europe/Moscow
51,Нижегородская область,Саров,город,sarov,498525,,54.94802,43.31521,88000,Europe/Moscow
38,Краснодарский край,Ейск,город,eysk,466885,,46.69263,38.27907,87814,Europe/Moscow
55,Оренбургская область,Бузулук,город,buzuluk,570427,,52.77825,52.25854,87714,Asia/Yekaterinburg
09,Белгородская область,Губкин,город,gubkin,558146,,51.28375,37.5351,87000,Europe/Moscow
90,Пермский край,Чайковский,город,chaykovskiy,569742,,56.76323,54.11256,86712,Asia/Yekaterinburg
48,Москва,Бабушкин,район города,babushkin,579870,,55.86931,37.72966,86000,Europe/Moscow
48,Москва,Лианозово,район города,lianozovo,535330,,55.89783,37.5868,86000,Europe/Moscow
20,Иркутская область,Усолье-Сибирское,населённый пункт,usole-sibirskoe,2014022,,52.75194,103.64528,85900,Asia/Irkutsk
55,Оренбургская область,Красная Глинка,населённый пункт,krasnaya-glinka,7496732,,53.7383,52.9392,85566,Asia/Yekaterinburg
42,Ленинградская область,Светлановское,район города,svetlanovskoe,8504964,,60.00276,30.33051,85508,Europe/Moscow
47,Московская область,Егорьевск,город,egorevsk,468250,,55.37952,39.04122,85200,Europe/Moscow
29,Кемеровская область,Юрга,населённый пункт,yurga,1485724,,55.72306,84.88611,84220,Asia/Novokuznetsk
66,Санкт-Петербург,Комендантский аэродром,район города,komendantskiy-aerodrom,535729,,60.00448,30.27523,84052,Europe/Moscow
29,Кемеровская область,Анжеро-Судженск,город,anzhero-sudzhensk,1511494,,56.07568,86.02434,82526,Asia/Novokuznetsk
13,Челябинская область,Троицк,город,troitsk,1489246,,54.09224,61.56756,82338,Asia/Yekaterinburg
61,Ростовская область,Азов,город,azov,580054,,47.1069,39.41486,82133,Europe/Moscow
17,Республика Дагестан,Каспийск,населённый пункт,kaspiysk,551847,,42.88165,47.63919,81752,Europe/Moscow
13,Челябинская область,Озёрск,населённый пункт,ozyorsk,1538634,,55.75556,60.70278,81023,Asia/Yekaterinburg
70,Ставропольский край,Ессентуки,город,essentuki,466990,,44.04826,42.85638,81015,Europe/Moscow
47,Московская область,Клин,город,klin,547523,,56.33169,36.7292,80778,Europe/Moscow
34,Республика Коми,Воркута,город,vorkuta,1486910,,67.50867,64.0667,80039,Europe/Moscow
48,Москва,Фили,район города,fili,562820,,55.74543,37.48837,80000,Europe/Moscow
38,Краснодарский край,Кропоткин,город,kropotkin,540761,,45.43722,40.5704,79599,Europe/Moscow
40,Курганская область,Шадринск,город,shadrinsk,1492517,,56.08616,63.63816,79479,Asia/Yekaterinburg
42,Ленинградская область,Выборг,город,vyborg,470546,,60.70763,28.75283,78633,Europe/Moscow
47,Московская область,Реутов,город,reutov,502018,,55.76273,37.86303,78370,Europe/Moscow
47,Московская область,Алексеевка,район города,alekseevka,582846,,55.63,37.8,78000,Europe/Moscow
47,Московская область,Воскресенск,город,voskresensk,471656,,55.313,38.691,77086,Europe/Moscow
70,Ставропольский край,Минеральные Воды,населённый пункт,mineralnye-vody,526480,,44.21028,43.13528,76280,Europe/Moscow
48,Москва,Нагорный,район города,nagornyy,472732,,55.65,37.61667,76000,Europe/Moscow
61,Ростовская область,Каменск-Шахтинский,город,kamensk-shahtinskiy,553399,,48.31779,40.25948,75814,Europe/Moscow
29,Кемеровская область,Белово,город,belovo,1510469,,54.42119,86.29907,75764,Asia/Novokuznetsk
47,Московская область,Чехов,город,chehov,569591,,55.14552,37.46193,75643,Europe/Moscow
71,Свердловская область,Асбест,город,asbest,1511330,,57.00816,61.46344,74583,Asia/Yekaterinburg
89,Еврейская автономная область,Биробиджан,город,birobidzhan,2026643,,48.793,132.92033,73623,Asia/Vladivostok
66,Санкт-Петербург,Петергоф,населённый пункт,petergof,510291,,59.88333,29.9,73199,Europe/Moscow
66,Санкт-Петербург,Дачное,район города,dachnoe,567311,,59.84167,30.25583,72822,Europe/Moscow
91,Красноярский край,Минусинск,город,minusinsk,1498693,,53.70117,91.70797,72781,Asia/Krasnoyarsk
70,Ставропольский край,Георгиевск,город,georgievsk,561627,,44.1494,43.47019,72649,Europe/Moscow
73,Республика Татарстан,Елабуга,город,elabuga,468082,,55.76232,52.04425,72643,Europe/Moscow
47,Московская область,Наро-Фоминск,город,naro-fominsk,523426,,55.38752,36.73307,72632,Europe/Moscow
42,Ленинградская область,Финляндский,район города,finlyandskiy,8504959,,59.96824,30.36415,72292,Europe/Moscow
19,Республика Ингушетия,Сунжа,город,sunzha,515083,,43.32059,45.04903,71841,Europe/Moscow
31,Республика Хакасия,Черногорск,город,chernogorsk,1508054,,53.82878,91.30953,71582,Asia/Krasnoyarsk
91,Красноярский край,Зеленогорск,город,zelenogorsk,1488253,,56.10921,94.58698,71354,Asia/Krasnoyarsk
66,Санкт-Петербург,Гражданка,район города,grazhdanka,559029,,60.017,30.417,71128,Europe/Moscow
13,Челябинская область,Копейск,город,kopeysk,1502603,,55.11686,61.61807,70780,Asia/Yekaterinburg
67,Саратовская область,Вольск,город,volsk,472278,,52.04172,47.38267,70500,Europe/Saratov
08,Республика Башкортостан,Белорецк,город,beloretsk,577881,,53.96206,58.39996,70468,Asia/Yekaterinburg
08,Республика Башкортостан,Ишимбай,город,ishimbay,555980,,53.44769,56.03873,70421,Asia/Yekaterinburg
38,Краснодарский край,Адлер,населённый пункт,adler,584243,,43.42896,39.92391,70200,Europe/Moscow
65,Самарская область,Чапаевск,населённый пункт,chapaevsk,569955,,52.9771,49.7086,70147,Europe/Samara
08,Республика Башкортостан,Туймазы,город,tuymazy,480089,,54.60638,53.71179,68829,Asia/Yekaterinburg
90,Пермский край,Лысьва,город,lysva,532675,,58.10737,57.81063,68660,Asia/Yekaterinburg
86,Воронежская область,Борисоглебск,город,borisoglebsk,572525,,51.36892,42.09804,68597,Europe/Moscow
42,Ленинградская область,Сосновый Бор,населённый пункт,sosnovyy-bor,490172,,59.8996,29.08574,68563,Europe/Moscow
47,Московская область,Долгопрудный,населённый пункт,dolgoprudnyy,565614,,55.94958,37.50183,68259,Europe/Moscow
48,Москва,Дорогомилово,район города,dorogomilovo,565197,,55.7418,37.54706,68000,Europe/Moscow
70,Ставропольский край,Будённовск,населённый пункт,budyonnovsk,571306,,44.78389,44.16583,67962,Europe/Moscow
05,Амурская область,Белогорск,город,belogorsk,2026895,,50.91239,128.51238,67911,Asia/Yakutsk
78,Тюменская область,Коркина Слобода,город,korkina-sloboda,1505453,,56.11254,69.48722,67762,Asia/Yekaterinburg
51,Нижегородская область,Кстово,город,kstovo,540103,,56.1475,44.19865,67242,Europe/Moscow
76,Тульская область,Алексин,город,aleksin,582750,,54.50484,37.06697,66885,Europe/Moscow
42,Ленинградская область,Парнас,район города,parnas,8504950,,60.06964,30.3487,66693,Europe/Moscow
90,Пермский край,Кунгур,город,kungur,539147,,57.41435,56.97157,66389,Asia/Yekaterinburg
10,Брянская область,Клинцы,город,klintsy,547475,,52.76033,32.23905,66336,Europe/Moscow
63,Республика Саха (Якутия),Нерюнгри,населённый пункт,neryungri,2019309,,56.65836,124.72499,66320,Asia/Yakutsk
73,Республика Татарстан,Лениногорск,город,leninogorsk,536162,,54.5971,52.45124,66263,Europe/Moscow
66,Санкт-Петербург,Сосновка,район города,sosnovka,461698,,60.01667,30.35,66227,Europe/Moscow
61,Ростовская область,Гуково,город,gukovo,558082,,48.05133,39.93048,66079,Europe/Moscow
91,Красноярский край,Лесосибирск,город,lesosibirsk,1500607,,58.23544,92.48351,65945,Asia/Krasnoyarsk
71,Свердловская область,Полевской,город,polevskoy,1494573,,56.44222,60.18778,65770,Asia/Yekaterinburg
08,Республика Башкортостан,Мелеуз,населённый пункт,meleuz,527717,,52.96467,55.93277,65362,Asia/Yekaterinburg
08,Республика Башкортостан,Кумертау,город,kumertau,539283,,52.76493,55.78785,65321,Asia/Yekaterinburg
38,Краснодарский край,Славянск-на-Кубани,город,slavyansk-na-kubani,492094,,45.25145,38.12129,65196,Europe/Moscow
38,Краснодарский край,Тихорецк,город,tihoretsk,483029,,45.85307,40.11874,64387,Europe/Moscow
86,Воронежская область,Россошь,населённый пункт,rossosh,501215,,51.1209,38.5116,64323,Europe/Moscow
38,Краснодарский край,Туапсе,город,tuapse,480716,,44.10083,39.08326,64234,Europe/Moscow
83,Владимирская область,Александров,город,aleksandrov,583350,,56.39733,38.71404,64088,Europe/Moscow
48,Москва,Котловка,район города,kotlovka,506043,,55.65928,37.60404,64000,Europe/Moscow
57,Пензенская область,Заречный,населённый пункт,zarechnyy,464625,,53.20356,45.19227,63579,Europe/Moscow
51,Нижегородская область,Павлово,город,pavlovo,827329,,55.9686,43.0912,63338,Europe/Moscow
03,Республика Алтай,Горно-Алтайск,город,gorno-altaysk,1506271,,51.96056,85.91892,63214,Asia/Barnaul
51,Нижегородская область,Балахна,населённый пункт,balahna,579514,,56.48989,43.60114,63083,Europe/Moscow
83,Владимирская область,Гусь-Хрустальный,город,gus-hrustalnyy,557775,,55.61171,40.65023,62746,Europe/Moscow
17,Республика Дагестан,Буйнакск,город,buynaksk,570479,,42.81802,47.12684,62689,Europe/Moscow
71,Свердловская область,Краснотурьинск,населённый пункт,krasnoturinsk,1502061,,59.7666,60.2086,62600,Asia/Yekaterinburg
08,Республика Башкортостан,Белебей,город,belebey,578120,,54.10774,54.11741,62582,Asia/Yekaterinburg
77,Тверская область,Ржев,город,rzhev,499717,,56.26289,34.3289,62246,Europe/Moscow
73,Республика Татарстан,Чистополь,город,chistopol,567990,,55.36612,50.64399,62200,Europe/Moscow
57,Пензенская область,Заречный,населённый пункт,zarechnyy,831165,,53.13333,46.58333,62139,Europe/Moscow
42,Ленинградская область,Тихвин,город,tihvin,483019,,59.63924,33.52555,62075,Europe/Moscow
86,Воронежская область,Россошь,город,rossosh,501231,,50.19645,39.56631,62000,Europe/Moscow
47,Московская область,г. Солнечногорск,город,g-solnechnogorsk,13631665,,56.18595,36.97561,62000,Europe/Moscow
66,Санкт-Петербург,Петродворец,населённый пункт,petrodvorets,510225,,59.89565,29.80145,61973,Europe/Moscow
38,Краснодарский край,Лабинск,город,labinsk,537281,,44.63604,40.7357,61945,Europe/Moscow
53,Новосибирская область,Искитим,город,iskitim,1505429,,54.64261,83.30353,61827,Asia/Novosibirsk
71,Свердловская область,Ревда,город,revda,502011,,56.80239,59.93774,61785,Asia/Yekaterinburg
47,Московская область,Лобня,город,lobnya,534595,,56.02714,37.46793,61772,Europe/Moscow
51,Нижегородская область,Выкса,город,vyksa,470444,,55.32058,42.17402,61664,Europe/Moscow
47,Московская область,Дмитров,населённый пункт,dmitrov,565955,,56.34485,37.52041,61607,Europe/Moscow
08,Республика Башкортостан,Сибай,город,sibay,493160,,52.71793,58.66667,61590,Asia/Yekaterinburg
49,Мурманская область,Апатиты,город,apatity,581357,,67.58267,33.41339,61186,Europe/Moscow
04,Алтайский край,Новоалтайск,город,novoaltaysk,1497173,,53.41426,83.94108,61050,Asia/Barnaul
05,Амурская область,Свободный,город,svobodnyy,2015833,,51.37498,128.1401,61017,Asia/Yakutsk
61,Ростовская область,Сальск,город,salsk,499161,,46.47494,41.54159,61000,Europe/Moscow
47,Московская область,Ступино,город,stupino,486968,,54.89735,38.06796,60999,Europe/Moscow
22,Кабардино-Балкарская Республика,Прохладный,город,prohladnyy,504935,,43.75741,44.0297,60800,Europe/Moscow
21,Ивановская область,Шуя,город,shuya,493231,,56.84864,41.3869,60705,Europe/Moscow
76,Тульская область,Щекино,город,schekino,495394,,54.00734,37.50647,60700,Europe/Moscow
51,Нижегородская область,Бор,город,bor,572665,,56.35944,44.07304,60647,Europe/Moscow
47,Московская область,Дубна,город,dubna,564719,,56.74049,37.18648,60604,Europe/Moscow
47,Московская область,Павловский Посад,населённый пункт,pavlovskiy-posad,512023,,55.78187,38.65025,60051,Europe/Moscow
48,Москва,Останкинский,район города,ostankinskiy,514284,,55.82957,37.61604,60000,Europe/Moscow
48,Москва,Свиблово,район города,sviblovo,485630,,55.85,37.63333,60000,Europe/Moscow
70,Ставропольский край,Михайловск,город,mihaylovsk,493702,,45.13097,42.02703,59198,Europe/Moscow
06,Архангельская область,Котлас,город,kotlas,543704,,61.25663,46.6537,59180,Europe/Moscow
71,Свердловская область,Верхняя Пышма,город,verhnyaya-pyshma,1487281,,56.97047,60.58219,59061,Asia/Yekaterinburg
91,Красноярский край,Талнах,населённый пункт,talnah,1490256,,69.4865,88.3972,59051,Asia/Krasnoyarsk
84,Волгоградская область,Михайловка,город,mihaylovka,527012,,50.06187,43.23335,58898,Europe/Volgograd
47,Московская область,Солнечногорск,город,solnechnogorsk,490996,,56.17527,36.97082,58891,Europe/Moscow
59,Приморский край,Арсеньев,город,arsenev,2027468,,44.15695,133.27331,58700,Asia/Vladivostok
76,Тульская область,Хрущëвская,город,hrusche-vskaya,477494,,53.9839,38.15984,58458,Europe/Moscow
45,Республика Марий Эл,Лопатино,город,lopatino,472234,,55.86661,48.35931,58000,Europe/Moscow
32,Ханты-Мансийский автономный округ — Югра,Когалым,населённый пункт,kogalym,6695754,,62.26537,74.47906,57800,Asia/Yekaterinburg
38,Краснодарский край,Крымск,город,krymsk,540251,,44.92625,37.99025,57555,Europe/Moscow
20,Иркутская область,Черемхово,город,cheremhovo,2025527,,53.14745,103.08192,57395,Asia/Irkutsk
65,Самарская область,Жигулёвск,город,zhigulyovsk,463082,,53.40332,49.51055,57094,Europe/Samara
48,Москва,Сокол,район города,sokol,491280,,55.8,37.51667,57000,Europe/Moscow
48,Москва,Сокольники,район города,sokolniki,491250,,55.80202,37.67159,57000,Europe/Moscow
69,Смоленская область,Рославль,город,roslavl,501283,,53.95387,32.86409,56971,Europe/Moscow
52,Новгородская область,Боровичи,город,borovichi,572154,,58.39418,33.91864,56571,Europe/Moscow
42,Ленинградская область,Черная речка,район города,chernaya-rechka,8504946,,59.98594,30.30338,56429,Europe/Moscow
42,Ленинградская область,Кириши,город,kirishi,548442,,59.47417,32.04007,56190,Europe/Moscow
34,Республика Коми,Эжва,населённый пункт,ezhva,563379,,61.81281,50.72834,56000,Europe/Moscow
86,Воронежская область,Георгиу-Деж,город,georgiu-dezh,534838,,50.9824,39.50403,55939,Europe/Moscow
69,Смоленская область,Вязьма,город,vyazma,470676,,55.20997,34.29695,55500,Europe/Moscow
91,Красноярский край,Назарово,город,nazarovo,1497951,,56.01138,90.41656,55252,Asia/Krasnoyarsk
47,Московская область,Климовск,населённый пункт,klimovsk,547560,,55.36352,37.52984,55206,Europe/Moscow
71,Свердловская область,Лесной,населённый пункт,lesnoy,6853140,,57.6198,63.0784,55100,Asia/Yekaterinburg
42,Ленинградская область,Рыбацкое,район города,rybatskoe,500019,,59.8393,30.49873,55076,Europe/Moscow
66,Санкт-Петербург,Урицк,район города,uritsk,478724,,59.83889,30.17528,55037,Europe/Moscow
29,Кемеровская область,Берёзовский,город,beryozovskiy,1510205,,55.66951,86.27485,55000,Asia/Novokuznetsk
48,Москва,Замоскворечье,район города,zamoskvoreche,465057,,55.73333,37.63333,55000,Europe/Moscow
48,Москва,Покровское-Стрешнёво,район города,pokrovskoe-streshnyovo,507338,,55.80797,37.45814,55000,Europe/Moscow
38,Краснодарский край,Белореченск,город,belorechensk,577893,,44.77002,39.87246,54526,Europe/Moscow
93,Забайкальский край,Краснокаменск,город,krasnokamensk,2021618,,50.09284,118.03224,54316,Asia/Chita
66,Санкт-Петербург,Купчино,район города,kupchino,539061,,59.859,30.388,54198,Europe/Moscow
48,Москва,Алтуфьевский,район города,altufevskiy,472072,,55.88333,37.58333,54000,Europe/Moscow
38,Краснодарский край,Тимашёвск,населённый пункт,timashyovsk,482965,,45.61694,38.94528,53940,Europe/Moscow
49,Мурманская область,Североморск,город,severomorsk,496278,,69.06936,33.40807,53921,Europe/Moscow
47,Московская область,Домодедово,город,domodedovo,565381,,55.44223,37.75372,53887,Europe/Moscow
77,Тверская область,Вышний Волочёк,город,vyshniy-volochyok,470252,,57.5888,34.56854,53800,Europe/Moscow
38,Краснодарский край,Анапа,город,anapa,582182,,44.89497,37.31623,53600,Europe/Moscow
55,Оренбургская область,Бугуруслан,город,buguruslan,571159,,53.6554,52.442,53511,Asia/Yekaterinburg
47,Московская область,Фрязево,населённый пункт,fryazevo,562321,,55.73321,38.46458,53212,Europe/Moscow
69,Смоленская область,Ярцево,город,yartsevo,468866,,55.06491,32.69693,52706,Europe/Moscow
90,Пермский край,Краснокамск,город,krasnokamsk,542327,,58.0787,55.75622,52689,Asia/Yekaterinburg
47,Московская область,Фрязино,город,fryazino,562319,,55.96131,38.04643,52255,Europe/Moscow
04,Алтайский край,Заринск,город,zarinsk,1485439,,53.70821,84.94307,52209,Asia/Barnaul
32,Ханты-Мансийский автономный округ — Югра,Нягань,населённый пункт,nyagan,1496476,,62.14056,65.39361,52137,Asia/Yekaterinburg
77,Тверская область,Кимры,город,kimry,548652,,56.87456,37.35957,52070,Europe/Moscow
48,Москва,Левобережный,район города,levoberezhnyy,583589,,55.86477,37.47342,52000,Europe/Moscow
47,Московская область,Видное,город,vidnoe,473778,,55.5523,37.70885,51721,Europe/Moscow
20,Иркутская область,Тулун,город,tulun,2014927,,54.56759,100.57659,51330,Asia/Irkutsk
47,Московская область,Ивантеевка,населённый пункт,ivanteevka,555111,,55.97111,37.92083,51085,Europe/Moscow
61,Ростовская область,Донецк,город,donetsk,565348,,48.33711,39.95229,50850,Europe/Moscow
38,Краснодарский край,Геленджик,город,gelendzhik,561667,,44.58014,38.06646,50715,Europe/Moscow
47,Московская область,Лыткарино,город,lytkarino,532657,,55.57653,37.91245,50619,Europe/Moscow
42,Ленинградская область,Кингисепп,город,kingisepp,548602,,59.37627,28.61409,50566,Europe/Moscow
17,Республика Дагестан,Кизляр,город,kizlyar,547840,,43.84686,46.70977,50564,Europe/Moscow
90,Пермский край,Чусовой,город,chusovoy,567434,,58.28915,57.81261,50205,Asia/Yekaterinburg
65,Самарская область,Отрадный,город,otradnyy,513883,,53.37596,51.3452,50127,Europe/Samara
13,Челябинская область,Снежинск,город,snezhinsk,1536289,,56.07834,60.74785,50086,Asia/Yekaterinburg
53,Новосибирская область,Академгородок,район города,akademgorodok,1512086,,54.8523,83.106,50000,Asia/Novosibirsk
48,Москва,Вагоноремонт,район города,vagonoremont,477377,,55.9,37.55,50000,Europe/Moscow
48,Москва,Ватутино,населённый пункт,vatutino,476368,,55.88441,37.69055,50000,Europe/Moscow
48,Москва,Кожухово,район города,kozhuhovo,543254,,55.70601,37.67563,50000,Europe/Moscow
48,Москва,Козеево,район города,kozeevo,543344,,55.86667,37.61667,50000,Europe/Moscow
48,Москва,Лихоборы,район города,lihobory,535270,,55.85,37.56667,50000,Europe/Moscow
48,Москва,Метрогородок,район города,metrogorodok,6418787,,55.80961,37.78739,50000,Europe/Moscow
48,Москва,Никольское,район города,nikolskoe,521500,,55.68333,37.48333,50000,Europe/Moscow
48,Москва,Нововладыкино,район города,novovladykino,473127,,55.85,37.58333,50000,Europe/Moscow
48,Москва,Новокузьминки,район города,novokuzminki,518657,,55.71667,37.78333,50000,Europe/Moscow
48,Москва,Новоховрино,населённый пункт,novohovrino,518740,,55.86667,37.5,50000,Europe/Moscow
47,Московская область,Семёновское,район города,semyonovskoe,497271,,55.68333,37.55,50000,Europe/Moscow
42,Ленинградская область,Юнтолово,район города,yuntolovo,8504947,,60.0122,30.20897,50000,Europe/Moscow
31,Республика Хакасия,Саяногорск,город,sayanogorsk,1492893,,53.09975,91.40736,49939,Asia/Krasnoyarsk
16,Чувашская Республика,Канаш,населённый пункт,kanash,553216,,55.50962,47.49127,49886,Europe/Moscow
49,Мурманская область,Мончегорск,населённый пункт,monchegorsk,525404,,67.93972,32.87389,49868,Europe/Moscow
13,Челябинская область,Сатка,город,satka,498418,,55.04103,59.04746,49384,Asia/Yekaterinburg
46,Республика Мордовия,Рузаевка,город,ruzaevka,500299,,54.06004,44.94899,49311,Europe/Moscow
87,Ямало-Ненецкий автономный округ,Салехард,город,salehard,1493197,,66.53373,66.60955,49214,Asia/Yekaterinburg
71,Свердловская область,Верхняя Салда,город,verhnyaya-salda,1487277,,58.045,60.551,48992,Asia/Yekaterinburg
29,Кемеровская область,Осинники,город,osinniki,1495974,,53.60357,87.33197,48919,Asia/Novokuznetsk
32,Ханты-Мансийский автономный округ — Югра,Мегион,город,megion,1499053,,61.03429,76.10683,48691,Asia/Yekaterinburg
77,Тверская область,Торжок,город,torzhok,481985,,57.0436,34.96221,48546,Europe/Moscow
53,Новосибирская область,Куйбышев,город,kuybyshev,1501141,,55.44783,78.31907,48308,Asia/Novosibirsk
66,Санкт-Петербург,Сосновая Поляна,район города,sosnovaya-polyana,490377,,59.83528,30.14667,48271,Europe/Moscow
42,Ленинградская область,Всеволожск,населённый пункт,vsevolozhsk,471101,,60.01512,30.67314,48224,Europe/Moscow
20,Иркутская область,Усть-Кут,город,ust-kut,2013923,,56.7979,105.78657,48202,Asia/Irkutsk
38,Краснодарский край,Курганинск,город,kurganinsk,538836,,44.88448,40.58893,47681,Europe/Moscow
32,Ханты-Мансийский автономный округ — Югра,Радужный,населённый пункт,raduzhnyy,1540356,,62.09611,77.475,47679,Asia/Yekaterinburg
56,Орловская область,Мценск,город,mtsensk,524640,,53.2788,36.58047,47609,Europe/Moscow
61,Ростовская область,Белая Калитва,город,belaya-kalitva,578155,,48.17927,40.7792,47521,Europe/Moscow
20,Иркутская область,Шелехов,город,shelehov,2016764,,52.21591,104.09934,47459,Asia/Irkutsk
43,Липецкая область,Грязи,город,gryazi,558312,,52.49535,39.94031,47413,Europe/Moscow
80,Удмуртская Республика,Можга,город,mozhga,524699,,56.44576,52.2156,47270,Europe/Samara
47,Московская область,Дзержинский,населённый пункт,dzerzhinskiy,8521440,,55.62737,37.85803,47163,Europe/Moscow
71,Свердловская область,Берёзовский,населённый пункт,beryozovskiy,1510203,,56.9083,60.8019,47000,Asia/Yekaterinburg
30,Хабаровский край,Амурск,город,amursk,2027749,,50.23221,136.89703,46993,Asia/Vladivostok
56,Орловская область,Ливны,город,livny,534701,,52.42431,37.59956,46779,Europe/Moscow
41,Курская область,Курчатов,город,kurchatov,538908,,51.65356,35.68651,46600,Europe/Moscow
13,Челябинская область,Чебаркуль,город,chebarkul,1508350,,54.97763,60.36582,46502,Asia/Yekaterinburg
87,Ямало-Ненецкий автономный округ,Надым,населённый пункт,nadym,1498087,,65.53333,72.51667,46339,Asia/Yekaterinburg
19,Республика Ингушетия,Старый Малгобек,населённый пункт,staryy-malgobek,874045,,43.54437,44.59592,46334,Europe/Moscow
34,Республика Коми,Печора,населённый пункт,pechora,511794,,65.14717,57.22439,46113,Europe/Moscow
69,Смоленская область,Сафоново,город,safonovo,499453,,55.11091,33.23728,46000,Europe/Moscow
72,Тамбовская область,Рассказово,город,rasskazovo,502793,,52.66384,41.88915,45957,Europe/Moscow
83,Владимирская область,Кольчугино,город,kolchugino,546521,,56.3045,39.37656,45912,Europe/Moscow
42,Ленинградская область,Волхов,город,volhov,472722,,59.92335,32.33966,45673,Europe/Moscow
66,Санкт-Петербург,Обухово,район города,obuhovo,873901,,59.84389,30.45111,45664,Europe/Moscow
76,Тульская область,Ефремов,город,efremov,468390,,53.13762,38.11856,45497,Europe/Moscow
38,Краснодарский край,Каневская,город,kanevskaya,553152,,46.09534,38.97691,45334,Europe/Moscow
59,Приморский край,Спасск-Дальний,город,spassk-dalniy,2016187,,44.60059,132.82042,45265,Asia/Vladivostok
09,Белгородская область,Шебекино,город,shebekino,495112,,50.41342,36.92537,45194,Europe/Moscow
23,Калининградская область,Черняховск,город,chernyahovsk,568595,,54.63345,21.81557,45187,Europe/Kaliningrad
75,Томская область,Стрежевой,город,strezhevoy,1490796,,60.7333,77.5889,44784,Asia/Tomsk
66,Санкт-Петербург,Автово,район города,avtovo,580222,,59.87167,30.26583,44667,Europe/Moscow
04,Алтайский край,Камень-на-Оби,город,kamen-na-obi,1504871,,53.78901,81.33201,44564,Asia/Barnaul
07,Астраханская область,Ахтубинск,город,ahtubinsk,583798,,48.28339,46.16519,44551,Europe/Astrakhan
66,Санкт-Петербург,Красное Село,район города,krasnoe-selo,542000,,59.73833,30.08944,44323,Europe/Moscow
61,Ростовская область,Красный Сулин,город,krasnyy-sulin,541404,,47.89246,40.07185,44133,Europe/Moscow
38,Краснодарский край,Усть-Лабинск,город,ust-labinsk,478044,,45.21439,39.6884,44088,Europe/Moscow
29,Кемеровская область,Мыски,город,myski,1498129,,53.71631,87.79652,44082,Asia/Novokuznetsk
34,Республика Коми,Усинск,город,usinsk,863061,,66.00866,57.53054,44078,Europe/Moscow
67,Саратовская область,Ртищево,город,rtischevo,500886,,52.25973,43.78678,44013,Europe/Saratov
71,Свердловская область,Алапаевск,населённый пункт,alapaevsk,1511954,,57.84998,61.69414,44000,Asia/Yekaterinburg
71,Свердловская область,Качканар,город,kachkanar,554599,,58.7002,59.4839,43983,Asia/Yekaterinburg
20,Иркутская область,Саянск,город,sayansk,2055166,,54.11287,102.17773,43949,Asia/Irkutsk
88,Ярославская область,Тутаев,город,tutaev,480122,,57.87292,39.52969,43828,Europe/Moscow
38,Краснодарский край,Пашковский,район города,pashkovskiy,512382,,45.02366,39.10436,43634,Europe/Moscow
42,Ленинградская область,Сертолово,населённый пункт,sertolovo,496519,,60.1444,30.20165,43622,Europe/Moscow
19,Республика Ингушетия,Малгобек,город,malgobek,531129,,43.51121,44.59051,43400,Europe/Moscow
72,Тамбовская область,Моршанск,город,morshansk,525138,,53.44325,41.81061,43311,Europe/Moscow
23,Калининградская область,Советск,город,sovetsk,490068,,55.08392,21.87851,43309,Europe/Kaliningrad
29,Кемеровская область,Мариинск,город,mariinsk,1499350,,56.20978,87.73165,43122,Asia/Novokuznetsk
71,Свердловская область,Красноуфимск,город,krasnoufimsk,542199,,56.61399,57.76897,43121,Asia/Yekaterinburg
66,Санкт-Петербург,Кронштадт,населённый пункт,kronshtadt,540771,,59.992,29.77616,43005,Europe/Moscow
51,Нижегородская область,Заволжье,населённый пункт,zavolzhe,464101,,56.64051,43.39446,42900,Europe/Moscow
06,Архангельская область,Новодвинск,город,novodvinsk,518909,,64.41638,40.81674,42900,Europe/Moscow
91,Красноярский край,Шарыпово,город,sharypovo,1492401,,55.54004,89.20062,42773,Asia/Krasnoyarsk
06,Архангельская область,Коряжма,город,koryazhma,544370,,61.31242,47.14829,42627,Europe/Moscow
10,Брянская область,Новозыбков,город,novozybkov,517269,,52.53711,31.93659,42571,Europe/Moscow
66,Санкт-Петербург,Ломоносов,населённый пункт,lomonosov,534341,,59.90612,29.77253,42505,Europe/Moscow
59,Приморский край,Партизанск,город,partizansk,2018116,,43.11992,133.12316,42489,Asia/Vladivostok
77,Тверская область,Конаково,город,konakovo,545673,,56.70153,36.77305,42239,Europe/Moscow
85,Вологодская область,Сокол,населённый пункт,sokol,491281,,59.46167,40.12056,42174,Europe/Moscow
16,Чувашская Республика,Алатырь,населённый пункт,alatyr,583437,,54.8421,46.5813,42156,Europe/Moscow
17,Республика Дагестан,Избербаш,населённый пункт,izberbash,554894,,42.56705,47.87546,42121,Europe/Moscow
73,Республика Татарстан,Заинск,населённый пункт,zainsk,465543,,55.3195,52.06942,42044,Europe/Moscow
59,Приморский край,Лесозаводск,город,lesozavodsk,2020812,,45.47171,133.39827,41778,Asia/Vladivostok
38,Краснодарский край,Кореновск,город,korenovsk,544896,,45.46723,39.44923,41665,Europe/Moscow
71,Свердловская область,Ирбит,город,irbit,1505526,,57.66863,63.07072,41647,Asia/Yekaterinburg
84,Волгоградская область,Урюпинск,город,uryupinsk,478544,,50.806,42.00923,41644,Europe/Volgograd
13,Челябинская область,Кыштым,город,kyshtym,1500997,,55.7163,60.551,41625,Asia/Yekaterinburg
55,Оренбургская область,Гай,город,gay,561731,,51.47274,58.45155,41619,Asia/Yekaterinburg
32,Ханты-Мансийский автономный округ — Югра,Пыть-Ях,населённый пункт,pyt-yah,6696686,,60.74985,72.85824,41500,Asia/Yekaterinburg
12,Чеченская Республика,Урус-Мартан,город,urus-martan,478581,,43.13053,45.53791,41480,Europe/Moscow
25,Калужская область,Людиново,город,lyudinovo,532459,,53.86639,34.44778,41392,Europe/Moscow
67,Саратовская область,Пугачёв,город,pugachyov,504250,,52.01664,48.79895,41375,Europe/Saratov
70,Ставропольский край,Зеленокумск,город,zelenokumsk,463824,,44.41044,43.88007,41306,Europe/Moscow
47,Московская область,Дзержинский,город,dzerzhinskiy,563705,,55.62868,37.8443,41146,Europe/Moscow
08,Республика Башкортостан,Бирск,город,birsk,576317,,55.42018,55.54212,41014,Asia/Yekaterinburg
84,Волгоградская область,Фролово,город,frolovo,562389,,49.7688,43.65417,40882,Europe/Volgograd
68,Республика Северная Осетия — Алания,Моздок,город,mozdok,524736,,43.73976,44.65157,40823,Europe/Moscow
92,Камчатский край,Елизово,город,elizovo,2119538,,53.18936,158.38282,40692,Asia/Kamchatka
38,Краснодарский край,Апшеронск,город,apsheronsk,581313,,44.4599,39.73005,40451,Europe/Moscow
59,Приморский край,Большой Камень,город,bolshoy-kamen,2026303,,43.1112,132.35021,40387,Asia/Vladivostok
63,Республика Саха (Якутия),Мирный,населённый пункт,mirnyy,2019951,,62.53528,113.96111,40308,Asia/Yakutsk
88,Ярославская область,Переславль-Залесский,город,pereslavl-zalesskiy,511359,,56.73912,38.85966,40283,Europe/Moscow
42,Ленинградская область,Тосно,город,tosno,481964,,59.54,30.8775,40198,Europe/Moscow
42,Ленинградская область,Луга,город,luga,533690,,58.73876,29.84756,40114,Europe/Moscow
47,Московская область,Кашира,город,kashira,551964,,54.84763,38.18214,40084,Europe/Moscow
13,Челябинская область,Коркино,город,korkino,1502536,,54.89151,61.39201,40046,Asia/Yekaterinburg
32,Ханты-Мансийский автономный округ — Югра,Лангепас,населённый пункт,langepas,6696767,,61.25439,75.2124,40000,Asia/Yekaterinburg
06,Архангельская область,Ягры,населённый пункт,yagry,469707,,64.59417,39.81028,40000,Europe/Moscow
66,Санкт-Петербург,Коломяги,район города,kolomyagi,546225,,60.02427,30.28491,39945,Europe/Moscow
32,Ханты-Мансийский автономный округ — Югра,Урай,город,uray,1488429,,60.13044,64.78896,39878,Asia/Yekaterinburg
09,Белгородская область,Алексе́евка,населённый пункт,alekse-evka,582956,,50.63092,38.6903,39848,Europe/Moscow
70,Ставропольский край,Светлоград,город,svetlograd,485698,,45.32736,42.8562,39727,Europe/Moscow
09,Белгородская область,Город Шебекино,город,gorod-shebekino,824988,,50.41667,36.91667,39680,Europe/Moscow
33,Кировская область,Вятские Поляны,город,vyatskie-polyany,470734,,56.22912,51.06098,39534,Europe/Kirov
71,Свердловская область,Тавда,город,tavda,1489962,,58.04203,65.27165,39480,Asia/Yekaterinburg
25,Калужская область,Киров,город,kirov,548410,,54.06889,34.29891,39319,Europe/Moscow
42,Ленинградская область,Сампсониевское,район города,sampsonievskoe,8504965,,59.98499,30.34295,39318,Europe/Moscow
83,Владимирская область,Вязники,город,vyazniki,470666,,56.24227,42.14911,39243,Europe/Moscow
13,Челябинская область,Южноуральск,город,yuzhnouralsk,1485634,,54.44845,61.26434,39200,Asia/Yekaterinburg
87,Ямало-Ненецкий автономный округ,Муравленко,населённый пункт,muravlenko,1540711,,63.78977,74.52301,39137,Asia/Yekaterinburg
21,Ивановская область,Вичуга,город,vichuga,473788,,57.2145,41.92555,39071,Europe/Moscow
70,Ставропольский край,Изобильный,город,izobilnyy,554770,,45.36653,41.7091,39022,Europe/Moscow
61,Ростовская область,Аксай,город,aksay,583673,,47.26331,39.869,38871,Europe/Moscow
20,Иркутская область,Нижнеудинск,город,nizhneudinsk,1497549,,54.90725,99.03396,38723,Asia/Irkutsk
38,Краснодарский край,Ленинградская,город,leningradskaya,536200,,46.32143,39.38551,38712,Europe/Moscow
61,Ростовская область,Миллерово,город,millerovo,526558,,48.92523,40.39982,38527,Europe/Moscow
49,Мурманская область,Кандалакша,населённый пункт,kandalaksha,553190,,67.15123,32.41284,38431,Europe/Moscow
59,Приморский край,Дальнегорск,населённый пункт,dalnegorsk,2051471,,44.55745,135.6209,38424,Asia/Vladivostok
21,Ивановская область,Фурманов,город,furmanov,562309,,57.25417,41.11122,38380,Europe/Moscow
32,Ханты-Мансийский автономный округ — Югра,Лянтор,населённый пункт,lyantor,1541359,,61.61945,72.15546,38200,Asia/Yekaterinburg
08,Республика Башкортостан,Учалы,населённый пункт,uchaly,479703,,54.35806,59.43611,37788,Asia/Yekaterinburg
20,Иркутская область,Тайшет,город,tayshet,1489870,,55.93276,97.98964,37766,Asia/Irkutsk
88,Ярославская область,Углич,город,uglich,479532,,57.52322,38.32258,37732,Europe/Moscow
51,Нижегородская область,Кулебаки,город,kulebaki,539555,,55.41333,42.5325,37622,Europe/Moscow
48,Москва,Троицк,населённый пункт,troitsk,481608,,55.48498,37.30736,37591,Europe/Moscow
22,Кабардино-Балкарская Республика,Баксан,город,baksan,579574,,43.68374,43.53507,37519,Europe/Moscow
71,Свердловская область,Реж,город,rezh,1493648,,57.37116,61.40398,37420,Asia/Yekaterinburg
86,Воронежская область,Нововоронеж,город,novovoronezh,517716,,51.31528,39.21872,37392,Europe/Moscow
05,Амурская область,Тында,город,tynda,2014718,,55.14941,124.73676,37335,Asia/Yakutsk
47,Московская область,Протвино,населённый пункт,protvino,504576,,54.86821,37.21583,37329,Europe/Moscow
66,Санкт-Петербург,Сестрорецк,населённый пункт,sestroretsk,496478,,60.09801,29.96378,37248,Europe/Moscow
48,Москва,Ростокино,район города,rostokino,501187,,55.83333,37.66667,37000,Europe/Moscow
51,Нижегородская область,Богородск,город,bogorodsk,575560,,56.10149,43.5101,36652,Europe/Moscow
57,Пензенская область,Сердобск,населённый пункт,serdobsk,496934,,52.45861,44.21689,36652,Europe/Moscow
38,Краснодарский край,Темрюк,город,temryuk,483661,,45.26885,37.39752,36546,Europe/Moscow
38,Краснодарский край,Новокубанск,город,novokubansk,518682,,45.11326,41.0365,36401,Europe/Moscow
71,Свердловская область,Сухой Лог,город,suhoy-log,1490686,,56.90832,62.03433,36329,Asia/Yekaterinburg
42,Ленинградская область,Сланцы,город,slantsy,492162,,59.1179,28.08826,36209,Europe/Moscow
21,Ивановская область,Тейково,город,teykovo,483137,,56.85853,40.54028,36015,Europe/Moscow
70,Ставропольский край,Благодарный,город,blagodarnyy,576172,,45.09778,43.43639,35995,Europe/Moscow
90,Пермский край,Чернушка,город,chernushka,568608,,56.50718,56.07707,35942,Asia/Yekaterinburg
78,Тюменская область,Ялуторовск,город,yalutorovsk,1486468,,56.65317,66.30048,35892,Asia/Yekaterinburg
09,Белгородская область,Валуйки,город,valuyki,477192,,50.19661,38.11674,35887,Europe/Moscow
68,Республика Северная Осетия — Алания,Беслан,город,beslan,576697,,43.19277,44.53274,35604,Europe/Moscow
62,Рязанская область,Касимов,город,kasimov,551891,,54.94377,41.40341,35355,Europe/Moscow
16,Чувашская Республика,Шумерля,населённый пункт,shumerlya,493463,,55.5005,46.41288,35220,Europe/Moscow
64,Сахалинская область,Корсаков,город,korsakov,2124286,,46.63406,142.78288,35091,Asia/Sakhalin
70,Ставропольский край,Горячеводский,населённый пункт,goryachevodskiy,559320,,44.02361,43.09222,35075,Europe/Moscow
66,Санкт-Петербург,Старая Деревня,район города,staraya-derevnya,489226,,59.98834,30.24296,35000,Europe/Moscow
38,Краснодарский край,Гулькевичи,населённый пункт,gulkevichi,558066,,45.35383,40.69465,34953,Europe/Moscow
73,Республика Татарстан,Азнакаево,город,aznakaevo,580062,,54.85821,53.08006,34750,Europe/Moscow
38,Краснодарский край,Абинск,город,abinsk,584441,,44.87058,38.15759,34668,Europe/Moscow
38,Краснодарский край,Динская,город,dinskaya,566181,,45.21672,39.2259,34573,Europe/Moscow
23,Калининградская область,Балтийск,населённый пункт,baltiysk,2609906,,54.65455,19.90929,34540,Europe/Kaliningrad
19,Республика Ингушетия,Карабулак,город,karabulak,552951,,43.30513,44.89949,34511,Europe/Moscow
13,Челябинская область,Трёхгорный,город,tryohgornyy,830844,,54.81716,58.44753,34500,Asia/Yekaterinburg
73,Республика Татарстан,Нурлат,город,nurlat,516716,,54.42903,50.80598,34451,Europe/Moscow
86,Воронежская область,Острогожск,город,ostrogozhsk,514198,,50.86586,39.07808,34403,Europe/Moscow
28,Республика Карелия,Кондопога,город,kondopoga,545626,,62.20406,34.26932,34360,Europe/Moscow
65,Самарская область,Кинель,город,kinel,548625,,53.22658,50.62614,34336,Europe/Samara
52,Новгородская область,Старая Русса,город,staraya-russa,489088,,57.99618,31.36003,34303,Europe/Moscow
08,Республика Башкортостан,Благовещенск,город,blagoveschensk,576116,,55.0352,55.97703,34238,Asia/Yekaterinburg
04,Алтайский край,Славгород,город,slavgorod,1491706,,52.99997,78.64733,34141,Asia/Barnaul
71,Свердловская область,Кушва,город,kushva,538340,,58.28731,59.74751,34058,Asia/Yekaterinburg
27,Карачаево-Черкесская Республика,Усть-Джегута,город,ust-dzheguta,478130,,44.0834,41.9763,34001,Europe/Moscow
71,Свердловская область,Артёмовский,город,artyomovskiy,1511368,,57.35422,61.87121,33700,Asia/Yekaterinburg
47,Московская область,Краснознаменск,город,krasnoznamensk,6417459,,55.59525,37.05235,33700,Europe/Moscow
67,Саратовская область,Петровск,город,petrovsk,509987,,52.30881,45.38992,33622,Europe/Saratov
71,Свердловская область,Петропавловский,город,petropavlovskiy,496275,,60.15328,59.95205,33500,Asia/Yekaterinburg
01,Республика Адыгея,Яблоновский,населённый пункт,yablonovskiy,469844,,44.98901,38.94324,33431,Europe/Moscow
17,Республика Дагестан,Кизилюрт,город,kizilyurt,547849,,43.20279,46.86594,33411,Europe/Moscow
47,Московская область,Истра,город,istra,555746,,55.91979,36.86876,33390,Europe/Moscow
22,Кабардино-Балкарская Республика,Нарткала,город,nartkala,523405,,43.5544,43.85499,33390,Europe/Moscow
28,Республика Карелия,Сегежа,город,segezha,497927,,63.74549,34.31614,33354,Europe/Moscow
20,Иркутская область,Зима,город,zima,2012484,,53.9202,102.0442,33323,Asia/Irkutsk
90,Пермский край,Добрянка,город,dobryanka,565778,,58.46484,56.41299,33291,Asia/Yekaterinburg
13,Челябинская область,Верхний Уфалей,город,verhniy-ufaley,1487394,,56.0549,60.22566,33245,Asia/Yekaterinburg
38,Краснодарский край,Приморско-Ахтарск,город,primorsko-ahtarsk,505259,,46.04847,38.17899,33102,Europe/Moscow
72,Тамбовская область,Котовск,город,kotovsk,543605,,52.59047,41.50251,33077,Europe/Moscow
57,Пензенская область,Каменка,населённый пункт,kamenka,553725,,53.18139,44.04944,33060,Europe/Moscow
13,Челябинская область,Аша,город,asha,580660,,54.99982,57.25491,33006,Asia/Yekaterinburg
67,Саратовская область,Маркс,город,marks,529073,,51.71018,46.74553,32929,Europe/Saratov
12,Чеченская Республика,Гудермес,город,gudermes,558118,,43.35082,46.10095,32769,Europe/Moscow
64,Сахалинская область,Холмск,город,holmsk,2124615,,47.04612,142.04938,32681,Asia/Sakhalin
25,Калужская область,Малоярославец,город,maloyaroslavets,530849,,55.01457,36.47185,32669,Europe/Moscow
85,Вологодская область,Великий Устюг,населённый пункт,velikiy-ustyug,476062,,60.76186,46.31352,32642,Europe/Moscow
47,Московская область,Юбилейный,населённый пункт,yubileynyy,536206,,55.93333,37.83333,32508,Europe/Moscow
69,Смоленская область,Десногорск,населённый пункт,desnogorsk,566384,,54.15077,33.28151,32451,Europe/Moscow
47,Московская область,Луховицы,населённый пункт,luhovitsy,533543,,54.97661,39.0444,32387,Europe/Moscow
77,Тверская область,Удомля,город,udomlya,452949,,57.87597,35.00702,32373,Europe/Moscow
33,Кировская область,Слободской,город,slobodskoy,491882,,58.73133,50.17119,32361,Europe/Kirov
47,Московская область,Дрожжино,населённый пункт,drozhzhino,819740,,55.52376,37.58948,32345,Europe/Moscow
71,Свердловская область,Богданович,город,bogdanovich,1509888,,56.77675,62.05072,32270,Asia/Yekaterinburg
34,Республика Коми,Инта,населённый пункт,inta,1505579,,66.03169,60.16594,32080,Europe/Moscow
76,Тульская область,Донской,город,donskoy,565290,,53.96796,38.33151,31968,Europe/Moscow
76,Тульская область,Большая Михайловка,город,bolshaya-mihaylovka,548658,,53.97312,38.53502,31947,Europe/Moscow
07,Астраханская область,Знаменск,населённый пункт,znamensk,831130,,48.5842,45.7338,31922,Europe/Astrakhan
67,Саратовская область,Приволжский,населённый пункт,privolzhskiy,505057,,51.40944,46.04833,31849,Europe/Saratov
51,Нижегородская область,Городец,город,gorodets,559678,,56.65497,43.47269,31788,Europe/Moscow
47,Московская область,Нахабино,населённый пункт,nahabino,523553,,55.84854,37.17789,31715,Europe/Moscow
91,Красноярский край,Сосновоборск,город,sosnovoborsk,1491291,,56.1218,93.33814,31632,Asia/Krasnoyarsk
90,Пермский край,Кудымкар,город,kudymkar,539817,,59.01516,54.65319,31596,Asia/Yekaterinburg
47,Московская область,Можайск,город,mozhaysk,524712,,55.50194,36.02722,31557,Europe/Moscow
53,Новосибирская область,Барабинск,город,barabinsk,1510916,,55.35072,78.35873,31508,Asia/Novosibirsk
38,Краснодарский край,Павловская,город,pavlovskaya,512051,,46.13903,39.7862,31133,Europe/Moscow
47,Московская область,Ликино-Дулево,населённый пункт,likino-dulevo,535243,,55.7083,38.9542,31100,Europe/Moscow
08,Республика Башкортостан,Дюртюли,город,dyurtyuli,563719,,55.4873,54.86176,31087,Asia/Yekaterinburg
88,Ярославская область,Ростов Великий,город,rostov-velikiy,501183,,57.19081,39.41307,31039,Europe/Moscow
32,Ханты-Мансийский автономный округ — Югра,Югорск,населённый пункт,yugorsk,1502725,,61.31226,63.33067,30878,Asia/Yekaterinburg
55,Оренбургская область,Сорочинск,город,sorochinsk,490554,,52.42882,53.15025,30731,Asia/Yekaterinburg
55,Оренбургская область,Медногорск,город,mednogorsk,528109,,51.40571,57.58751,30676,Asia/Yekaterinburg
29,Кемеровская область,Топки,город,topki,1489394,,55.27705,85.6135,30572,Asia/Novokuznetsk
83,Владимирская область,Киржач,город,kirzhach,548278,,56.15273,38.85509,30566,Europe/Moscow
38,Краснодарский край,Староминская,город,starominskaya,488742,,46.53094,39.05163,30461,Europe/Moscow
93,Забайкальский край,Борзя,город,borzya,2026126,,50.39138,116.53355,30421,Asia/Chita
76,Тульская область,Богородицк,город,bogoroditsk,575591,,53.77174,38.12305,30216,Europe/Moscow
25,Калужская область,Балабаново,населённый пункт,balabanovo,579529,,55.18161,36.6606,30194,Europe/Moscow
28,Республика Карелия,Костомукша,населённый пункт,kostomuksha,543899,,64.571,30.57667,30135,Europe/Moscow
71,Свердловская область,Богословский,город,bogoslovskiy,1504343,,59.76831,60.0062,30070,Asia/Yekaterinburg
47,Московская область,Шатура,город,shatura,495518,,55.57259,39.53417,30069,Europe/Moscow
91,Красноярский край,Дивногорск,город,divnogorsk,1507379,,55.957,92.378,30018,Asia/Krasnoyarsk
48,Москва,Аминьево,район города,aminevo,582266,,55.7,37.46667,30000,Europe/Moscow
48,Москва,Аннино,район города,annino,506117,,55.58333,37.6,30000,Europe/Moscow
48,Москва,Аннино,населённый пункт,annino,819552,,55.58264,37.26223,30000,Europe/Moscow
48,Москва,Воробьево,район города,vorobevo,472079,,55.71667,37.53333,30000,Europe/Moscow
47,Московская область,Востряково,район города,vostryakovo,471456,,55.66667,37.45,30000,Europe/Moscow
48,Москва,Давыдково,район города,davydkovo,566976,,55.71815,37.47271,30000,Europe/Moscow
48,Москва,Загорье,район города,zagore,6418201,,55.57657,37.66709,30000,Europe/Moscow
48,Москва,Коломенское,район города,kolomenskoe,546244,,55.66667,37.68333,30000,Europe/Moscow
42,Ленинградская область,Кудрово,населённый пункт,kudrovo,539839,,59.90349,30.51058,30000,Europe/Moscow
48,Москва,Курьяново,район города,kuryanovo,538472,,55.65581,37.70094,30000,Europe/Moscow
47,Московская область,Кусково,район города,kuskovo,538321,,55.73796,37.79542,30000,Europe/Moscow
38,Краснодарский край,Лазаревское,населённый пункт,lazarevskoe,536625,,43.90886,39.33137,30000,Europe/Moscow
47,Московская область,Ленинские горы,район города,leninskie-gory,536098,,55.7,37.56667,30000,Europe/Moscow
48,Москва,Леоново,район города,leonovo,535966,,55.85,37.65,30000,Europe/Moscow
48,Москва,Лужники,район города,luzhniki,533067,,55.71599,37.55376,30000,Europe/Moscow
48,Москва,Матвеевское,район города,matveevskoe,528454,,55.71112,37.47502,30000,Europe/Moscow
48,Москва,Михалково,район города,mihalkovo,527057,,55.68333,37.43333,30000,Europe/Moscow
48,Москва,Никулино,населённый пункт,nikulino,521416,,55.66943,37.46598,30000,Europe/Moscow
47,Московская область,Петровская,населённый пункт,petrovskaya,509981,,55.55,37.78333,30000,Europe/Moscow
38,Краснодарский край,Кущёвская,город,kuschyovskaya,538416,,46.5599,39.6321,29915,Europe/Moscow
62,Рязанская область,Сасово,город,sasovo,461699,,54.35369,41.91986,29858,Europe/Moscow
13,Челябинская область,Еманжелинск,населённый пункт,emanzhelinsk,1486039,,54.75472,61.32083,29849,Asia/Yekaterinburg
37,Костромская область,Шарья,город,sharya,495619,,58.36848,45.51622,29800,Europe/Moscow
30,Хабаровский край,Советская Гавань,город,sovetskaya-gavan,2121052,,48.97215,140.28881,29740,Asia/Vladivostok
49,Мурманская область,Кировск,населённый пункт,kirovsk,548391,,67.61475,33.67274,29605,Europe/Moscow
48,Москва,Капотня,район города,kapotnya,553034,,55.63806,37.79306,29594,Europe/Moscow
34,Республика Коми,Сосногорск,город,sosnogorsk,490391,,63.59669,53.89178,29343,Europe/Moscow
61,Ростовская область,Морозовск,город,morozovsk,525162,,48.35103,41.829,29289,Europe/Moscow
61,Ростовская область,Зерноград,город,zernograd,463637,,46.84862,40.31164,29268,Europe/Moscow
70,Ставропольский край,Ипатово,город,ipatovo,556230,,45.71801,42.90612,29073,Europe/Moscow
10,Брянская область,Унеча,город,unecha,479028,,52.84294,32.68761,29028,Europe/Moscow
38,Краснодарский край,Полтавская,город,poltavskaya,542461,,45.36551,38.21194,29009,Europe/Moscow
21,Ивановская область,Кохма,город,kohma,546672,,56.9321,41.0947,28984,Europe/Moscow
69,Смоленская область,Гагарин,город,gagarin,562237,,55.55329,34.99684,28879,Europe/Moscow
70,Ставропольский край,Иноземцево,населённый пункт,inozemtsevo,556320,,44.09264,43.09113,28779,Europe/Moscow
72,Тамбовская область,Уварово,город,uvarovo,477626,,51.982,42.26175,28771,Europe/Moscow
55,Оренбургская область,Кувандык,город,kuvandyk,538138,,51.48481,57.35788,28706,Asia/Yekaterinburg
23,Калининградская область,Гусев,город,gusev,557882,,54.59222,22.19972,28690,Europe/Kaliningrad
53,Новосибирская область,Карасук,город,karasuk,1504489,,53.73953,78.04387,28589,Asia/Novosibirsk
86,Воронежская область,Бутурлиновка,город,buturlinovka,570563,,50.82618,40.598,28581,Europe/Moscow
06,Архангельская область,Исакогорка,населённый пункт,isakogorka,6315399,,64.446,40.6531,28571,Europe/Moscow
13,Челябинская область,Карталы,город,kartaly,1504317,,53.05962,60.64125,28503,Asia/Yekaterinburg
70,Ставропольский край,Кочубеевское,населённый пункт,kochubeevskoe,841006,,44.64417,41.84528,28491,Europe/Moscow
20,Иркутская область,Железногорск-Илимский,город,zheleznogorsk-ilimskiy,2012557,,56.57665,104.12968,28456,Asia/Irkutsk
47,Московская область,Томилино,населённый пункт,tomilino,482260,,55.65619,37.94713,28310,Europe/Moscow
59,Приморский край,Дальнереченск,населённый пункт,dalnerechensk,2025159,,45.93149,133.73906,28300,Asia/Vladivostok
65,Самарская область,Похвистнево,населённый пункт,pohvistnevo,507624,,53.65237,52.12738,28300,Europe/Samara
77,Тверская область,Бежецк,город,bezhetsk,576566,,57.78422,36.70082,28114,Europe/Moscow
12,Чеченская Республика,Аргун,город,argun,581126,,43.29289,45.86691,28100,Europe/Moscow
32,Ханты-Мансийский автономный округ — Югра,Пойковский,населённый пункт,poykovskiy,1494276,,61.00136,71.89187,28080,Asia/Yekaterinburg
38,Краснодарский край,Горячий Ключ,город,goryachiy-klyuch,559317,,44.63394,39.13582,28078,Europe/Moscow
48,Москва,Щербинка,населённый пункт,scherbinka,495260,,55.498,37.5579,28065,Europe/Moscow
29,Кемеровская область,Полысаево,город,polysaevo,1494456,,54.60343,86.27577,28026,Asia/Novokuznetsk
04,Алтайский край,Алейск,город,aleysk,1511783,,52.49631,82.77466,28019,Asia/Barnaul
70,Ставропольский край,Александровское,город,aleksandrovskoe,582993,,44.71417,43.00083,28006,Europe/Moscow
71,Свердловская область,Камышлов,город,kamyshlov,1504769,,56.84659,62.71211,28006,Asia/Yekaterinburg
06,Архангельская область,Мирный,город,mirnyy,831129,,62.76437,40.33855,28000,Europe/Moscow
08,Республика Башкортостан,Янаул,город,yanaul,469178,,56.27233,54.92964,27963,Asia/Yekaterinburg
75,Томская область,Колпашево,город,kolpashevo,1502862,,58.32007,82.90295,27876,Asia/Tomsk
17,Республика Дагестан,Дагестанские Огни,населённый пункт,dagestanskie-ogni,567290,,42.11585,48.19192,27835,Europe/Moscow
71,Свердловская область,Заречный,город,zarechnyy,1485445,,56.811,61.3254,27758,Asia/Yekaterinburg
70,Ставропольский край,Нефтекумск,населённый пункт,neftekumsk,797781,,44.75583,44.9925,27716,Europe/Moscow
21,Ивановская область,Родники,город,rodniki,501730,,57.10501,41.73565,27681,Europe/Moscow
70,Ставропольский край,Новоалександровск,город,novoaleksandrovsk,519106,,45.49745,41.2253,27610,Europe/Moscow
33,Кировская область,Котельнич,город,kotelnich,543737,,58.30348,48.33745,27600,Europe/Kirov
67,Саратовская область,Аткарск,город,atkarsk,580420,,51.88056,45.00609,27554,Europe/Saratov
84,Волгоградская область,Калач-на-Дону,город,kalach-na-donu,554397,,48.69099,43.52638,27522,Europe/Volgograd
55,Оренбургская область,Соль-Илецк,город,sol-iletsk,491019,,51.16239,54.99157,27419,Asia/Yekaterinburg
91,Красноярский край,Кайеркан,населённый пункт,kayerkan,1504139,,69.37861,87.74389,27295,Asia/Krasnoyarsk
71,Свердловская область,Красноуральск,город,krasnouralsk,1502060,,58.3638,60.0407,27257,Asia/Yekaterinburg
30,Хабаровский край,Николаевск-на-Амуре,населённый пункт,nikolaevsk-na-amure,2122850,,53.14657,140.72287,27152,Asia/Vladivostok
75,Томская область,Асино,город,asino,1511309,,56.99918,86.15518,27070,Asia/Tomsk
87,Ямало-Ненецкий автономный округ,Лабытнанги,населённый пункт,labytnangi,1500933,,66.65722,66.41833,27067,Asia/Yekaterinburg
47,Московская область,Дедовск,населённый пункт,dedovsk,566854,,55.86861,37.12222,27001,Europe/Moscow
47,Московская область,Заря,район города,zarya,7117880,,55.75533,38.09578,27000,Europe/Moscow
05,Амурская область,Зея,город,zeya,2012593,,53.73586,127.25598,26999,Asia/Yakutsk
54,Омская область,Тара,город,tara,1490140,,56.89603,74.36938,26986,Asia/Omsk
84,Волгоградская область,Котово,город,kotovo,543633,,50.31567,44.81002,26981,Europe/Volgograd
90,Пермский край,Губаха,населённый пункт,gubaha,558209,,58.83862,57.55325,26605,Asia/Yekaterinburg
86,Воронежская область,Павловск,город,pavlovsk,512053,,50.45434,40.12371,26565,Europe/Moscow
64,Сахалинская область,Оха,город,oha,2122614,,53.59485,142.9528,26560,Asia/Sakhalin
37,Костромская область,Буй,город,buy,570508,,58.47959,41.53587,26486,Europe/Moscow
66,Санкт-Петербург,Металлострой,населённый пункт,metallostroy,527361,,59.80083,30.54778,26361,Europe/Moscow
65,Самарская область,Октябрьск,город,oktyabrsk,515938,,53.16675,48.69723,26306,Europe/Samara
86,Воронежская область,Семилуки,населённый пункт,semiluki,497206,,51.6821,39.0302,26257,Europe/Moscow
47,Московская область,Кубинка,населённый пункт,kubinka,540030,,55.57957,36.70392,25942,Europe/Moscow
29,Кемеровская область,Калтан,город,kaltan,1504972,,53.5278,87.27578,25903,Asia/Novokuznetsk
71,Свердловская область,Невьянск,город,nevyansk,1497795,,57.49233,60.21415,25900,Asia/Yekaterinburg
47,Московская область,Озёры,населённый пункт,ozyory,513378,,54.85998,38.55062,25900,Europe/Moscow
67,Саратовская область,Красноармейск,город,krasnoarmeysk,542464,,51.02349,45.69665,25841,Europe/Saratov
59,Приморский край,Тихоокеанский,город,tihookeanskiy,2015310,,42.97096,132.41035,25827,Asia/Vladivostok
11,Республика Бурятия,Северобайкальск,город,severobaykalsk,2016910,,55.63826,109.32709,25800,Asia/Irkutsk
47,Московская область,Красноармейск,населённый пункт,krasnoarmeysk,542463,,56.1,38.13333,25688,Europe/Moscow
78,Тюменская область,Деревня Уковская,город,derevnya-ukovskaya,1485357,,56.50328,66.54672,25682,Asia/Yekaterinburg
19,Республика Ингушетия,Экажево,населённый пункт,ekazhevo,563551,,43.21222,44.82306,25549,Europe/Moscow
76,Тульская область,Киреевск,город,kireevsk,548506,,53.9297,37.92148,25513,Europe/Moscow
33,Кировская область,Омутнинск,город,omutninsk,515267,,58.67015,52.19313,25364,Europe/Kirov
37,Костромская область,Нерехта,город,nerehta,522594,,57.45795,40.57169,25352,Europe/Moscow
77,Тверская область,Нелидово,город,nelidovo,522775,,56.22761,32.77474,25349,Europe/Moscow
47,Московская область,Калининец,населённый пункт,kalininets,466171,,55.55741,36.97176,25324,Europe/Moscow
92,Камчатский край,Вилючинск,город,vilyuchinsk,2118647,,52.93196,158.40585,25204,Asia/Kamchatka
38,Краснодарский край,Мостовской,город,mostovskoy,524809,,44.4115,40.79281,25188,Europe/Moscow
53,Новосибирская область,Татарск,город,tatarsk,1490003,,55.2213,75.98154,25150,Asia/Novosibirsk
77,Тверская область,Бологое,город,bologoe,575349,,57.88587,34.05324,25142,Europe/Moscow
13,Челябинская область,Усть-Катав,город,ust-katav,478071,,54.9366,58.1757,25046,Asia/Yekaterinburg
47,Московская область,Волоколамск,город,volokolamsk,472433,,56.03361,35.96944,25000,Europe/Moscow
29,Кемеровская область,Гурьевск,город,gurevsk,1506073,,54.28409,85.94806,25000,Asia/Novokuznetsk
10,Брянская область,Дятьково,город,dyatkovo,563822,,53.59782,34.33825,25000,Europe/Moscow
12,Чеченская Республика,Шали,город,shali,495957,,43.14806,45.90194,25000,Europe/Moscow
61,Ростовская область,Зверево,город,zverevo,461910,,48.02708,40.12305,24978,Europe/Moscow
42,Ленинградская область,Кировск,город,kirovsk,548392,,59.88002,30.99549,24678,Europe/Moscow
47,Московская область,Зарайск,город,zaraysk,464687,,54.76327,38.88076,24637,Europe/Moscow
70,Ставропольский край,Железноводск,город,zheleznovodsk,463340,,44.14318,43.00475,24632,Europe/Moscow
60,Псковская область,Остров,город,ostrov,514171,,57.3438,28.35363,24500,Europe/Moscow
38,Краснодарский край,Тбилисская,город,tbilisskaya,483883,,45.36452,40.19679,24446,Europe/Moscow
63,Республика Саха (Якутия),Алдан,город,aldan,2027968,,58.61232,125.40002,24426,Asia/Yakutsk
70,Ставропольский край,Новопавловск,город,novopavlovsk,518383,,43.95942,43.63156,24408,Europe/Moscow
62,Рязанская область,Скопин,город,skopin,492376,,53.82499,39.5531,24357,Europe/Moscow
29,Кемеровская область,Тайга,город,tayga,1489907,,56.06541,85.62179,24328,Asia/Novokuznetsk
57,Пензенская область,Никольск,населённый пункт,nikolsk,521776,,53.71886,46.07118,24300,Europe/Moscow
51,Нижегородская область,Семёнов,город,semyonov,497450,,56.78758,44.49619,24300,Europe/Moscow
53,Новосибирская область,Обь,город,ob,1496421,,54.98877,82.71337,24238,Asia/Novosibirsk
11,Республика Бурятия,Гусиноозёрск,населённый пункт,gusinoozyorsk,2023782,,51.28333,106.5,24083,Asia/Irkutsk
54,Омская область,Калачинск,город,kalachinsk,1505074,,55.0522,74.5787,24059,Asia/Omsk
08,Республика Башкортостан,Давлеканово,город,davlekanovo,567006,,54.21761,55.03064,23952,Asia/Yekaterinburg
57,Пензенская область,Нижний Ломов,населённый пункт,nizhniy-lomov,520574,,53.53041,43.67663,23835,Europe/Moscow
71,Свердловская область,Свердловск-45,город,sverdlovsk-45,829005,,58.63944,59.7896,23834,Asia/Yekaterinburg
05,Амурская область,Райчихинск,город,raychihinsk,2017487,,49.79573,129.40346,23745,Asia/Yakutsk
19,Республика Ингушетия,Троицкая,населённый пункт,troitskaya,481605,,43.30664,44.98395,23745,Europe/Moscow
65,Самарская область,Безенчук,город,bezenchuk,576590,,52.98058,49.43196,23736,Europe/Samara
63,Республика Саха (Якутия),Ленск,город,lensk,2020838,,60.72383,114.93447,23694,Asia/Yakutsk
32,Ханты-Мансийский автономный округ — Югра,Советский,город,sovetskiy,1491230,,61.36139,63.58417,23685,Asia/Yekaterinburg
67,Саратовская область,Ершов,город,ershov,467120,,51.35595,48.27269,23681,Europe/Saratov
49,Мурманская область,Оленегорск,населённый пункт,olenegorsk,515698,,68.1432,33.25287,23670,Europe/Moscow
91,Красноярский край,Боготол,город,bogotol,1509852,,56.20449,89.53317,23622,Asia/Krasnoyarsk
91,Красноярский край,Дудинка,населённый пункт,dudinka,1507116,,69.40583,86.17778,23619,Asia/Krasnoyarsk
61,Ростовская область,Семикаракорск,город,semikarakorsk,497218,,47.51683,40.80831,23583,Europe/Moscow
51,Нижегородская область,Лысково,город,lyskovo,532715,,56.02927,45.04233,23570,Europe/Moscow
41,Курская область,Льгов,населённый пункт,lgov,535334,,51.63069,35.2775,23500,Europe/Moscow
47,Московская область,Кабаново,населённый пункт,kabanovo,554679,,55.74815,38.93511,23414,Europe/Moscow
32,Ханты-Мансийский автономный округ — Югра,Федоровский,населённый пункт,fedorovskiy,11886891,,61.6063,73.71415,23375,Asia/Yekaterinburg
70,Ставропольский край,Лермонтов,город,lermontov,535886,,44.1072,42.97798,23369,Europe/Moscow
90,Пермский край,Оса,город,osa,514706,,57.2836,55.45885,23292,Asia/Yekaterinburg
06,Архангельская область,Вельск,город,velsk,475938,,61.06919,42.0992,23126,Europe/Moscow
38,Краснодарский край,Отрадная,город,otradnaya,513911,,44.39318,41.51929,22985,Europe/Moscow
73,Республика Татарстан,Бавлы,город,bavly,578638,,54.39759,53.25116,22982,Europe/Moscow
38,Краснодарский край,Ильский,населённый пункт,ilskiy,556951,,44.84222,38.56686,22970,Europe/Moscow
43,Липецкая область,Лебедянь,город,lebedyan,536518,,53.01532,39.14458,22970,Europe/Moscow
73,Республика Татарстан,Менделеевск,город,mendeleevsk,527579,,55.89692,52.31119,22969,Europe/Moscow
43,Липецкая область,Данков,город,dankov,567109,,53.24976,39.14409,22913,Europe/Moscow
38,Краснодарский край,Северская,город,severskaya,496267,,44.85393,38.67924,22849,Europe/Moscow
29,Кемеровская область,Таштагол,город,tashtagol,1490042,,52.76797,87.88803,22779,Asia/Novokuznetsk
45,Республика Марий Эл,Козьмодемьянск,город,kozmodemyansk,543018,,56.33209,46.5606,22700,Europe/Moscow
06,Архангельская область,Онега,населённый пункт,onega,515246,,63.9057,38.09944,22693,Europe/Moscow
71,Свердловская область,Кировград,город,kirovgrad,1503335,,57.43134,60.06172,22685,Asia/Yekaterinburg
38,Краснодарский край,Новотитаровская,населённый пункт,novotitarovskaya,517842,,45.23756,38.98059,22630,Europe/Moscow
71,Свердловская область,Нижняя Тура,город,nizhnyaya-tura,520204,,58.62369,59.8523,22600,Asia/Yekaterinburg
45,Республика Марий Эл,Медведево,город,medvedevo,528056,,56.63402,47.8035,22555,Europe/Moscow
66,Санкт-Петербург,Горелово,район города,gorelovo,560142,,59.77234,30.13455,22503,Europe/Moscow
20,Иркутская область,Вихоревка,населённый пункт,vihorevka,2013399,,56.12128,101.17767,22500,Asia/Irkutsk
90,Пермский край,Верещагино,город,vereschagino,475777,,58.07815,54.65648,22451,Asia/Yekaterinburg
51,Нижегородская область,Шахунья,город,shahunya,496012,,57.67603,46.61171,22400,Europe/Moscow
51,Нижегородская область,Сергач,город,sergach,496802,,55.52771,45.45679,22361,Europe/Moscow
38,Краснодарский край,Брюховецкая,город,bryuhovetskaya,571420,,45.79962,38.9967,22309,Europe/Moscow
06,Архангельская область,Няндома,город,nyandoma,516647,,61.6718,40.21221,22179,Europe/Moscow
86,Воронежская область,Новая Усмань,город,novaya-usman,519447,,51.64355,39.41138,22165,Europe/Moscow
42,Ленинградская область,Лодейное Поле,город,lodeynoe-pole,534560,,60.72564,33.56063,22164,Europe/Moscow
23,Калининградская область,Светлый,населённый пункт,svetlyy,485660,,54.67501,20.13473,22119,Europe/Kaliningrad
47,Московская область,Лосино-Петровский,город,losino-petrovskiy,534015,,55.87006,38.19318,22116,Europe/Moscow
47,Московская область,Старая Купавна,населённый пункт,staraya-kupavna,489162,,55.80799,38.1805,22099,Europe/Moscow
42,Ленинградская область,Пикалёво,населённый пункт,pikalyovo,509598,,59.51833,34.16639,22072,Europe/Moscow
62,Рязанская область,Ряжск,город,ryazhsk,500047,,53.70588,40.08045,22041,Europe/Moscow
80,Удмуртская Республика,Игра,город,igra,557469,,57.5549,53.0544,22033,Europe/Samara
08,Республика Башкортостан,Чишмы,город,chishmy,568012,,54.59015,55.38201,22000,Asia/Yekaterinburg
47,Московская область,Рошаль,населённый пункт,roshal,501320,,55.66853,39.87488,21951,Europe/Moscow
71,Свердловская область,Сысерть,город,sysert,1490402,,56.50171,60.81978,21942,Asia/Yekaterinburg
53,Новосибирская область,Тогучин,город,toguchin,1489508,,55.238,84.40282,21886,Asia/Novosibirsk
59,Приморский край,Лучегорск,город,luchegorsk,2020689,,46.4446,134.29342,21833,Asia/Vladivostok
53,Новосибирская область,Линёво,населённый пункт,linyovo,1500532,,54.4589,83.3764,21816,Asia/Novosibirsk
90,Пермский край,Кизел,населённый пункт,kizel,547875,,59.04709,57.64767,21807,Asia/Yekaterinburg
13,Челябинская область,Бакал,населённый пункт,bakal,579738,,54.9417,58.8083,21762,Asia/Yekaterinburg
38,Краснодарский край,Хадыженск,населённый пункт,hadyzhensk,550846,,44.4258,39.5362,21685,Europe/Moscow
05,Амурская область,Шимановск,город,shimanovsk,2016701,,52.00318,127.67622,21466,Asia/Yakutsk
46,Республика Мордовия,Ковылкино,город,kovylkino,543436,,54.0372,43.91871,21400,Europe/Moscow
42,Ленинградская область,Отрадное,населённый пункт,otradnoe,513898,,59.7775,30.81806,21397,Europe/Moscow
85,Вологодская область,Шексна,населённый пункт,sheksna,495062,,59.20998,38.51066,21197,Europe/Moscow
55,Оренбургская область,Абдулино,город,abdulino,584471,,53.68581,53.65547,21195,Asia/Yekaterinburg
04,Алтайский край,Яровое,город,yarovoe,1486340,,52.92656,78.57508,21195,Asia/Barnaul
22,Кабардино-Балкарская Республика,Терек,город,terek,483495,,43.48329,44.13781,21180,Europe/Moscow
27,Карачаево-Черкесская Республика,Зеленчукская,город,zelenchukskaya,463885,,43.85495,41.59019,21117,Europe/Moscow
76,Тульская область,Суворовский,город,suvorovskiy,485888,,54.1223,36.49657,21059,Europe/Moscow
09,Белгородская область,Новый Оскол,населённый пункт,novyy-oskol,516931,,50.76331,37.86415,21035,Europe/Moscow
22,Кабардино-Балкарская Республика,Дугулубгей,населённый пункт,dugulubgey,537345,,43.6625,43.53694,20965,Europe/Moscow
91,Красноярский край,Берёзовка,город,beryozovka,1510255,,56.03715,93.12684,20913,Asia/Krasnoyarsk
12,Чеченская Республика,Курчалой,город,kurchaloy,538913,,43.20487,46.08784,20903,Europe/Moscow
47,Московская область,Хотьково,населённый пункт,hotkovo,549373,,56.25699,37.99544,20872,Europe/Moscow
08,Республика Башкортостан,Приютово,населённый пункт,priyutovo,505014,,53.9,53.93333,20847,Asia/Yekaterinburg
62,Рязанская область,Новомичуринск,населённый пункт,novomichurinsk,518602,,54.0384,39.7479,20821,Europe/Moscow
28,Республика Карелия,Сортавала,населённый пункт,sortavala,490466,,61.71233,30.70953,20760,Europe/Moscow
47,Московская область,Электрогорск,населённый пункт,elektrogorsk,563524,,55.88431,38.7864,20724,Europe/Moscow
84,Волгоградская область,Суровикино,город,surovikino,486071,,48.60974,42.8569,20677,Europe/Volgograd
86,Воронежская область,Бобров,город,bobrov,575948,,51.09843,40.03008,20587,Europe/Moscow
90,Пермский край,Нытва,город,nytva,516576,,57.93771,55.34136,20525,Asia/Yekaterinburg
47,Московская область,Черноголовка,город,chernogolovka,568808,,56.00121,38.36492,20483,Europe/Moscow
87,Ямало-Ненецкий автономный округ,Губкинский,населённый пункт,gubkinskiy,1539209,,64.434,76.50261,20463,Asia/Yekaterinburg
83,Владимирская область,Собинка,город,sobinka,491480,,55.99003,40.02052,20458,Europe/Moscow
86,Воронежская область,Калач,город,kalach,554410,,50.425,41.01595,20449,Europe/Moscow
73,Республика Татарстан,Буинск,город,buinsk,571155,,54.97422,48.29088,20266,Europe/Moscow
27,Карачаево-Черкесская Республика,Карачаевск,город,karachaevsk,552924,,43.77233,41.91366,20264,Europe/Moscow
71,Свердловская область,Среднеуральск,населённый пункт,sredneuralsk,1491159,,56.98921,60.46662,20169,Asia/Yekaterinburg
53,Новосибирская область,Черепаново,город,cherepanovo,1508161,,54.2239,83.38056,20125,Asia/Novosibirsk
22,Кабардино-Балкарская Республика,Тырныауз,населённый пункт,tyrnyauz,479933,,43.38278,42.91833,20104,Europe/Moscow
32,Ханты-Мансийский автономный округ — Югра,Белоярский,город,beloyarskiy,1510450,,63.71194,66.67222,20087,Asia/Yekaterinburg
47,Московская область,Пущино,населённый пункт,puschino,504042,,54.83373,37.61138,20072,Europe/Moscow
08,Республика Башкортостан,Раевский,город,raevskiy,502540,,54.06398,54.93378,20060,Asia/Yekaterinburg
54,Омская область,Исилькуль,город,isilkul,1505438,,54.91214,71.27184,20050,Asia/Omsk
47,Московская область,Андреевское,населённый пункт,andreevskoe,581928,,55.55487,37.92566,20000,Europe/Moscow
47,Московская область,Большая Сетунь,район города,bolshaya-setun,574675,,55.71667,37.41667,20000,Europe/Moscow
48,Москва,Внуково,населённый пункт,vnukovo,857689,,55.61194,37.29611,20000,Europe/Moscow
59,Приморский край,Врангель,населённый пункт,vrangel,2013258,,42.73012,133.08381,20000,Asia/Vladivostok
38,Краснодарский край,Дагомыс,населённый пункт,dagomys,823674,,43.66974,39.66863,20000,Europe/Moscow
47,Московская область,Заветы Ильича,населённый пункт,zavety-ilicha,464176,,56.04284,37.85153,20000,Europe/Moscow
47,Московская область,Кастанаево,район города,kastanaevo,551835,,55.71667,37.5,20000,Europe/Moscow
42,Ленинградская область,Крестовский остров,район города,krestovskiy-ostrov,8504955,,59.97091,30.25789,20000,Europe/Moscow
66,Санкт-Петербург,Новая деревня,район города,novaya-derevnya,519711,,59.98748,30.28682,20000,Europe/Moscow
48,Москва,Рублёво,район города,rublyovo,500843,,55.78514,37.35481,20000,Europe/Moscow
48,Москва,Сетунь,район города,setun,496456,,55.71667,37.41667,20000,Europe/Moscow
48,Москва,Слободка,район города,slobodka,491895,,55.86667,37.58333,20000,Europe/Moscow
38,Краснодарский край,Хоста,населённый пункт,hosta,549424,,43.51484,39.86825,20000,Europe/Moscow
47,Московская область,Электроугли,населённый пункт,elektrougli,563522,,55.72445,38.20908,20000,Europe/Moscow
70,Ставропольский край,Ессентукская,город,essentukskaya,466989,,44.02583,42.87491,19956,Europe/Moscow
91,Красноярский край,Енисейск,город,eniseysk,1485997,,58.45073,92.17243,19920,Asia/Krasnoyarsk
43,Липецкая область,Усмань,город,usman,478317,,52.04479,39.72569,19910,Europe/Moscow
83,Владимирская область,Юрьев-Польский,город,yurev-polskiy,466215,,56.5046,39.67931,19906,Europe/Moscow
47,Московская область,Монино,населённый пункт,monino,525396,,55.84244,38.19362,19852,Europe/Moscow
13,Челябинская область,Куса,город,kusa,538442,,55.34503,59.44004,19818,Asia/Yekaterinburg
10,Брянская область,Карачев,город,karachev,552920,,53.12255,34.98494,19757,Europe/Moscow
81,Ульяновская область,Инза,город,inza,556283,,53.85342,46.3513,19737,Europe/Ulyanovsk
93,Забайкальский край,Петровск-Забайкальский,город,petrovsk-zabaykalskiy,2017945,,51.2758,108.84714,19713,Asia/Chita
10,Брянская область,Жуковка,город,zhukovka,462822,,53.53381,33.73075,19690,Europe/Moscow
68,Республика Северная Осетия — Алания,Алагир,город,alagir,802078,,43.04252,44.2202,19665,Europe/Moscow
30,Хабаровский край,Бикин,населённый пункт,bikin,2026696,,46.81293,134.25012,19659,Asia/Vladivostok
84,Волгоградская область,Котельниково,город,kotelnikovo,543728,,47.63012,43.14158,19622,Europe/Volgograd
91,Красноярский край,Бородино,город,borodino,1508943,,55.9076,94.9118,19602,Asia/Krasnoyarsk
42,Ленинградская область,Подпорожье,город,podporozhe,508034,,60.91,34.16188,19600,Europe/Moscow
77,Тверская область,Осташков,город,ostashkov,514259,,57.14695,33.10659,19563,Europe/Moscow
33,Кировская область,Яранск,город,yaransk,469005,,57.30496,47.87387,19557,Europe/Kirov
65,Самарская область,Нефтегорск,город,neftegorsk,522945,,52.80135,51.16551,19542,Europe/Samara
49,Мурманская область,Ковдор,город,kovdor,543508,,67.56627,30.47765,19518,Europe/Moscow
04,Алтайский край,Южный,населённый пункт,yuzhnyy,1485627,,53.25417,83.69361,19515,Asia/Barnaul
84,Волгоградская область,Городище,город,gorodische,559654,,48.80263,44.47491,19509,Europe/Volgograd
25,Калужская область,Козельск,город,kozelsk,543348,,54.0366,35.77088,19500,Europe/Moscow
61,Ростовская область,Пролетарск,город,proletarsk,504831,,46.70241,41.72487,19493,Europe/Moscow
38,Краснодарский край,Ахтырский,населённый пункт,ahtyrskiy,583785,,44.8546,38.3031,19468,Europe/Moscow
71,Свердловская область,Ивдель,город,ivdel,1505260,,60.69111,60.42056,19379,Asia/Yekaterinburg
38,Краснодарский край,Новопокровская,город,novopokrovskaya,518325,,45.95761,40.69811,19342,Europe/Moscow
13,Челябинская область,Катав-Ивановск,город,katav-ivanovsk,551794,,54.75263,58.20137,19339,Asia/Yekaterinburg
61,Ростовская область,Орловский,город,orlovskiy,514796,,46.87441,42.05223,19325,Europe/Moscow
38,Краснодарский край,Елизаветинская,населённый пункт,elizavetinskaya,467854,,45.04616,38.79491,19306,Europe/Moscow
42,Ленинградская область,Никольское,населённый пункт,nikolskoe,521509,,59.70056,30.78472,19280,Europe/Moscow
84,Волгоградская область,Новоаннинский,город,novoanninskiy,519062,,50.5283,42.6746,19231,Europe/Volgograd
08,Республика Башкортостан,Агидель,город,agidel,484856,,55.90867,53.93437,19217,Asia/Yekaterinburg
41,Курская область,Щигры,город,schigry,495206,,51.87598,36.90535,19198,Europe/Moscow
19,Республика Ингушетия,Нестеровская,населённый пункт,nesterovskaya,522470,,43.23861,45.05028,19186,Europe/Moscow
47,Московская область,Куровское,населённый пункт,kurovskoe,538601,,55.58183,38.91994,19173,Europe/Moscow
62,Рязанская область,Рыбное,город,rybnoe,499975,,54.72531,39.51305,19159,Europe/Moscow
86,Воронежская область,Анна,город,anna,581671,,51.49007,40.42236,19148,Europe/Moscow
80,Удмуртская Республика,Ува,город,uva,477656,,56.99081,52.18517,19143,Europe/Samara
71,Свердловская область,Талица,район города,talitsa,1490277,,56.8804,60.0213,19100,Asia/Yekaterinburg
34,Республика Коми,Воргашор,населённый пункт,vorgashor,1486913,,67.58355,63.79399,18946,Europe/Moscow
04,Алтайский край,Тальменка,город,talmenka,1490266,,53.82146,83.57063,18900,Asia/Barnaul
47,Московская область,Сходня,населённый пункт,shodnya,492448,,55.94806,37.29778,18897,Europe/Moscow
61,Ростовская область,Константиновск,город,konstantinovsk,545277,,47.58113,41.0934,18876,Europe/Moscow
37,Костромская область,Мантурово,город,manturovo,529505,,58.32582,44.75881,18817,Europe/Moscow
20,Иркутская область,Слюдянка,город,slyudyanka,2016422,,51.6621,103.70996,18809,Asia/Irkutsk
38,Краснодарский край,Старощербиновская,город,staroscherbinovskaya,488635,,46.63033,38.66379,18785,Europe/Moscow
91,Красноярский край,Шушенское,город,shushenskoe,1491953,,53.32361,91.93614,18770,Asia/Krasnoyarsk
38,Краснодарский край,Выселки,город,vyselki,470338,,45.58058,39.65741,18746,Europe/Moscow
67,Саратовская область,Калининск,город,kalininsk,554199,,51.49777,44.47678,18685,Europe/Saratov
47,Московская область,Бронницы,город,bronnitsy,571557,,55.42112,38.26188,18645,Europe/Moscow
09,Белгородская область,Строитель,город,stroitel,487147,,50.78816,36.47751,18636,Europe/Moscow
30,Хабаровский край,Ванино,город,vanino,2119932,,49.09821,140.25207,18618,Asia/Vladivostok
71,Свердловская область,Талица,город,talitsa,1490281,,57.01094,63.73347,18602,Asia/Yekaterinburg
73,Республика Татарстан,Агрыз,город,agryz,583983,,56.5234,52.99431,18601,Europe/Moscow
37,Костромская область,Галич,населённый пункт,galich,562161,,58.37884,42.34633,18594,Europe/Moscow
87,Ямало-Ненецкий автономный округ,Тарко-Сале,населённый пункт,tarko-sale,1490085,,64.91611,77.77457,18568,Asia/Yekaterinburg
71,Свердловская область,Туринск,город,turinsk,1488933,,58.04575,63.69605,18555,Asia/Yekaterinburg
52,Новгородская область,Валдай,город,valday,477301,,57.97729,33.25153,18549,Europe/Moscow
81,Ульяновская область,Барыш,город,barysh,578931,,53.64976,47.12715,18547,Europe/Ulyanovsk
10,Брянская область,Стародуб,город,starodub,488852,,52.58501,32.76314,18539,Europe/Moscow
05,Амурская область,Чигири,населённый пункт,chigiri,2025404,,50.33569,127.51214,18538,Asia/Yakutsk
40,Курганская область,Шумиха,город,shumiha,1491999,,55.22874,63.28552,18499,Asia/Yekaterinburg
59,Приморский край,Трудовое,населённый пункт,trudovoe,2015051,,43.30268,132.07888,18484,Asia/Vladivostok
11,Республика Бурятия,Кяхта,город,kyahta,2021066,,50.34956,106.451,18431,Asia/Irkutsk
70,Ставропольский край,Незлобная,населённый пункт,nezlobnaya,522301,,44.11806,43.40278,18412,Europe/Moscow
47,Московская область,Малаховка,населённый пункт,malahovka,531820,,55.64776,38.02486,18399,Europe/Moscow
65,Самарская область,Кинель-Черкассы,город,kinel-cherkassy,548622,,53.4669,51.4941,18393,Europe/Samara
12,Чеченская Республика,Автуры,населённый пункт,avtury,580218,,43.16345,46.00152,18370,Europe/Moscow
68,Республика Северная Осетия — Алания,Ардон,город,ardon,581179,,43.17888,44.29464,18313,Europe/Moscow
47,Московская область,Котельники,город,kotelniki,543731,,55.65384,37.86234,18300,Europe/Moscow
42,Ленинградская область,Приозерск,город,priozersk,505230,,61.04027,30.13915,18300,Europe/Moscow
47,Московская область,Белоозёрский,населённый пункт,beloozyorskiy,577901,,55.45978,38.44358,18297,Europe/Moscow
07,Астраханская область,Харабали,город,harabali,550671,,47.40769,47.25391,18223,Europe/Astrakhan
38,Краснодарский край,Афипский,населённый пункт,afipskiy,584126,,44.90005,38.84265,18209,Europe/Moscow
90,Пермский край,Красновишерск,город,krasnovishersk,542184,,60.40728,57.08286,18185,Asia/Yekaterinburg
10,Брянская область,Сельцо,город,seltso,497610,,53.36831,34.10328,18167,Europe/Moscow
31,Республика Хакасия,Абаза,город,abaza,1512205,,52.65303,90.09454,18094,Asia/Krasnoyarsk
50,Ненецкий автономный округ,Нарьян-Мар,город,naryan-mar,523392,,67.63869,53.00371,18041,Europe/Moscow
76,Тульская область,Ясногорск,город,yasnogorsk,468671,,54.48091,37.6982,18022,Europe/Moscow
86,Воронежская область,Поворино,город,povorino,505806,,51.19806,42.24605,18004,Europe/Moscow
32,Ханты-Мансийский автономный округ — Югра,Излучинск,населённый пункт,izluchinsk,7290697,,60.97944,76.92421,18000,Asia/Yekaterinburg
48,Москва,Отрадное,район города,otradnoe,513896,,55.86667,37.6,18000,Europe/Moscow
22,Кабардино-Балкарская Республика,Чегем Первый,город,chegem-pervyy,569636,,43.56722,43.58528,18000,Europe/Moscow
38,Краснодарский край,Белая Глина,город,belaya-glina,578169,,46.08115,40.87351,17997,Europe/Moscow
61,Ростовская область,Егорлыкская,город,egorlykskaya,468307,,46.56587,40.6571,17978,Europe/Moscow
72,Тамбовская область,Кирсанов,город,kirsanov,548330,,52.6509,42.73481,17975,Europe/Moscow
40,Курганская область,Куртамыш,город,kurtamysh,1501255,,54.90973,64.4319,17936,Asia/Yekaterinburg
13,Челябинская область,Касли,город,kasli,1504251,,55.88753,60.75478,17911,Asia/Yekaterinburg
84,Волгоградская область,Жирновск,город,zhirnovsk,462984,,50.97879,44.77894,17887,Europe/Volgograd
33,Кировская область,Советск,город,sovetsk,490067,,57.58937,48.95525,17869,Europe/Kirov
21,Ивановская область,Приволжск,город,privolzhsk,505060,,57.38395,41.29165,17864,Europe/Moscow
76,Тульская область,Косая Гора,район города,kosaya-gora,544293,,54.11896,37.54459,17836,Europe/Moscow
60,Псковская область,Невель,город,nevel,522410,,56.02,29.92824,17832,Europe/Moscow
83,Владимирская область,Радужный,населённый пункт,raduzhnyy,7117885,,56.0038,40.33905,17811,Europe/Moscow
49,Мурманская область,Заполярный,населённый пункт,zapolyarnyy,464790,,69.426,30.811,17789,Europe/Moscow
47,Московская область,Апрелевка,населённый пункт,aprelevka,581321,,55.55194,37.0801,17780,Europe/Moscow
20,Иркутская область,Маркова,населённый пункт,markova,2056881,,52.20667,104.2177,17756,Asia/Irkutsk
29,Кемеровская область,Кедровка,населённый пункт,kedrovka,1503940,,55.52138,86.09508,17752,Asia/Novokuznetsk
53,Новосибирская область,Болотное,город,bolotnoe,1509819,,55.67344,84.39463,17704,Asia/Novosibirsk
37,Костромская область,Волгореченск,город,volgorechensk,472750,,57.44441,41.16335,17700,Europe/Moscow
61,Ростовская область,Зимовники,город,zimovniki,462522,,47.14623,42.47044,17678,Europe/Moscow
71,Свердловская область,Рефтинский,населённый пункт,reftinskiy,1493687,,57.09013,61.67692,17673,Asia/Yekaterinburg
01,Республика Адыгея,Энем,населённый пункт,enem,563472,,44.9264,38.90584,17665,Europe/Moscow
70,Ставропольский край,Свободы,населённый пункт,svobody,485432,,44.02556,43.05028,17661,Europe/Moscow
93,Забайкальский край,Агинское,город,aginskoe,2028078,,51.10754,114.54173,17496,Asia/Chita
38,Краснодарский край,Холмская,населённый пункт,holmskaya,549741,,44.84694,38.385,17494,Europe/Moscow
08,Республика Башкортостан,Баймак,город,baymak,578534,,52.59172,58.31132,17493,Asia/Yekaterinburg
71,Свердловская область,Нижняя Салда,город,nizhnyaya-salda,1497393,,58.07756,60.7202,17473,Asia/Yekaterinburg
55,Оренбургская область,Саракташ,город,saraktash,498708,,51.7874,56.35987,17413,Asia/Yekaterinburg
52,Новгородская область,Чудово,город,chudovo,567774,,59.12225,31.68125,17377,Europe/Moscow
42,Ленинградская область,Бокситогорск,город,boksitogorsk,575410,,59.4778,33.85008,17366,Europe/Moscow
19,Республика Ингушетия,Кантышево,населённый пункт,kantyshevo,553092,,43.22824,44.63322,17363,Europe/Moscow
55,Оренбургская область,Ясный,город,yasnyy,468657,,51.03534,59.87234,17359,Asia/Yekaterinburg
42,Ленинградская область,Коммунар,населённый пункт,kommunar,545788,,59.62056,30.39,17358,Europe/Moscow
88,Ярославская область,Гаврилов-Ям,город,gavrilov-yam,561762,,57.30259,39.85263,17351,Europe/Moscow
49,Мурманская область,Полярный,город,polyarnyy,506763,,69.20279,33.43697,17332,Europe/Moscow
70,Ставропольский край,Суворовская,населённый пункт,suvorovskaya,485871,,44.1901,42.6595,17261,Europe/Moscow
73,Республика Татарстан,Арск,город,arsk,580850,,56.09254,49.87819,17243,Europe/Moscow
86,Воронежская область,Грибановский,город,gribanovskiy,558799,,51.45015,41.96206,17220,Europe/Moscow
29,Кемеровская область,Промышленная,город,promyshlennaya,1494091,,54.91443,85.63971,17216,Asia/Novokuznetsk
81,Ульяновская область,Новоульяновск,город,novoulyanovsk,517766,,54.14774,48.38644,17139,Europe/Ulyanovsk
84,Волгоградская область,Палласовка,город,pallasovka,513042,,50.04914,46.8855,17139,Europe/Volgograd
32,Ханты-Мансийский автономный округ — Югра,Покачи,населённый пункт,pokachi,7289676,,61.71982,75.36827,17084,Asia/Yekaterinburg
13,Челябинская область,Пласт,населённый пункт,plast,1494907,,54.36914,60.81361,17050,Asia/Yekaterinburg
41,Курская область,Рыльск,город,rylsk,695019,,51.57141,34.68324,17007,Europe/Moscow
38,Краснодарский край,Кудепста,населённый пункт,kudepsta,539907,,43.49547,39.89294,17000,Europe/Moscow
64,Сахалинская область,Невельск,город,nevelsk,2122894,,46.67956,141.85587,17000,Asia/Sakhalin
59,Приморский край,Кавалерово,город,kavalerovo,2023058,,44.27163,135.05145,16945,Asia/Vladivostok
38,Краснодарский край,Медведовская,населённый пункт,medvedovskaya,527968,,45.45151,39.02485,16941,Europe/Moscow
67,Саратовская область,Новоузенск,город,novouzensk,517739,,50.46321,48.14161,16932,Europe/Saratov
86,Воронежская область,Придонской,населённый пункт,pridonskoy,505421,,51.6826,39.0676,16896,Europe/Moscow
53,Новосибирская область,Краснообск,населённый пункт,krasnoobsk,1502091,,54.9198,82.9909,16894,Asia/Novosibirsk
73,Республика Татарстан,Мензелинск,город,menzelinsk,527529,,55.72792,53.1022,16858,Europe/Moscow
47,Московская область,Тучково,населённый пункт,tuchkovo,480685,,55.60111,36.46806,16826,Europe/Moscow
88,Ярославская область,Данилов,город,danilov,567183,,58.19077,40.17081,16808,Europe/Moscow
73,Республика Татарстан,Васильево,населённый пункт,vasilevo,611182,,55.83007,48.71729,16800,Europe/Moscow
73,Республика Татарстан,Кукмор,город,kukmor,539689,,56.18648,50.89404,16795,Europe/Moscow
12,Чеченская Республика,Ачхой-Мартан,город,achhoy-martan,584298,,43.19219,45.28345,16779,Europe/Moscow
32,Ханты-Мансийский автономный округ — Югра,Белый Яр,населённый пункт,belyy-yar,1510366,,61.26491,73.24104,16772,Asia/Yekaterinburg
76,Тульская область,Сергиевское,город,sergievskoe,509052,,53.7084,37.29457,16763,Europe/Moscow
83,Владимирская область,Лакинск,населённый пункт,lakinsk,537107,,56.01931,39.94848,16706,Europe/Moscow
64,Сахалинская область,Поронайск,город,poronaysk,2121909,,49.22045,143.0912,16677,Asia/Sakhalin
91,Красноярский край,Иланский,город,ilanskiy,1505933,,56.2354,96.06667,16668,Asia/Krasnoyarsk
80,Удмуртская Республика,Балезино,город,balezino,579432,,57.9787,53.0138,16618,Europe/Samara
77,Тверская область,Кашин,город,kashin,551986,,57.35918,37.60806,16598,Europe/Moscow
76,Тульская область,Северо-Задонск,населённый пункт,severo-zadonsk,496269,,54.03481,38.40172,16569,Europe/Moscow
28,Республика Карелия,Медвежьегорск,город,medvezhegorsk,527888,,62.91447,34.45856,16551,Europe/Moscow
47,Московская область,Востряково,населённый пункт,vostryakovo,471457,,55.39934,37.80829,16509,Europe/Moscow
53,Новосибирская область,Коченёво,город,kochenyovo,1503082,,55.01356,82.20783,16446,Asia/Novosibirsk
34,Республика Коми,Емва,город,emva,467525,,62.5879,50.8634,16404,Europe/Moscow
47,Московская область,Звенигород,населённый пункт,zvenigorod,461920,,55.73401,36.85918,16395,Europe/Moscow
53,Новосибирская область,Купино,город,kupino,1501365,,54.36677,77.3068,16333,Asia/Novosibirsk
19,Республика Ингушетия,Сурхахи,населённый пункт,surhahi,486110,,43.1875,44.90194,16215,Europe/Moscow
20,Иркутская область,Чунский,город,chunskiy,1507636,,56.09188,99.63563,16199,Asia/Irkutsk
07,Астраханская область,Камызяк,город,kamyzyak,553248,,46.10502,48.07823,16191,Europe/Astrakhan
70,Ставропольский край,Красногвардейское,город,krasnogvardeyskoe,542334,,45.84493,41.51745,16169,Europe/Moscow
62,Рязанская область,Шилово,город,shilovo,494427,,54.32005,40.87958,16159,Europe/Moscow
85,Вологодская область,Грязовец,населённый пункт,gryazovets,558236,,58.88,40.2525,16133,Europe/Moscow
25,Калужская область,Сухиничи,город,suhinichi,486665,,54.09989,35.34254,16100,Europe/Moscow
10,Брянская область,Трубчевск,город,trubchevsk,481350,,52.58031,33.76574,16100,Europe/Moscow
66,Санкт-Петербург,Павловск,населённый пункт,pavlovsk,512052,,59.68333,30.43472,16087,Europe/Moscow
17,Республика Дагестан,Белиджи,населённый пункт,belidzhi,828055,,41.89184,48.41247,16078,Europe/Moscow
47,Московская область,Голицыно,населённый пункт,golitsyno,560756,,55.60928,36.98212,16056,Europe/Moscow
84,Волгоградская область,Николаевск,город,nikolaevsk,521874,,50.02805,45.46115,16044,Europe/Volgograd
72,Тамбовская область,Жердевка,город,zherdevka,463217,,51.85429,41.45488,16019,Europe/Moscow
12,Чеченская Республика,Цоцин-Юрт,населённый пункт,tsotsin-yurt,515804,,43.24206,46.00013,15970,Europe/Moscow
20,Иркутская область,Бодайбо,город,bodaybo,2026583,,57.85345,114.20407,15933,Asia/Irkutsk
52,Новгородская область,Пестово,город,pestovo,510364,,58.59382,35.80244,15910,Europe/Moscow
83,Владимирская область,Меленки,город,melenki,527740,,55.33579,41.62747,15902,Europe/Moscow
83,Владимирская область,Покров,населённый пункт,pokrov,507599,,55.91797,39.17242,15867,Europe/Moscow
83,Владимирская область,Петушки,город,petushki,509697,,55.92721,39.46072,15866,Europe/Moscow
08,Республика Башкортостан,Межгорье,населённый пункт,mezhgore,12041452,,54.04976,57.81713,15861,Asia/Yekaterinburg
70,Ставропольский край,Арзгир,город,arzgir,580716,,45.37411,44.2198,15838,Europe/Moscow
42,Ленинградская область,Светогорск,населённый пункт,svetogorsk,485639,,61.11213,28.86321,15733,Europe/Moscow
61,Ростовская область,Персиановский,населённый пункт,persianovskiy,802714,,47.52729,39.4193,15730,Europe/Moscow
76,Тульская область,Венёв,город,venyov,475881,,54.35074,38.26304,15700,Europe/Moscow
70,Ставропольский край,Дивное,город,divnoe,566155,,45.90973,43.34943,15700,Europe/Moscow
17,Республика Дагестан,Семендер,населённый пункт,semender,12750458,,42.98556,47.40393,15691,Europe/Moscow
91,Красноярский край,Кодинск,населённый пункт,kodinsk,1503037,,58.60629,99.17398,15670,Asia/Krasnoyarsk
04,Алтайский край,Горняк,город,gornyak,1506260,,50.99529,81.46693,15668,Asia/Barnaul
23,Калининградская область,Зеленоградск,город,zelenogradsk,463828,,54.95893,20.47668,15644,Europe/Kaliningrad
91,Красноярский край,Ужур,город,uzhur,1487882,,55.3175,89.83129,15637,Asia/Krasnoyarsk
13,Челябинская область,Сим,населённый пункт,sim,492944,,54.993,57.6982,15632,Asia/Yekaterinburg
13,Челябинская область,Карабаш,город,karabash,1504636,,55.48953,60.20885,15630,Asia/Yekaterinburg
40,Курганская область,Катайск,город,kataysk,1504212,,56.28854,62.58115,15619,Asia/Yekaterinburg
83,Владимирская область,Карабаново,населённый пункт,karabanovo,552977,,56.31081,38.70253,15615,Europe/Moscow
15,Чукотский автономный округ,Анадырь,город,anadyr,2127202,,64.73424,177.5103,15604,Asia/Anadyr
20,Иркутская область,Байкальск,населённый пункт,baykalsk,2026979,,51.515,104.1402,15600,Asia/Irkutsk
49,Мурманская область,Никель,населённый пункт,nikel,522260,,69.41285,30.22198,15596,Europe/Moscow
09,Белгородская область,Разумное,район города,razumnoe,502400,,50.53439,36.68462,15529,Europe/Moscow
66,Санкт-Петербург,Шушары,населённый пункт,shushary,493316,,59.80917,30.38167,15503,Europe/Moscow
90,Пермский край,Александровск,город,aleksandrovsk,583041,,59.15838,57.5705,15486,Asia/Yekaterinburg
83,Владимирская область,Струнино,населённый пункт,strunino,487095,,56.37328,38.58321,15483,Europe/Moscow
70,Ставропольский край,Донское,город,donskoe,565289,,45.45346,41.97244,15469,Europe/Moscow
48,Москва,Московский,населённый пункт,moskovskiy,857690,,55.5991,37.3552,15435,Europe/Moscow
03,Республика Алтай,Майма,город,mayma,1499163,,52.00266,85.89741,15428,Asia/Barnaul
78,Тюменская область,Боровский,населённый пункт,borovskiy,1508879,,57.04096,65.72018,15406,Asia/Yekaterinburg
90,Пермский край,Очёр,город,ochyor,516256,,57.88227,54.71827,15395,Asia/Yekaterinburg
53,Новосибирская область,Сузун,город,suzun,1490551,,53.78457,82.31595,15365,Asia/Novosibirsk
93,Забайкальский край,Нерчинск,город,nerchinsk,2019326,,51.97981,116.58693,15360,Asia/Chita
04,Алтайский край,Кулунда,город,kulunda,1501460,,52.56494,78.93911,15345,Asia/Barnaul
61,Ростовская область,Цимлянск,город,tsimlyansk,480876,,47.64801,42.09345,15341,Europe/Moscow
61,Ростовская область,Багаевская,город,bagaevskaya,579771,,47.32049,40.3847,15300,Europe/Moscow
76,Тульская область,Белёв,город,belyov,578091,,53.81217,36.13339,15300,Europe/Moscow
71,Свердловская область,Дегтярск,населённый пункт,degtyarsk,1507488,,56.704,60.0879,15294,Asia/Yekaterinburg
63,Республика Саха (Якутия),Айхал,населённый пункт,ayhal,2027296,,65.93381,111.4834,15267,Asia/Yakutsk
63,Республика Саха (Якутия),Удачный,населённый пункт,udachnyy,2014624,,66.42989,112.4021,15266,Asia/Yakutsk
47,Московская область,Софрино,населённый пункт,sofrino,491352,,56.15,37.93333,15265,Europe/Moscow
09,Белгородская область,Чернянка,город,chernyanka,568587,,50.93816,37.81509,15261,Europe/Moscow
30,Хабаровский край,Вяземский,город,vyazemskiy,2013229,,47.53342,134.75785,15247,Asia/Vladivostok
04,Алтайский край,Новосиликатный,населённый пункт,novosilikatnyy,1496739,,53.30972,83.62389,15241,Asia/Barnaul
71,Свердловская область,Арамиль,населённый пункт,aramil,1511466,,56.6977,60.8369,15237,Asia/Yekaterinburg
84,Волгоградская область,Дубовка,город,dubovka,564654,,49.05616,44.82913,15217,Europe/Volgograd
32,Ханты-Мансийский автономный округ — Югра,Нижнесортымский,населённый пункт,nizhnesortymskiy,7287775,,62.43965,71.76029,15204,Asia/Yekaterinburg
29,Кемеровская область,Яшкино,город,yashkino,1486298,,55.87377,85.4338,15197,Asia/Novokuznetsk
84,Волгоградская область,Елань,город,elan,468063,,50.9488,43.73709,15181,Europe/Volgograd
01,Республика Адыгея,Гиагинская,населённый пункт,giaginskaya,561515,,44.86208,40.07195,15169,Europe/Moscow
84,Волгоградская область,Ленинск,город,leninsk,536156,,48.70311,45.19611,15167,Europe/Volgograd
27,Карачаево-Черкесская Республика,Учкекен,город,uchkeken,479687,,43.94508,42.51652,15118,Europe/Moscow
10,Брянская область,Почеп,город,pochep,508656,,52.9331,33.44702,15100,Europe/Moscow
49,Мурманская область,Полярные Зори,населённый пункт,polyarnye-zori,506762,,67.36611,32.49806,15092,Europe/Moscow
86,Воронежская область,Богучар,город,boguchar,575457,,49.9346,40.55447,15048,Europe/Moscow
47,Московская область,Пересвет,населённый пункт,peresvet,6931086,,56.42302,38.17612,15000,Europe/Moscow
47,Московская область,Боброво,населённый пункт,bobrovo,575897,,55.5275,37.615,14991,Europe/Moscow
66,Санкт-Петербург,Зеленогорск,населённый пункт,zelenogorsk,463830,,60.19968,29.70183,14958,Europe/Moscow
67,Саратовская область,Красный Кут,город,krasnyy-kut,541647,,50.95015,46.96851,14956,Europe/Saratov
38,Краснодарский край,Ладожская,населённый пункт,ladozhskaya,537235,,45.30902,39.93803,14904,Europe/Moscow
59,Приморский край,Заводской,населённый пункт,zavodskoy,2012623,,43.45916,132.28384,14865,Asia/Vladivostok
30,Хабаровский край,Чегдомын,город,chegdomyn,2025579,,51.13057,133.00199,14855,Asia/Vladivostok
84,Волгоградская область,Петров Вал,населённый пункт,petrov-val,509826,,50.14337,45.20958,14853,Europe/Volgograd
51,Нижегородская область,Навашино,город,navashino,523198,,55.54315,42.19307,14830,Europe/Moscow
04,Алтайский край,Павловск,город,pavlovsk,1495448,,53.31975,82.98952,14827,Asia/Barnaul
51,Нижегородская область,Первомайск,город,pervomaysk,511002,,54.8686,43.80347,14810,Europe/Moscow
73,Республика Татарстан,Джалиль,населённый пункт,dzhalil,563681,,55.0239,52.7358,14797,Europe/Moscow
12,Чеченская Республика,Бачи-Юрт,населённый пункт,bachi-yurt,579831,,43.22417,46.19423,14788,Europe/Moscow
04,Алтайский край,Белокуриха,город,belokuriha,1510502,,51.99749,84.99714,14733,Asia/Barnaul
20,Иркутская область,Свирск,город,svirsk,2015842,,53.09108,103.34345,14717,Asia/Irkutsk
31,Республика Хакасия,Усть-Абакан,город,ust-abakan,1488272,,53.83573,91.39047,14696,Asia/Krasnoyarsk
61,Ростовская область,Чалтырь,город,chaltyr,570021,,47.28477,39.48232,14689,Europe/Moscow
21,Ивановская область,Южа,город,yuzha,466084,,56.58374,42.01177,14678,Europe/Moscow
61,Ростовская область,Кулешовка,населённый пункт,kuleshovka,539537,,47.07855,39.55532,14668,Europe/Moscow
77,Тверская область,Калязин,город,kalyazin,553884,,57.23975,37.83286,14655,Europe/Moscow
13,Челябинская область,Новосинеглазовский,населённый пункт,novosineglazovskiy,1496738,,55.03928,61.3768,14620,Asia/Yekaterinburg
29,Кемеровская область,Бачатский,населённый пункт,bachatskiy,1511103,,54.2927,86.1285,14618,Asia/Novokuznetsk
38,Краснодарский край,Крыловская,город,krylovskaya,540267,,46.32109,39.97011,14605,Europe/Moscow
20,Иркутская область,Усть-Ордынский,город,ust-ordynskiy,2013894,,52.80878,104.74705,14538,Asia/Irkutsk
40,Курганская область,Далматово,город,dalmatovo,1507565,,56.25958,62.93467,14526,Asia/Yekaterinburg
29,Кемеровская область,Новый Городок,населённый пункт,novyy-gorodok,6864933,,54.3074,86.2927,14509,Asia/Novokuznetsk
13,Челябинская область,Роза,населённый пункт,roza,1493511,,54.9163,61.4586,14491,Asia/Yekaterinburg
10,Брянская область,Климово,город,klimovo,547591,,52.37877,32.1963,14482,Europe/Moscow
62,Рязанская область,Кораблино,город,korablino,545001,,53.92666,40.02365,14469,Europe/Moscow
25,Калужская область,Кондрово,город,kondrovo,545575,,54.8059,35.93067,14462,Europe/Moscow
38,Краснодарский край,Варениковская,населённый пункт,varenikovskaya,477039,,45.12085,37.64171,14409,Europe/Moscow
67,Саратовская область,Аркадак,город,arkadak,581080,,51.93752,43.50404,14392,Europe/Saratov
61,Ростовская область,Матвеев Курган,город,matveev-kurgan,528495,,47.56675,38.86891,14342,Europe/Moscow
84,Волгоградская область,Краснослободск,населённый пункт,krasnoslobodsk,542213,,48.70708,44.57702,14334,Europe/Volgograd
65,Самарская область,Суходол,населённый пункт,suhodol,486626,,53.90063,51.2117,14296,Europe/Samara
83,Владимирская область,Гороховец,город,gorohovets,559459,,56.19958,42.68866,14247,Europe/Moscow
71,Свердловская область,Новая Ляля,город,novaya-lyalya,1497276,,59.05233,60.59315,14246,Asia/Yekaterinburg
30,Хабаровский край,Солнечный,город,solnechnyy,2016307,,50.72498,136.63562,14227,Asia/Vladivostok
49,Мурманская область,Гаджиево,населённый пункт,gadzhievo,562245,,69.25506,33.33616,14225,Europe/Moscow
47,Московская область,Лопатинский,населённый пункт,lopatinskiy,534174,,55.34101,38.72366,14219,Europe/Moscow
77,Тверская область,Торопец,город,toropets,482042,,56.49954,31.6392,14187,Europe/Moscow
49,Мурманская область,Мурмаши,населённый пункт,murmashi,524299,,68.81542,32.81147,14152,Europe/Moscow
09,Белгородская область,Борисовка,город,borisovka,572500,,50.59942,36.01716,14148,Europe/Moscow
73,Республика Татарстан,Мамадыш,город,mamadysh,529709,,55.70273,51.40439,14148,Europe/Moscow
93,Забайкальский край,Шилка,город,shilka,2016708,,51.85136,116.02854,14132,Asia/Chita
17,Республика Дагестан,Ахты,город,ahty,583794,,41.45949,47.73247,14080,Europe/Moscow
91,Красноярский край,Курагино,населённый пункт,kuragino,1501356,,53.88785,92.68152,14076,Asia/Krasnoyarsk
24,Республика Калмыкия,Лагань,город,lagan,551846,,45.39177,47.36452,14045,Europe/Moscow
67,Саратовская область,Степное,город,stepnoe,487543,,51.37985,46.84885,14035,Europe/Saratov
29,Кемеровская область,Грамотеино,населённый пункт,gramoteino,1506192,,54.5368,86.3839,14010,Asia/Novokuznetsk
41,Курская область,Обоянь,город,oboyan,516400,,51.21224,36.27859,14000,Europe/Moscow
30,Хабаровский край,Солнечный,населённый пункт,solnechnyy,2016308,,50.58333,137.03333,13993,Asia/Vladivostok
59,Приморский край,Черниговка,город,chernigovka,2025489,,44.3415,132.56931,13969,Asia/Vladivostok
38,Краснодарский край,Анапская,населённый пункт,anapskaya,582181,,44.89671,37.386,13965,Europe/Moscow
08,Республика Башкортостан,Иглино,город,iglino,557563,,54.82689,56.41209,13958,Asia/Yekaterinburg
13,Челябинская область,Горняк,район города,gornyak,1506258,,55.13446,61.68268,13946,Asia/Yekaterinburg
83,Владимирская область,Камешково,город,kameshkovo,553389,,56.34919,40.99859,13935,Europe/Moscow
17,Республика Дагестан,Ленинкент,населённый пункт,leninkent,536186,,42.96895,47.35202,13912,Europe/Moscow
69,Смоленская область,Верхнеднепровский,населённый пункт,verhnedneprovskiy,475614,,54.98131,33.34573,13903,Europe/Moscow
84,Волгоградская область,Средняя Ахтуба,город,srednyaya-ahtuba,489446,,48.71004,44.86723,13887,Europe/Volgograd
17,Республика Дагестан,Бабаюрт,город,babayurt,579999,,43.59976,46.77805,13857,Europe/Moscow
04,Алтайский край,Алтайский,город,altayskiy,1511736,,51.95156,85.33686,13852,Asia/Barnaul
52,Новгородская область,Окуловка,город,okulovka,515771,,58.40801,33.28852,13852,Europe/Moscow
73,Республика Татарстан,Камские Поляны,населённый пункт,kamskie-polyany,553350,,55.43068,51.41709,13849,Europe/Moscow
52,Новгородская область,Малая Вишера,город,malaya-vishera,531257,,58.84506,32.22235,13834,Europe/Moscow
28,Республика Карелия,Кемь,город,kem,551145,,64.95695,34.59176,13829,Europe/Moscow
38,Краснодарский край,Сириус,населённый пункт,sirius,12750459,,43.40504,39.95963,13768,Europe/Moscow
10,Брянская область,Навля,город,navlya,523186,,52.82544,34.4996,13735,Europe/Moscow
86,Воронежская область,Сомово,населённый пункт,somovo,490683,,51.7422,39.3659,13729,Europe/Moscow
29,Кемеровская область,Тяжинский,город,tyazhinskiy,1488838,,56.11028,88.51904,13716,Asia/Novokuznetsk
25,Калужская область,Товарково,населённый пункт,tovarkovo,481941,,54.67617,35.9386,13708,Europe/Moscow
34,Республика Коми,Вуктыл,город,vuktyl,470905,,63.8478,57.30987,13693,Europe/Moscow
47,Московская область,Лопатино,населённый пункт,lopatino,6417315,,55.52799,37.64666,13687,Europe/Moscow
10,Брянская область,Клетня,город,kletnya,547681,,53.38981,33.21732,13658,Europe/Moscow
70,Ставропольский край,Краснокумское,населённый пункт,krasnokumskoe,542312,,44.17806,43.50194,13630,Europe/Moscow
61,Ростовская область,Донской,населённый пункт,donskoy,565300,,47.41404,40.25742,13627,Europe/Moscow
61,Ростовская область,Лиховской,населённый пункт,lihovskoy,535254,,48.15188,40.17925,13617,Europe/Moscow
13,Челябинская область,Красногорский,населённый пункт,krasnogorskiy,1502112,,54.6025,61.231,13603,Asia/Yekaterinburg
04,Алтайский край,Поспелиха,населённый пункт,pospeliha,1494331,,51.95,81.76667,13586,Asia/Barnaul
51,Нижегородская область,Чкаловск,город,chkalovsk,567902,,56.76492,43.2469,13577,Europe/Moscow
71,Свердловская область,Арти,город,arti,580783,,56.41962,58.53911,13564,Asia/Yekaterinburg
78,Тюменская область,Абалак,населённый пункт,abalak,1512223,,58.12861,68.59444,13555,Asia/Yekaterinburg
60,Псковская область,Опочка,город,opochka,515155,,56.71448,28.66287,13548,Europe/Moscow
43,Липецкая область,Чаплыгин,город,chaplygin,569934,,53.2342,39.96135,13488,Europe/Moscow
47,Московская область,Руза,город,ruza,500303,,55.70172,36.19321,13480,Europe/Moscow
67,Саратовская область,Хвалынск,город,hvalynsk,548982,,52.49114,48.10606,13437,Europe/Saratov
49,Мурманская область,Заозерск,город,zaozersk,828218,,69.40135,32.44837,13429,Europe/Moscow
78,Тюменская область,Голышманово,город,golyshmanovo,1506422,,56.39865,68.37555,13424,Asia/Yekaterinburg
13,Челябинская область,Юрюзань,населённый пункт,yuryuzan,466200,,54.86333,58.42194,13424,Asia/Yekaterinburg
93,Забайкальский край,Балей,населённый пункт,baley,2027184,,51.58166,116.63395,13404,Asia/Chita
86,Воронежская область,Таловая,город,talovaya,484747,,51.11962,40.7251,13367,Europe/Moscow
38,Краснодарский край,Калининская,город,kalininskaya,554173,,45.4847,38.66355,13363,Europe/Moscow
47,Московская область,Удельная,населённый пункт,udelnaya,479640,,55.636,38.045,13357,Europe/Moscow
59,Приморский край,Чугуевка,город,chuguevka,2025286,,44.16337,133.86625,13354,Asia/Vladivostok
38,Краснодарский край,Петровская,населённый пункт,petrovskaya,509985,,45.43139,37.955,13340,Europe/Moscow
29,Кемеровская область,Инской,населённый пункт,inskoy,1505584,,54.4297,86.44,13326,Asia/Novokuznetsk
76,Тульская область,Скуратовский,район города,skuratovskiy,492218,,54.10152,37.60384,13325,Europe/Moscow
20,Иркутская область,Киренск,город,kirensk,2022083,,57.7756,108.11535,13308,Asia/Irkutsk
54,Омская область,Знаменское,город,znamenskoe,1485020,,57.12735,73.82614,13300,Asia/Omsk
42,Ленинградская область,Сясьстрой,населённый пункт,syasstroy,485313,,60.13669,32.56906,13300,Europe/Moscow
83,Владимирская область,Судогда,город,sudogda,486834,,55.95171,40.87354,13277,Europe/Moscow
16,Чувашская Республика,Цивильск,населённый пункт,tsivilsk,480851,,55.86974,47.47874,13252,Europe/Moscow
12,Чеченская Республика,Гойты,населённый пункт,goyty,559179,,43.16417,45.62278,13250,Europe/Moscow
60,Псковская область,Печоры,населённый пункт,pechory,511785,,57.81642,27.6119,13246,Europe/Moscow
29,Кемеровская область,Яя,город,yaya,1486261,,56.19905,86.43421,13238,Asia/Novokuznetsk
37,Костромская область,Ветлужский,населённый пункт,vetluzhskiy,473903,,58.39016,45.46543,13229,Europe/Moscow
17,Республика Дагестан,Карабудахкент,город,karabudahkent,552953,,42.70916,47.56299,13207,Europe/Moscow
05,Амурская область,Завитинск,город,zavitinsk,2012626,,50.11105,129.44035,13198,Asia/Yakutsk
72,Тамбовская область,Первомайский,город,pervomayskiy,510911,,53.2463,40.28911,13196,Europe/Moscow
55,Оренбургская область,Ново-Сергиевский,город,novo-sergievskiy,517982,,52.087,53.6463,13188,Asia/Yekaterinburg
11,Республика Бурятия,Селенгинск,населённый пункт,selenginsk,2017059,,52.00639,106.86472,13187,Asia/Irkutsk
91,Красноярский край,Уяр,город,uyar,1487922,,55.81473,94.32718,13167,Asia/Krasnoyarsk
93,Забайкальский край,Первомайский,населённый пункт,pervomayskiy,2018021,,51.66297,115.6242,13141,Asia/Chita
84,Волгоградская область,Светлый Яр,город,svetlyy-yar,485643,,48.47449,44.78504,13131,Europe/Volgograd
47,Московская область,Талдом,город,taldom,484826,,56.73097,37.52824,13112,Europe/Moscow
38,Краснодарский край,Старовеличковская,населённый пункт,starovelichkovskaya,488587,,45.42884,38.73261,13111,Europe/Moscow
28,Республика Карелия,Питкяранта,город,pitkyaranta,509234,,61.57387,31.47889,13090,Europe/Moscow
23,Калининградская область,Гвардейск,город,gvardeysk,557710,,54.64772,21.06513,13088,Europe/Kaliningrad
70,Ставропольский край,Солнечнодольск,населённый пункт,solnechnodolsk,841395,,45.3179,41.5407,13068,Europe/Moscow
54,Омская область,Таврическое,город,tavricheskoe,1489938,,54.58744,73.63733,13063,Asia/Omsk
71,Свердловская область,Буланаш,населённый пункт,bulanash,1508715,,57.27825,61.9965,13056,Asia/Yekaterinburg
31,Республика Хакасия,Сорск,город,sorsk,1491360,,54.00126,90.25154,13035,Asia/Krasnoyarsk
48,Москва,Восточный,район города,vostochnyy,471501,,55.81667,37.86667,13011,Europe/Moscow
53,Новосибирская область,Маслянино,город,maslyanino,1499247,,54.34263,84.21179,13000,Asia/Novosibirsk
90,Пермский край,Полазна,населённый пункт,polazna,507318,,58.2922,56.4156,12973,Asia/Yekaterinburg
47,Московская область,Селятино,населённый пункт,selyatino,497534,,55.51514,36.97746,12954,Europe/Moscow
06,Архангельская область,Вычегодский,населённый пункт,vychegodskiy,470530,,61.24702,46.89842,12923,Europe/Moscow
38,Краснодарский край,Стародеревянковская,населённый пункт,staroderevyankovskaya,488859,,46.12761,38.9674,12918,Europe/Moscow
51,Нижегородская область,Лукоянов,город,lukoyanov,533400,,55.03145,44.48179,12913,Europe/Moscow
62,Рязанская область,Михайлов,город,mihaylov,527034,,54.23227,39.02915,12907,Europe/Moscow
21,Ивановская область,Заволжск,город,zavolzhsk,464112,,57.48198,42.13821,12847,Europe/Moscow
38,Краснодарский край,Васюринская,населённый пункт,vasyurinskaya,476417,,45.11809,39.42399,12830,Europe/Moscow
66,Санкт-Петербург,Стрельна,населённый пункт,strelna,487227,,59.85189,30.03611,12800,Europe/Moscow
90,Пермский край,Новопашийский,город,novopashiyskiy,559752,,58.37314,58.32607,12796,Asia/Yekaterinburg
12,Чеченская Республика,Ойсхара,населённый пункт,oyshara,518851,,43.26402,46.24803,12795,Europe/Moscow
42,Ленинградская область,Кузьмоловский,населённый пункт,kuzmolovskiy,537771,,60.10921,30.49092,12794,Europe/Moscow
86,Воронежская область,Кантемировка,город,kantemirovka,553099,,49.70437,39.85831,12770,Europe/Moscow
13,Челябинская область,Нязепетровск,город,nyazepetrovsk,516615,,56.03715,59.59852,12717,Asia/Yekaterinburg
22,Кабардино-Балкарская Республика,Нартан,населённый пункт,nartan,523408,,43.51083,43.69944,12694,Europe/Moscow
64,Сахалинская область,Углегорск,город,uglegorsk,2120261,,49.0799,142.06875,12669,Asia/Sakhalin
47,Московская область,Яхрома,населённый пункт,yahroma,469655,,56.30055,37.4577,12666,Europe/Moscow
59,Приморский край,Ливадия,населённый пункт,livadiya,2020734,,42.86837,132.67275,12652,Asia/Vladivostok
93,Забайкальский край,Могоча,город,mogocha,2019912,,53.73965,119.76889,12647,Asia/Chita
33,Кировская область,Лянгасово,населённый пункт,lyangasovo,532860,,58.51759,49.44718,12626,Europe/Kirov
86,Воронежская область,Эртиль,город,ertil,563420,,51.83818,40.80169,12622,Europe/Moscow
79,Республика Тыва,Ак-Довурак,город,ak-dovurak,1512064,,51.17524,90.59782,12593,Asia/Krasnoyarsk
61,Ростовская область,Покровское,город,pokrovskoe,507427,,47.41436,38.89883,12576,Europe/Moscow
47,Московская область,Запрудня,населённый пункт,zaprudnya,464708,,56.56667,37.43333,12517,Europe/Moscow
23,Калининградская область,Неман,город,neman,522742,,55.03111,22.02639,12507,Europe/Kaliningrad
45,Республика Марий Эл,Звенигово,город,zvenigovo,461916,,55.97484,48.0178,12484,Europe/Moscow
25,Калужская область,Сосенский,населённый пункт,sosenskiy,490437,,54.05899,35.96228,12484,Europe/Moscow
93,Забайкальский край,Чернышевск,город,chernyshevsk,2025458,,52.52225,117.01745,12466,Asia/Chita
80,Удмуртская Республика,Камбарка,город,kambarka,553835,,56.2666,54.2056,12464,Europe/Samara
71,Свердловская область,Белоярская Слобода,город,beloyarskaya-sloboda,1510451,,56.75713,61.41629,12438,Asia/Yekaterinburg
59,Приморский край,Угловое,населённый пункт,uglovoe,2014571,,43.33194,132.08555,12429,Asia/Vladivostok
09,Белгородская область,Волоконовка,город,volokonovka,472428,,50.48504,37.86093,12413,Europe/Moscow
42,Ленинградская область,Васкелово,населённый пункт,vaskelovo,476500,,60.39571,30.35419,12388,Europe/Moscow
06,Архангельская область,Коноша,город,konosha,545353,,60.97306,40.26322,12383,Europe/Moscow
40,Курганская область,Петухово,город,petuhovo,1495022,,55.06917,67.90194,12367,Asia/Yekaterinburg
51,Нижегородская область,Ворсма,населённый пункт,vorsma,471760,,55.99062,43.27249,12362,Europe/Moscow
71,Свердловская область,Верхний Тагил,населённый пункт,verhniy-tagil,474821,,57.37416,59.95422,12358,Asia/Yekaterinburg
33,Кировская область,Сосновка,населённый пункт,sosnovka,490276,,56.25496,51.28419,12354,Europe/Kirov
38,Краснодарский край,Старотитаровская,населённый пункт,starotitarovskaya,488606,,45.21938,37.15476,12351,Europe/Moscow
04,Алтайский край,Благовещенка,город,blagoveschenka,1509999,,52.834,79.87514,12319,Asia/Barnaul
51,Нижегородская область,Урень,город,uren,478757,,57.46125,45.78558,12309,Europe/Moscow
85,Вологодская область,Бабаево,населённый пункт,babaevo,580006,,59.3936,35.9371,12300,Europe/Moscow
25,Калужская область,Жуков,город,zhukov,462792,,55.02381,36.7422,12300,Europe/Moscow
69,Смоленская область,Дорогобуж,город,dorogobuzh,565202,,54.91511,33.29877,12293,Europe/Moscow
77,Тверская область,Лихославль,город,lihoslavl,535261,,57.12662,35.46421,12290,Europe/Moscow
54,Омская область,Называевск,город,nazyvaevsk,1497932,,55.56897,71.35665,12284,Asia/Omsk
61,Ростовская область,Каменоломни,город,kamenolomni,553427,,47.66783,40.20479,12262,Europe/Moscow
11,Республика Бурятия,Закаменск,город,zakamensk,2012728,,50.37627,103.28706,12250,Asia/Irkutsk
17,Республика Дагестан,Касумкент,город,kasumkent,551816,,41.67746,48.15182,12225,Europe/Moscow
67,Саратовская область,Светлый,населённый пункт,svetlyy,831137,,51.6737,45.63054,12222,Europe/Saratov
01,Республика Адыгея,Адыгейск,город,adygeysk,483142,,44.88524,39.19059,12208,Europe/Moscow
28,Республика Карелия,Беломорск,город,belomorsk,577922,,64.53,34.76292,12165,Europe/Moscow
61,Ростовская область,Майский,населённый пункт,mayskiy,528242,,47.696,40.10259,12136,Europe/Moscow
54,Омская область,Черлак,город,cherlak,1508138,,54.15437,74.80886,12122,Asia/Omsk
42,Ленинградская область,Шлиссельбург,населённый пункт,shlisselburg,493970,,59.9473,31.03845,12115,Europe/Moscow
08,Республика Башкортостан,Кандры,населённый пункт,kandry,553169,,54.56667,54.11667,12100,Asia/Yekaterinburg
42,Ленинградская область,Волосово,населённый пункт,volosovo,472357,,59.44525,29.48911,12096,Europe/Moscow
90,Пермский край,Гремячинск,населённый пункт,gremyachinsk,558885,,58.5603,57.851,12094,Asia/Yekaterinburg
71,Свердловская область,Нижние Серги,город,nizhnie-sergi,520667,,56.66134,59.29979,12077,Asia/Yekaterinburg
42,Ленинградская область,Сиверский,населённый пункт,siverskiy,492579,,59.35444,30.07833,12076,Europe/Moscow
54,Омская область,Большеречье,город,bolshereche,1509494,,56.09727,74.63057,12072,Asia/Omsk
38,Краснодарский край,Новоминская,населённый пункт,novominskaya,518568,,46.3163,38.9586,12049,Europe/Moscow
70,Ставропольский край,Курская,город,kurskaya,538558,,44.04315,44.45497,12036,Europe/Moscow
64,Сахалинская область,Александровск-Сахалинский,город,aleksandrovsk-sahalinskiy,2127282,,50.89632,142.16337,12024,Asia/Sakhalin
49,Мурманская область,Снежногорск,населённый пункт,snezhnogorsk,795243,,69.19333,33.25314,12014,Europe/Moscow
06,Архангельская область,Емецк,населённый пункт,emetsk,467539,,63.47191,41.78023,12000,Europe/Moscow
68,Республика Северная Осетия — Алания,Дигора,город,digora,566243,,43.15666,44.15629,11999,Europe/Moscow
56,Орловская область,Знаменка,населённый пункт,znamenka,462352,,52.89789,35.97703,11995,Europe/Moscow
25,Калужская область,Кременки,населённый пункт,kremenki,541235,,54.88626,37.11955,11994,Europe/Moscow
64,Сахалинская область,Долинск,город,dolinsk,2125945,,47.32837,142.79626,11989,Asia/Sakhalin
53,Новосибирская область,Чулым,город,chulym,1507679,,55.08977,80.97022,11975,Asia/Novosibirsk
66,Санкт-Петербург,Парголово,населённый пункт,pargolovo,512566,,60.0812,30.27626,11962,Europe/Moscow
10,Брянская область,Сураж,населённый пункт,surazh,486148,,53.01747,32.39178,11962,Europe/Moscow
33,Кировская область,Зуевка,город,zuevka,461964,,58.40244,51.13227,11953,Europe/Kirov
04,Алтайский край,Сибирский,город,sibirskiy,1538642,,53.57988,83.76691,11952,Asia/Barnaul
81,Ульяновская область,Чердаклы,город,cherdakly,569360,,54.35495,48.84538,11939,Europe/Ulyanovsk
33,Кировская область,Луза,город,luza,533143,,60.62634,47.2644,11935,Europe/Kirov
54,Омская область,Тюкалинск,город,tyukalinsk,1488780,,55.87245,72.19796,11935,Asia/Omsk
84,Волгоградская область,Иловля,город,ilovlya,556961,,49.30007,43.98441,11930,Europe/Volgograd
59,Приморский край,Пограничный,город,pogranichnyy,2017851,,44.41041,131.37847,11930,Asia/Vladivostok
57,Пензенская область,Земетчино,населённый пункт,zemetchino,463710,,53.4973,42.61632,11928,Europe/Moscow
07,Астраханская область,Нариманов,город,narimanov,523443,,46.69306,47.85071,11905,Europe/Astrakhan
56,Орловская область,Болхов,населённый пункт,bolhov,575364,,53.44295,36.00546,11904,Europe/Moscow
93,Забайкальский край,Карымское,город,karymskoe,2023094,,51.62679,114.33681,11901,Asia/Chita
60,Псковская область,Порхов,город,porhov,506278,,57.76502,29.55612,11886,Europe/Moscow
23,Калининградская область,Пионерский,город,pionerskiy,509437,,54.95083,20.22748,11856,Europe/Kaliningrad
10,Брянская область,Локоть,город,lokot,534413,,52.57472,34.57673,11853,Europe/Moscow
19,Республика Ингушетия,Сагопши,населённый пункт,sagopshi,499404,,43.48515,44.59063,11848,Europe/Moscow
38,Краснодарский край,Успенская,город,uspenskaya,478197,,44.83182,41.38647,11843,Europe/Moscow
91,Красноярский край,Дубинино,населённый пункт,dubinino,1507172,,55.61917,89.09111,11841,Asia/Krasnoyarsk
47,Московская область,Красково,населённый пункт,kraskovo,542841,,55.658,37.98,11832,Europe/Moscow
73,Республика Татарстан,Тетюши,город,tetyushi,483150,,54.93768,48.83267,11826,Europe/Moscow
17,Республика Дагестан,Каякент,населённый пункт,kayakent,551646,,42.38736,47.90301,11805,Europe/Moscow
05,Амурская область,Серышево,город,seryshevo,2016942,,51.09398,128.38132,11794,Asia/Yakutsk
17,Республика Дагестан,Нижнее Казанище,населённый пункт,nizhnee-kazanische,520955,,42.76369,47.16027,11765,Europe/Moscow
47,Московская область,Некрасовский,населённый пункт,nekrasovskiy,522803,,56.08667,37.49753,11740,Europe/Moscow
05,Амурская область,Магдагачи,город,magdagachi,2020591,,53.4524,125.80744,11739,Asia/Yakutsk
51,Нижегородская область,Починки,город,pochinki,508635,,54.70146,44.85762,11724,Europe/Moscow
38,Краснодарский край,Платнировская,населённый пункт,platnirovskaya,509113,,45.39531,39.3842,11710,Europe/Moscow
16,Чувашская Республика,Козловка,населённый пункт,kozlovka,543133,,55.84284,48.2492,11700,Europe/Moscow
47,Московская область,Краснозаводск,населённый пункт,krasnozavodsk,541950,,56.44814,38.21511,11694,Europe/Moscow
38,Краснодарский край,Кавказская,город,kavkazskaya,551669,,45.44392,40.66703,11680,Europe/Moscow
33,Кировская область,Белая Холуница,город,belaya-holunitsa,578152,,58.84031,50.83887,11658,Europe/Kirov
57,Пензенская область,Мокшан,населённый пункт,mokshan,525659,,53.4365,44.61322,11652,Europe/Moscow
63,Республика Саха (Якутия),Марха,населённый пункт,marha,2020221,,62.11454,129.74403,11648,Asia/Yakutsk
25,Калужская область,Боровск,город,borovsk,572070,,55.20343,36.49088,11578,Europe/Moscow
22,Кабардино-Балкарская Республика,Шалушка,населённый пункт,shalushka,495918,,43.5325,43.56611,11577,Europe/Moscow
85,Вологодская область,Кадуй,населённый пункт,kaduy,554535,,59.2,37.15,11570,Europe/Moscow
29,Кемеровская область,Краснобродский,населённый пункт,krasnobrodskiy,1484871,,54.1581,86.4486,11565,Asia/Novokuznetsk
68,Республика Северная Осетия — Алания,Сунжа,населённый пункт,sunzha,486203,,43.05862,44.82281,11548,Europe/Moscow
16,Чувашская Республика,Кугеси,населённый пункт,kugesi,539794,,56.02895,47.29255,11547,Europe/Moscow
13,Челябинская область,Бажово,населённый пункт,bazhovo,1540882,,55.05955,61.60445,11537,Asia/Yekaterinburg
04,Алтайский край,Змеиногорск,город,zmeinogorsk,1485042,,51.15814,82.1941,11514,Asia/Barnaul
51,Нижегородская область,Мулино,населённый пункт,mulino,524504,,56.28923,42.92005,11513,Europe/Moscow
77,Тверская область,Редкино,населённый пункт,redkino,502265,,56.64754,36.29674,11507,Europe/Moscow
30,Хабаровский край,Хор,населённый пункт,hor,2022317,,47.88399,134.95577,11503,Asia/Vladivostok
34,Республика Коми,Микунь,населённый пункт,mikun,526600,,62.35472,50.07714,11502,Europe/Moscow
65,Самарская область,Прибрежный,населённый пункт,pribrezhnyy,7117224,,53.48662,49.85836,11500,Europe/Samara
59,Приморский край,Камень-Рыболов,город,kamen-rybolov,2023226,,44.74007,132.04217,11489,Asia/Vladivostok
21,Ивановская область,Юрьевец,город,yurevets,466258,,57.31213,43.10395,11488,Europe/Moscow
23,Калининградская область,Гурьевск,город,gurevsk,557906,,54.77323,20.60521,11474,Europe/Kaliningrad
68,Республика Северная Осетия — Алания,Ногир,населённый пункт,nogir,520065,,43.08162,44.6365,11469,Europe/Moscow
04,Алтайский край,Михайловский,город,mihaylovskiy,1498775,,51.82228,79.72136,11467,Asia/Barnaul
04,Алтайский край,Шипуново,населённый пункт,shipunovo,1492160,,52.21731,82.26747,11431,Asia/Barnaul
70,Ставропольский край,Прасковея,населённый пункт,praskoveya,505641,,44.74444,44.20306,11420,Europe/Moscow
79,Республика Тыва,Шагонар,населённый пункт,shagonar,1492499,,51.534,92.93164,11415,Asia/Krasnoyarsk
47,Московская область,Дрезна,населённый пункт,drezna,565007,,55.74208,38.84753,11386,Europe/Moscow
33,Кировская область,Кирс,город,kirs,548333,,59.33829,52.24402,11385,Europe/Kirov
70,Ставропольский край,Левокумское,город,levokumskoe,535438,,44.82194,44.66056,11377,Europe/Moscow
61,Ростовская область,Усть-Донецкий,город,ust-donetskiy,478132,,47.64377,40.8718,11357,Europe/Moscow
61,Ростовская область,Песчанокопское,город,peschanokopskoe,510613,,46.19448,41.08148,11340,Europe/Moscow
33,Кировская область,Уржум,город,urzhum,478532,,57.11442,49.99925,11333,Europe/Kirov
01,Республика Адыгея,Ханская,населённый пункт,hanskaya,550708,,44.67702,39.9616,11297,Europe/Moscow
13,Челябинская область,Увельский,город,uvelskiy,1487933,,54.44321,61.35548,11293,Asia/Yekaterinburg
73,Республика Татарстан,Уруссу,город,urussu,478565,,54.59701,53.45625,11279,Europe/Moscow
61,Ростовская область,Тацинская,город,tatsinskaya,484017,,48.19448,41.27972,11258,Europe/Moscow
59,Приморский край,Хороль,город,horol,2022289,,44.42697,132.07709,11245,Asia/Vladivostok
10,Брянская область,Погар,город,pogar,507875,,52.55287,33.25961,11242,Europe/Moscow
61,Ростовская область,Глубокий,населённый пункт,glubokiy,561146,,48.52716,40.33144,11225,Europe/Moscow
08,Республика Башкортостан,Чекмагуш,город,chekmagush,569579,,55.14182,54.64305,11225,Asia/Yekaterinburg
78,Тюменская область,Винзили,населённый пункт,vinzili,1487086,,56.95938,65.7708,11219,Asia/Yekaterinburg
04,Алтайский край,Волчиха,город,volchiha,1486983,,52.02023,80.36124,11212,Asia/Barnaul
55,Оренбургская область,Новоорск,город,novoorsk,518418,,51.38122,58.98517,11212,Asia/Yekaterinburg
91,Красноярский край,Богучаны,город,boguchany,1509844,,58.38317,97.44883,11209,Asia/Krasnoyarsk
38,Краснодарский край,Анастасиевская,населённый пункт,anastasievskaya,582163,,45.21576,37.89258,11204,Europe/Moscow
47,Московская область,Львовский,населённый пункт,lvovskiy,533008,,55.31872,37.52337,11202,Europe/Moscow
83,Владимирская область,Суздаль,город,suzdal,485824,,56.42408,40.44978,11183,Europe/Moscow
34,Республика Коми,Нижний Одес,населённый пункт,nizhniy-odes,520552,,63.64451,54.85598,11165,Europe/Moscow
13,Челябинская область,Старокамышинск,район города,starokamyshinsk,1540852,,55.03912,61.58778,11158,Asia/Yekaterinburg
12,Чеченская Республика,Мескер-Юрт,населённый пункт,mesker-yurt,527388,,43.25147,45.90716,11147,Europe/Moscow
54,Омская область,Муромцево,город,muromtsevo,1498205,,56.36919,75.25044,11147,Asia/Omsk
37,Костромская область,Нея,город,neya,522353,,58.29708,43.86834,11144,Europe/Moscow
32,Ханты-Мансийский автономный округ — Югра,Междуреченский,город,mezhdurechenskiy,1498919,,59.6,65.93333,11121,Asia/Yekaterinburg
85,Вологодская область,Харовск,населённый пункт,harovsk,550512,,59.96425,40.19121,11115,Europe/Moscow
42,Ленинградская область,Вырица,населённый пункт,vyritsa,470368,,59.40778,30.34806,11107,Europe/Moscow
85,Вологодская область,Вытегра,населённый пункт,vytegra,469960,,61.00636,36.44811,11099,Europe/Moscow
47,Московская область,Фряново,населённый пункт,fryanovo,562322,,56.13333,38.45,11088,Europe/Moscow
71,Свердловская область,Троицкий,населённый пункт,troitskiy,1489218,,57.06028,63.74811,11081,Asia/Yekaterinburg
71,Свердловская область,Бисерть,населённый пункт,bisert,576260,,56.85884,59.05297,11077,Asia/Yekaterinburg
61,Ростовская область,Целина,город,tselina,481036,,46.53421,41.03158,11075,Europe/Moscow
42,Ленинградская область,Ивангород,населённый пункт,ivangorod,555624,,59.37155,28.21625,11074,Europe/Moscow
46,Республика Мордовия,Комсомольский,населённый пункт,komsomolskiy,545717,,54.44522,45.83136,11070,Europe/Moscow
70,Ставропольский край,Солдато-Александровское,населённый пункт,soldato-aleksandrovskoe,491085,,44.26588,43.75314,11059,Europe/Moscow
85,Вологодская область,Белозёрск,населённый пункт,belozyorsk,577711,,60.0288,37.8084,11049,Europe/Moscow
70,Ставропольский край,Курсавка,город,kursavka,538582,,44.46151,42.50407,11043,Europe/Moscow
47,Московская область,Купавна,населённый пункт,kupavna,539069,,55.74576,38.13136,11000,Europe/Moscow
47,Московская область,Октябрьский,населённый пункт,oktyabrskiy,515873,,55.60806,37.97738,11000,Europe/Moscow
23,Калининградская область,Светлогорск,город,svetlogorsk,485699,,54.93987,20.15479,11000,Europe/Kaliningrad
61,Ростовская область,Чертково,город,chertkovo,568429,,49.38364,40.15231,11000,Europe/Moscow
42,Ленинградская область,Новое Девяткино,населённый пункт,novoe-devyatkino,517577,,60.06364,30.48328,10978,Europe/Moscow
71,Свердловская область,Баранчинский,населённый пункт,baranchinskiy,579266,,58.1617,59.6991,10970,Asia/Yekaterinburg
06,Архангельская область,Каргополь,населённый пункт,kargopol,552465,,61.50359,38.9486,10966,Europe/Moscow
71,Свердловская область,Верхняя Синячиха,населённый пункт,verhnyaya-sinyachiha,1487272,,57.97604,61.66733,10964,Asia/Yekaterinburg
77,Тверская область,Кувшиново,город,kuvshinovo,538104,,57.02857,34.17895,10960,Europe/Moscow
21,Ивановская область,Наволоки,населённый пункт,navoloki,523161,,57.46572,41.96344,10951,Europe/Moscow
22,Кабардино-Балкарская Республика,Чегем Второй,населённый пункт,chegem-vtoroy,569632,,43.59583,43.59944,10951,Europe/Moscow
81,Ульяновская область,Новоспасское,город,novospasskoe,517897,,53.15075,47.74766,10941,Europe/Ulyanovsk
09,Белгородская область,Ровеньки,город,rovenki,501127,,49.91786,38.9074,10939,Europe/Moscow
38,Краснодарский край,Старокорсунская,населённый пункт,starokorsunskaya,488785,,45.05727,39.31611,10915,Europe/Moscow
93,Забайкальский край,Атаманская,населённый пункт,atamanskaya,2027373,,51.92934,113.64393,10904,Asia/Chita
65,Самарская область,Рощинский,населённый пункт,roschinskiy,11888186,,53.05111,50.49667,10903,Europe/Samara
22,Кабардино-Балкарская Республика,Исламей,населённый пункт,islamey,537344,,43.67556,43.455,10899,Europe/Moscow
87,Ямало-Ненецкий автономный округ,Пангоды,населённый пункт,pangody,1495626,,65.85002,74.48593,10898,Asia/Yekaterinburg
04,Алтайский край,Троицкое,город,troitskoe,1489209,,52.9826,84.68031,10887,Asia/Barnaul
76,Тульская область,Первомайский,район города,pervomayskiy,510899,,54.04482,37.50875,10885,Europe/Moscow
53,Новосибирская область,Каргат,город,kargat,1504380,,55.1929,80.28261,10881,Asia/Novosibirsk
07,Астраханская область,Красный Яр,город,krasnyy-yar,541349,,46.53241,48.34476,10876,Europe/Astrakhan
06,Архангельская область,Плесецк,город,plesetsk,509026,,62.71165,40.29104,10870,Europe/Moscow
51,Нижегородская область,Володарск,город,volodarsk,472494,,56.22547,43.17585,10862,Europe/Moscow
12,Чеченская Республика,Самашки,населённый пункт,samashki,499051,,43.28935,45.29786,10848,Europe/Moscow
28,Республика Карелия,Суоярви,город,suoyarvi,486186,,62.08807,32.37327,10833,Europe/Moscow
16,Чувашская Республика,Вурнары,населённый пункт,vurnary,470845,,55.49044,46.96479,10825,Europe/Moscow
53,Новосибирская область,Колывань,город,kolyvan,1502822,,55.30891,82.74196,10807,Asia/Novosibirsk
91,Красноярский край,Емельяново,город,emelyanovo,1486031,,56.1703,92.67208,10800,Asia/Krasnoyarsk
38,Краснодарский край,Казанская,населённый пункт,kazanskaya,551439,,45.4106,40.4361,10794,Europe/Moscow
80,Удмуртская Республика,Кез,город,kez,550902,,57.8957,53.7132,10792,Europe/Samara
33,Кировская область,Радужный,населённый пункт,raduzhnyy,6267009,,58.49899,49.64347,10792,Europe/Kirov
28,Республика Карелия,Надвоицы,населённый пункт,nadvoitsy,523662,,63.889,34.258,10780,Europe/Moscow
12,Чеченская Республика,Майртуп,населённый пункт,mayrtup,528258,,43.20348,46.13215,10778,Europe/Moscow
47,Московская область,Высоковск,населённый пункт,vysokovsk,470083,,56.31667,36.55,10772,Europe/Moscow
46,Республика Мордовия,Краснослободск,город,krasnoslobodsk,542212,,54.42548,43.78561,10748,Europe/Moscow
65,Самарская область,Алексеевка,населённый пункт,alekseevka,582890,,53.24842,50.49116,10737,Europe/Samara
16,Чувашская Республика,Ядрин,населённый пункт,yadrin,469809,,55.94052,46.20622,10735,Europe/Moscow
04,Алтайский край,Белоярск,населённый пункт,beloyarsk,1510454,,53.4461,83.9048,10733,Asia/Barnaul
47,Московская область,Михнево,населённый пункт,mihnevo,526651,,55.12747,37.95451,10726,Europe/Moscow
24,Республика Калмыкия,Городовики,населённый пункт,gorodoviki,559478,,46.13528,41.96556,10706,Europe/Moscow
47,Московская область,Быково,населённый пункт,bykovo,570298,,55.63614,38.08027,10700,Europe/Moscow
38,Краснодарский край,Псебай,населённый пункт,psebay,504391,,44.1234,40.8107,10700,Europe/Moscow
20,Иркутская область,Новая Игирма,населённый пункт,novaya-igirma,2019004,,57.1334,103.9112,10681,Asia/Irkutsk
45,Республика Марий Эл,Советский,город,sovetskiy,490040,,56.76209,48.47568,10674,Europe/Moscow
17,Республика Дагестан,Южно-Сухокумск,город,yuzhno-suhokumsk,466060,,44.66033,45.6475,10665,Europe/Moscow
13,Челябинская область,Локомотивный,город,lokomotivnyy,1538638,,53.0448,60.61563,10663,Asia/Yekaterinburg
77,Тверская область,Озёрный,населённый пункт,ozyornyy,831208,,57.9,33.65,10661,Europe/Moscow
08,Республика Башкортостан,Кушнарёнково,населённый пункт,kushnaryonkovo,538368,,55.105,55.35083,10650,Asia/Yekaterinburg
91,Красноярский край,Солнечный,район города,solnechnyy,1538639,,56.11583,92.92528,10641,Asia/Krasnoyarsk
61,Ростовская область,Самарское,населённый пункт,samarskoe,499055,,46.93611,39.68255,10638,Europe/Moscow
22,Кабардино-Балкарская Республика,Кенже,населённый пункт,kenzhe,551070,,43.49857,43.55413,10636,Europe/Moscow
65,Самарская область,Усть-Кинельский,населённый пункт,ust-kinelskiy,6857395,,53.2682,50.57815,10634,Europe/Samara
93,Забайкальский край,Хилок,город,hilok,2022463,,51.35876,110.46165,10627,Asia/Chita
52,Новгородская область,Сольцы,город,soltsy,490750,,58.12229,30.31831,10625,Europe/Moscow
38,Краснодарский край,Старомышастовская,населённый пункт,staromyshastovskaya,488730,,45.34329,39.07608,10625,Europe/Moscow
61,Ростовская область,Аютинский,населённый пункт,ayutinskiy,580139,,47.78228,40.14763,10623,Europe/Moscow
42,Ленинградская область,Посёлок имени Морозова,населённый пункт,posyolok-imeni-morozova,556575,,59.97572,31.03762,10623,Europe/Moscow
47,Московская область,Ожерелье,населённый пункт,ozherele,513362,,54.79197,38.26559,10618,Europe/Moscow
47,Московская область,Обухово,населённый пункт,obuhovo,516305,,55.83278,38.2725,10616,Europe/Moscow
90,Пермский край,Яйва,населённый пункт,yayva,468560,,59.3347,57.2592,10615,Asia/Yekaterinburg
59,Приморский край,Покровка,город,pokrovka,2017838,,43.95134,131.63848,10614,Asia/Vladivostok
71,Свердловская область,Верхняя Тура,населённый пункт,verhnyaya-tura,474462,,58.36083,59.80667,10608,Asia/Yekaterinburg
47,Московская область,Давыдово,населённый пункт,davydovo,566950,,55.60859,38.86109,10606,Europe/Moscow
28,Республика Карелия,Пудож,населённый пункт,pudozh,504269,,61.80415,36.5277,10605,Europe/Moscow
49,Мурманская область,Кола,город,kola,546554,,68.88138,33.01769,10600,Europe/Moscow
73,Республика Татарстан,Нижняя Мактама,населённый пункт,nizhnyaya-maktama,520318,,54.86356,52.4281,10600,Europe/Moscow
09,Белгородская область,Ракитное,город,rakitnoe,503067,,50.84076,35.85212,10596,Europe/Moscow
17,Республика Дагестан,Альбурикент,населённый пункт,alburikent,583416,,42.97389,47.47111,10591,Europe/Moscow
20,Иркутская область,Куйтун,город,kuytun,2021093,,54.33886,101.50817,10566,Asia/Irkutsk
85,Вологодская область,Устюжна,населённый пункт,ustyuzhna,477795,,58.8394,36.4321,10566,Europe/Moscow
93,Забайкальский край,Забайкальск,город,zabaykalsk,2012780,,49.65137,117.32674,10563,Asia/Chita
22,Кабардино-Балкарская Республика,Заюково,населённый пункт,zayukovo,463966,,43.61611,43.33389,10559,Europe/Moscow
17,Республика Дагестан,Тарки,населённый пункт,tarki,484334,,42.94423,47.49527,10554,Europe/Moscow
53,Новосибирская область,Мошково,город,moshkovo,1498389,,55.30546,83.61324,10541,Asia/Novosibirsk
85,Вологодская область,Тотьма,населённый пункт,totma,481960,,59.97375,42.76487,10500,Europe/Moscow
68,Республика Северная Осетия — Алания,Михайловское,населённый пункт,mihaylovskoe,526749,,43.09972,44.63164,10479,Europe/Moscow
11,Республика Бурятия,Онохой,населённый пункт,onohoy,2018436,,51.92619,108.06035,10478,Asia/Irkutsk
38,Краснодарский край,Старонижестеблиевская,населённый пункт,staronizhesteblievskaya,488713,,45.38315,38.44304,10478,Europe/Moscow
72,Тамбовская область,Сосновка,город,sosnovka,490323,,53.23088,41.36562,10475,Europe/Moscow
54,Омская область,Любинский,город,lyubinskiy,1500125,,55.15821,72.6932,10461,Asia/Omsk
13,Челябинская область,Бреды,город,bredy,1508811,,52.41986,60.33684,10450,Asia/Yekaterinburg
47,Московская область,Конобеево,населённый пункт,konobeevo,545405,,55.40776,38.66261,10434,Europe/Moscow
05,Амурская область,Архара,город,arhara,2027487,,49.42449,130.08426,10430,Asia/Yakutsk
10,Брянская область,Белые Берега,населённый пункт,belye-berega,577560,,53.20851,34.66405,10425,Europe/Moscow
71,Свердловская область,Волчанск,населённый пункт,volchansk,1486984,,59.9378,60.081,10403,Asia/Yekaterinburg
67,Саратовская область,Базарный Карабулак,город,bazarnyy-karabulak,578466,,52.27235,46.41711,10389,Europe/Saratov
79,Республика Тыва,Каа-Хем,город,kaa-hem,1505187,,51.69435,94.57021,10375,Asia/Krasnoyarsk
59,Приморский край,Славянка,город,slavyanka,2016430,,42.86242,131.38919,10375,Asia/Vladivostok
47,Московская область,Правдинский,населённый пункт,pravdinskiy,505597,,56.06034,37.86266,10372,Europe/Moscow
38,Краснодарский край,Новомихайловский,населённый пункт,novomihaylovskiy,518585,,44.2626,38.8585,10370,Europe/Moscow
08,Республика Башкортостан,Серафимовский,населённый пункт,serafimovskiy,496954,,54.42408,53.7964,10360,Asia/Yekaterinburg
11,Республика Бурятия,Таксимо,город,taksimo,2015701,,56.34543,114.89428,10359,Asia/Irkutsk
47,Московская область,Шаховская,город,shahovskaya,496035,,56.03082,35.50638,10353,Europe/Moscow
53,Новосибирская область,Краснозерское,город,krasnozerskoe,1501988,,53.986,79.23999,10339,Asia/Novosibirsk
91,Красноярский край,Заозёрный,населённый пункт,zaozyornyy,1485487,,55.9618,94.707,10336,Asia/Krasnoyarsk
33,Кировская область,Вахруши,населённый пункт,vahrushi,477340,,58.68472,50.02611,10330,Europe/Kirov
43,Липецкая область,Задонск,город,zadonsk,465726,,52.3904,38.9261,10326,Europe/Moscow
53,Новосибирская область,Ордынское,город,ordynskoe,1496100,,54.36225,81.88658,10314,Asia/Novosibirsk
33,Кировская область,Нолинск,город,nolinsk,520041,,57.5593,49.93332,10282,Europe/Kirov
70,Ставропольский край,Александрийская,населённый пункт,aleksandriyskaya,583368,,44.22722,43.34528,10279,Europe/Moscow
72,Тамбовская область,Инжавино,город,inzhavino,556275,,52.31976,42.49154,10278,Europe/Moscow
38,Краснодарский край,Двубратский,населённый пункт,dvubratskiy,840909,,45.23888,39.80499,10272,Europe/Moscow
47,Московская область,Новоподрезково,населённый пункт,novopodrezkovo,518337,,55.93972,37.34417,10271,Europe/Moscow
12,Чеченская Республика,Ассиновская,населённый пункт,assinovskaya,580545,,43.24167,45.18194,10270,Europe/Moscow
13,Челябинская область,Верхнеуральск,город,verhneuralsk,475463,,53.87897,59.21651,10267,Asia/Yekaterinburg
84,Волгоградская область,Новониколаевский,город,novonikolaevskiy,518488,,50.97449,42.36004,10251,Europe/Volgograd
12,Чеченская Республика,Аллерой,населённый пункт,alleroy,582462,,43.21711,46.28209,10247,Europe/Moscow
63,Республика Саха (Якутия),Чульман,населённый пункт,chulman,2025261,,56.84735,124.90812,10220,Asia/Yakutsk
70,Ставропольский край,Лысогорская,населённый пункт,lysogorskaya,532706,,44.10639,43.27556,10219,Europe/Moscow
71,Свердловская область,Михайловск,населённый пункт,mihaylovsk,526815,,56.43583,59.12,10209,Asia/Yekaterinburg
61,Ростовская область,Кривянская,населённый пункт,krivyanskaya,540797,,47.39689,40.1668,10203,Europe/Moscow
55,Оренбургская область,Тюльган,город,tyulgan,479871,,52.34127,56.16157,10200,Asia/Yekaterinburg
16,Чувашская Республика,Мариинский Посад,населённый пункт,mariinskiy-posad,529343,,56.11497,47.71805,10199,Europe/Moscow
12,Чеченская Республика,Старые Атаги,населённый пункт,starye-atagi,488128,,43.12028,45.74056,10183,Europe/Moscow
08,Республика Башкортостан,Толбазы,город,tolbazy,482432,,54.01106,55.88688,10183,Asia/Yekaterinburg
25,Калужская область,Таруса,город,tarusa,484287,,54.72467,37.1722,10180,Europe/Moscow
05,Амурская область,Екатеринославка,город,ekaterinoslavka,2013032,,50.3737,129.11074,10178,Asia/Yakutsk
12,Чеченская Республика,Алхан-Кала,населённый пункт,alhan-kala,582493,,43.25861,45.53917,10168,Europe/Moscow
54,Омская область,Кормиловка,населённый пункт,kormilovka,1502526,,55.00264,74.10281,10166,Asia/Omsk
38,Краснодарский край,Советская,населённый пункт,sovetskaya,490065,,44.77694,41.17222,10166,Europe/Moscow
75,Томская область,Мельниково,город,melnikovo,1499007,,56.55687,84.0814,10157,Asia/Tomsk
30,Хабаровский край,Эльбан,населённый пункт,elban,2024449,,50.09534,136.50106,10155,Asia/Vladivostok
09,Белгородская область,Прохоровка,город,prohorovka,504915,,51.03594,36.73138,10136,Europe/Moscow
47,Московская область,Болшево,район города,bolshevo,574307,,55.93486,37.83002,10133,Europe/Moscow
46,Республика Мордовия,Зубова Поляна,город,zubova-polyana,462050,,54.07813,42.83645,10119,Europe/Moscow
29,Кемеровская область,Шерегеш,населённый пункт,sheregesh,1492252,,52.9209,87.9869,10114,Asia/Novokuznetsk
32,Ханты-Мансийский автономный округ — Югра,Солнечный,населённый пункт,solnechnyy,11888184,,61.27944,73.18139,10103,Asia/Yekaterinburg
25,Калужская область,Ермолино,населённый пункт,ermolino,467238,,55.19489,36.59513,10100,Europe/Moscow
64,Сахалинская область,Шахтёрск,населённый пункт,shahtyorsk,2121367,,49.16804,142.11571,10100,Asia/Sakhalin
64,Сахалинская область,Ноглики,город,nogliki,2122783,,51.79681,143.13645,10098,Asia/Sakhalin
13,Челябинская область,Аргаяш,город,argayash,1511428,,55.48847,60.87364,10096,Asia/Yekaterinburg
71,Свердловская область,Пышма,город,pyshma,1493870,,56.95327,63.25231,10094,Asia/Yekaterinburg
76,Тульская область,Болохово,населённый пункт,bolohovo,575343,,54.08378,37.82895,10084,Europe/Moscow
93,Забайкальский край,Шерловая Гора,населённый пункт,sherlovaya-gora,2016735,,50.53378,116.31831,10081,Asia/Chita
43,Липецкая область,Добринка,город,dobrinka,565857,,52.16528,40.47306,10063,Europe/Moscow
61,Ростовская область,Шолоховский,населённый пункт,sholohovskiy,493839,,48.28071,41.04592,10062,Europe/Moscow
69,Смоленская область,Ельня,город,elnya,467753,,54.57735,33.18474,10050,Europe/Moscow
61,Ростовская область,Гигант,населённый пункт,gigant,561501,,46.50665,41.34185,10034,Europe/Moscow
24,Республика Калмыкия,Троицкое,город,troitskoe,481542,,46.41303,44.25788,10025,Europe/Moscow
59,Приморский край,Ярославский,населённый пункт,yaroslavskiy,2013089,,44.18624,132.22865,10010,Asia/Vladivostok
05,Амурская область,Сковородино,город,skovorodino,2016443,,53.98367,123.94014,10007,Asia/Yakutsk
28,Республика Карелия,Олонец,город,olonets,515403,,60.98106,32.97261,10005,Europe/Moscow
92,Камчатский край,Ключи,населённый пункт,klyuchi,2124440,,56.32035,160.84541,10000,Asia/Kamchatka
42,Ленинградская область,Колтуши,населённый пункт,koltushi,546055,,59.92969,30.64465,10000,Europe/Moscow
48,Москва,Краснооктябрьский,район города,krasnooktyabrskiy,542287,,55.85381,37.49604,10000,Europe/Moscow
66,Санкт-Петербург,Лахтинский,район города,lahtinskiy,537127,,59.99521,30.14717,10000,Europe/Moscow
47,Московская область,Ногинск-9,населённый пункт,noginsk-9,7601828,,56.06681,38.50013,10000,Europe/Moscow
83,Владимирская область,Красный Октябрь,населённый пункт,krasnyy-oktyabr,541549,,56.11667,38.88333,9999,Europe/Moscow
22,Кабардино-Балкарская Республика,Залукокоаже,город,zalukokoazhe,465174,,43.90063,43.2143,9997,Europe/Moscow
19,Республика Ингушетия,Долаково,населённый пункт,dolakovo,567280,,43.23759,44.58964,9994,Europe/Moscow
53,Новосибирская область,Кольцово,город,koltsovo,1502847,,54.94204,83.19192,9976,Asia/Novosibirsk
63,Республика Саха (Якутия),Нюрба,город,nyurba,2018735,,63.28431,118.34975,9972,Asia/Yakutsk
73,Республика Татарстан,Актюбинский,населённый пункт,aktyubinskiy,583548,,54.81372,52.80559,9964,Europe/Moscow
77,Тверская область,Западная Двина,город,zapadnaya-dvina,464891,,56.25901,32.07454,9962,Europe/Moscow
71,Свердловская область,Малышева,населённый пункт,malysheva,1499668,,57.11851,61.40345,9955,Asia/Yekaterinburg
77,Тверская область,Озёрный,населённый пункт,ozyornyy,13132854,,57.86657,33.66401,9951,Europe/Moscow
63,Республика Саха (Якутия),Вилюйск,город,vilyuysk,2013392,,63.75136,121.63292,9948,Asia/Yakutsk
81,Ульяновская область,Ишеевка,город,isheevka,555984,,54.42618,48.26983,9944,Europe/Ulyanovsk
67,Саратовская область,Александров Гай,город,aleksandrov-gay,583345,,50.14197,48.56904,9919,Europe/Saratov
38,Краснодарский край,Новомышастовская,населённый пункт,novomyshastovskaya,518540,,45.19909,38.58272,9916,Europe/Moscow
32,Ханты-Мансийский автономный округ — Югра,Новоаганск,населённый пункт,novoagansk,1497210,,61.9449,76.6625,9907,Asia/Yekaterinburg
13,Челябинская область,Варна,город,varna,1487764,,53.37976,60.97306,9906,Asia/Yekaterinburg
55,Оренбургская область,Илек,город,ilek,557340,,51.52696,53.3824,9898,Asia/Yekaterinburg
54,Омская область,Лузино,населённый пункт,luzino,1500207,,54.94811,73.03531,9897,Asia/Omsk
12,Чеченская Республика,Серноводское,город,sernovodskoe,496564,,43.31277,45.15969,9882,Europe/Moscow
21,Ивановская область,Пучеж,город,puchezh,504294,,56.9761,43.16656,9881,Europe/Moscow
57,Пензенская область,Бессоновка,населённый пункт,bessonovka,576663,,53.30968,45.04069,9880,Europe/Moscow
07,Астраханская область,Икряное,город,ikryanoe,557390,,46.09292,47.72965,9880,Europe/Astrakhan
80,Удмуртская Республика,Кизнер,город,kizner,547831,,56.27489,51.508,9847,Europe/Samara
84,Волгоградская область,Серафимович,город,serafimovich,496957,,49.57572,42.73227,9847,Europe/Volgograd
76,Тульская область,Ленинский,город,leninskiy,536111,,54.28734,37.4571,9834,Europe/Moscow
52,Новгородская область,Панковка,населённый пункт,pankovka,512817,,58.50004,31.1999,9828,Europe/Moscow
05,Амурская область,Прогресс,город,progress,2017615,,49.74529,129.67217,9820,Asia/Yakutsk
48,Москва,Кокошкино,населённый пункт,kokoshkino,546606,,55.59769,37.1695,9818,Europe/Moscow
24,Республика Калмыкия,Городовиковск,город,gorodovikovsk,559475,,46.08776,41.93344,9809,Europe/Moscow
53,Новосибирская область,Горный,населённый пункт,gornyy,1506254,,55.1153,83.9059,9808,Asia/Novosibirsk
11,Республика Бурятия,Заречный,район города,zarechnyy,2012655,,51.84928,107.521,9806,Asia/Irkutsk
90,Пермский край,Звездный,населённый пункт,zvezdnyy,831140,,57.7325,56.31472,9800,Asia/Yekaterinburg
20,Иркутская область,Залари,город,zalari,2012702,,53.55879,102.50909,9781,Asia/Irkutsk
08,Республика Башкортостан,Месягутово,город,mesyagutovo,527370,,55.53227,58.24616,9780,Asia/Yekaterinburg
49,Мурманская область,Ревда,населённый пункт,revda,502010,,67.9371,34.56149,9780,Europe/Moscow
63,Республика Саха (Якутия),Покровск,город,pokrovsk,2017824,,61.47923,129.13864,9763,Asia/Yakutsk
08,Республика Башкортостан,Буздяк,город,buzdyak,570455,,54.56924,54.53083,9752,Asia/Yekaterinburg
73,Республика Татарстан,Алексеевское,город,alekseevskoe,582775,,55.30708,50.11888,9738,Europe/Moscow
52,Новгородская область,Крестцы,город,kresttsy,541116,,58.24782,32.51796,9737,Europe/Moscow
67,Саратовская область,Старые Озинки,населённый пункт,starye-ozinki,513329,,51.1786,49.6769,9733,Europe/Saratov
38,Краснодарский край,Ивановская,населённый пункт,ivanovskaya,555279,,45.27601,38.46435,9729,Europe/Moscow
40,Курганская область,Варгаши,населённый пункт,vargashi,1487784,,55.35556,65.84667,9728,Asia/Yekaterinburg
12,Чеченская Республика,Гехи,населённый пункт,gehi,561670,,43.16354,45.47238,9714,Europe/Moscow
47,Московская область,Киевский,населённый пункт,kievskiy,6697077,,55.42999,36.8666,9700,Europe/Moscow
47,Московская область,Коптёво,район города,koptyovo,545078,,55.833,37.522,9700,Europe/Moscow
40,Курганская область,Макушино,город,makushino,1500036,,55.20506,67.25125,9682,Asia/Yekaterinburg
42,Ленинградская область,Новая Ладога,населённый пункт,novaya-ladoga,519630,,60.10246,32.30191,9680,Europe/Moscow
91,Красноярский край,Абан,город,aban,1512218,,56.67674,96.06506,9670,Asia/Krasnoyarsk
55,Оренбургская область,Переволотский,город,perevolotskiy,511291,,51.87766,54.19007,9667,Asia/Yekaterinburg
57,Пензенская область,Башмаково,населённый пункт,bashmakovo,578842,,53.21329,43.0342,9654,Europe/Moscow
65,Самарская область,Новосемейкино,населённый пункт,novosemeykino,517992,,53.37056,50.35428,9646,Europe/Samara
46,Республика Мордовия,Ромоданово,город,romodanovo,501349,,54.42006,45.34037,9646,Europe/Moscow
12,Чеченская Республика,Знаменское,город,znamenskoe,462313,,43.67669,45.12751,9641,Europe/Moscow
69,Смоленская область,Рудня,город,rudnya,500667,,54.94712,31.09228,9615,Europe/Moscow
60,Псковская область,Дно,город,dno,565885,,57.82882,29.96917,9607,Europe/Moscow
60,Псковская область,Дедовичи,город,dedovichi,566868,,57.5516,29.94684,9606,Europe/Moscow
38,Краснодарский край,Пластуновская,населённый пункт,plastunovskaya,509124,,45.29432,39.26505,9604,Europe/Moscow
12,Чеченская Республика,Шелковская,город,shelkovskaya,495000,,43.50774,46.33622,9602,Europe/Moscow
93,Забайкальский край,Куанда,населённый пункт,kuanda,2055815,,56.32691,116.09313,9601,Asia/Chita
47,Московская область,Виноградово,населённый пункт,vinogradovo,473535,,55.94668,37.5384,9600,Europe/Moscow
56,Орловская область,Нарышкино,город,naryshkino,523382,,52.96778,35.72677,9600,Europe/Moscow
78,Тюменская область,Омутинское,город,omutinskoe,1496142,,56.46845,67.64172,9595,Asia/Yekaterinburg
71,Свердловская область,Сосьва,город,sosva,1491267,,59.17662,61.85579,9595,Asia/Yekaterinburg
22,Кабардино-Балкарская Республика,Сармаково,населённый пункт,sarmakovo,498538,,43.74556,43.20028,9588,Europe/Moscow
78,Тюменская область,Богандинский,населённый пункт,bogandinskiy,1509902,,56.89375,65.89378,9586,Asia/Yekaterinburg
61,Ростовская область,Соколово-Кундрюченский,населённый пункт,sokolovo-kundryuchenskiy,491171,,47.83536,39.94711,9585,Europe/Moscow
20,Иркутская область,Бирюсинск,населённый пункт,biryusinsk,1510041,,55.9634,97.8235,9583,Asia/Irkutsk
67,Саратовская область,Дергачи,город,dergachi,566456,,51.23497,48.76598,9570,Europe/Saratov
45,Республика Марий Эл,Морки,город,morki,525262,,56.43244,48.99904,9568,Europe/Moscow
90,Пермский край,Куеда,город,kueda,538046,,56.4305,55.59139,9565,Asia/Yekaterinburg
42,Ленинградская область,Мга,населённый пункт,mga,527220,,59.75,31.06667,9565,Europe/Moscow
91,Красноярский край,Нижняя Пойма,населённый пункт,nizhnyaya-poyma,1497397,,56.1643,97.2065,9560,Asia/Krasnoyarsk
11,Республика Бурятия,Бичура,город,bichura,2026708,,50.59014,107.59773,9559,Asia/Irkutsk
55,Оренбургская область,Домбаровский,город,dombarovskiy,565407,,50.75779,59.53864,9556,Asia/Yekaterinburg
32,Ханты-Мансийский автономный округ — Югра,Игрим,населённый пункт,igrim,1505965,,63.1906,64.4162,9545,Asia/Yekaterinburg
04,Алтайский край,Родино,населённый пункт,rodino,1493623,,52.49783,80.20294,9537,Asia/Barnaul
34,Республика Коми,Жешарт,населённый пункт,zheshart,463144,,62.07314,49.57335,9534,Europe/Moscow
08,Республика Башкортостан,Бакалы,город,bakaly,579728,,55.17884,53.79617,9532,Asia/Yekaterinburg
61,Ростовская область,Обливская,город,oblivskaya,516454,,48.53616,42.50143,9528,Europe/Moscow
13,Челябинская область,Миасское,город,miasskoe,1498887,,55.28155,61.89266,9524,Asia/Yekaterinburg
13,Челябинская область,Первомайский,населённый пункт,pervomayskiy,1540436,,54.86639,61.17028,9524,Asia/Yekaterinburg
34,Республика Коми,Радужный,населённый пункт,raduzhnyy,866054,,59.48333,49.65,9514,Europe/Moscow
07,Астраханская область,Володарский,город,volodarskiy,472490,,46.40431,48.53899,9509,Europe/Astrakhan
71,Свердловская область,Нижний Тагил-39,город,nizhniy-tagil-39,1538640,,58.03972,60.39611,9508,Asia/Yekaterinburg
48,Москва,Ватутинки,населённый пункт,vatutinki,476372,,55.4965,37.32988,9502,Europe/Moscow
04,Алтайский край,Завьялово,город,zavyalovo,1485339,,52.83817,80.91921,9500,Asia/Barnaul
46,Республика Мордовия,Чамзинка,город,chamzinka,570003,,54.405,45.78779,9500,Europe/Moscow
59,Приморский край,Кировский,город,kirovskiy,2022064,,45.09221,133.50145,9467,Asia/Vladivostok
90,Пермский край,Углеуральский,населённый пункт,ugleuralskiy,479535,,58.9443,57.5937,9451,Asia/Yekaterinburg
86,Воронежская область,Каменка,населённый пункт,kamenka,553766,,51.3223,42.7678,9450,Europe/Moscow
77,Тверская область,Максатиха,город,maksatiha,531979,,57.79695,35.88254,9441,Europe/Moscow
04,Алтайский край,Смоленское,город,smolenskoe,1491633,,52.30358,85.07597,9431,Asia/Barnaul
38,Краснодарский край,Тамань,населённый пункт,taman,484670,,45.2117,36.71609,9417,Europe/Moscow
10,Брянская область,Суземка,населённый пункт,suzemka,485817,,52.31834,34.07899,9394,Europe/Moscow
19,Республика Ингушетия,Верхние Ачалуки,населённый пункт,verhnie-achaluki,475157,,43.34694,44.6975,9393,Europe/Moscow
93,Забайкальский край,Новокручининский,населённый пункт,novokruchininskiy,2018925,,51.77137,113.79994,9391,Asia/Chita
47,Московская область,Ершово,населённый пункт,ershovo,467104,,55.76911,36.85929,9367,Europe/Moscow
31,Республика Хакасия,Шира,город,shira,1492149,,54.49384,89.97046,9358,Asia/Krasnoyarsk
08,Республика Башкортостан,Верхнеяркеево,город,verhneyarkeevo,475438,,55.45109,54.30638,9357,Asia/Yekaterinburg
87,Ямало-Ненецкий автономный округ,Уренгой,населённый пункт,urengoy,1488414,,65.9655,78.36929,9355,Asia/Yekaterinburg
76,Тульская область,Менделеевский,район города,mendeleevskiy,527578,,54.13745,37.58742,9350,Europe/Moscow
83,Владимирская область,Костерево,населённый пункт,kosterevo,461720,,55.9299,39.61438,9349,Europe/Moscow
42,Ленинградская область,Рощино,населённый пункт,roschino,501296,,60.25191,29.6085,9346,Europe/Moscow
70,Ставропольский край,Григорополисская,населённый пункт,grigoropolisskaya,558707,,45.29722,41.05667,9310,Europe/Moscow
69,Смоленская область,Починок,город,pochinok,508606,,54.40539,32.43909,9310,Europe/Moscow
61,Ростовская область,Вёшенская,город,vyoshenskaya,473998,,49.63084,41.72521,9303,Europe/Moscow
04,Алтайский край,Топчиха,город,topchiha,1489398,,52.82207,83.12082,9301,Asia/Barnaul
59,Приморский край,Михайловка,город,mihaylovka,2020013,,43.93356,132.00895,9300,Asia/Vladivostok
61,Ростовская область,Горняцкий,населённый пункт,gornyatskiy,559740,,48.29649,40.92404,9292,Europe/Moscow
12,Чеченская Республика,Герменчук,населённый пункт,germenchuk,561549,,43.1857,45.921,9285,Europe/Moscow
47,Московская область,Богородское,населённый пункт,bogorodskoe,575521,,56.55,37.88333,9275,Europe/Moscow
04,Алтайский край,Мамонтово,город,mamontovo,1499428,,52.70878,81.62418,9275,Asia/Barnaul
29,Кемеровская область,Тисуль,город,tisul,1489554,,55.75739,88.31053,9249,Asia/Novokuznetsk
79,Республика Тыва,Чадан,город,chadan,1508501,,51.28896,91.57266,9246,Asia/Krasnoyarsk
51,Нижегородская область,Перевоз,город,perevoz,511287,,55.5957,44.5454,9228,Europe/Moscow
83,Владимирская область,Красная Горбатка,город,krasnaya-gorbatka,542776,,55.87701,41.75508,9225,Europe/Moscow
77,Тверская область,Андреаполь,город,andreapol,582105,,56.65087,32.264,9209,Europe/Moscow
08,Республика Башкортостан,Аскарово,город,askarovo,580584,,53.33332,58.51708,9208,Asia/Yekaterinburg
04,Алтайский край,Ключи,населённый пункт,klyuchi,1503153,,52.25303,79.16868,9205,Asia/Barnaul
12,Чеченская Республика,Катыр-Юрт,населённый пункт,katyr-yurt,551729,,43.17164,45.36991,9202,Europe/Moscow
47,Московская область,Богородское,населённый пункт,bogorodskoe,575522,,56.5,38.18333,9200,Europe/Moscow
42,Ленинградская область,Ульяновка,населённый пункт,ulyanovka,479140,,59.63944,30.76472,9197,Europe/Moscow
70,Ставропольский край,Покойное,населённый пункт,pokoynoe,507612,,44.80972,44.25167,9175,Europe/Moscow
30,Хабаровский край,Некрасовка,населённый пункт,nekrasovka,2019388,,48.35135,135.23898,9159,Asia/Vladivostok
42,Ленинградская область,Посёлок имени Свердлова,населённый пункт,posyolok-imeni-sverdlova,556511,,59.79611,30.66583,9151,Europe/Moscow
63,Республика Саха (Якутия),Усть-Нера,город,ust-nera,2120048,,64.56968,143.237,9148,Asia/Magadan
30,Хабаровский край,Заветы Ильича,населённый пункт,zavety-ilicha,2119370,,49.03484,140.25938,9144,Asia/Vladivostok
46,Республика Мордовия,Торбеево,город,torbeevo,482123,,54.07743,43.24993,9138,Europe/Moscow
55,Оренбургская область,Энергетик,населённый пункт,energetik,563471,,51.7445,58.7934,9136,Asia/Yekaterinburg
77,Тверская область,Старица,город,staritsa,488946,,56.50542,34.93396,9134,Europe/Moscow
65,Самарская область,Борское,город,borskoe,571987,,53.02549,51.69909,9119,Europe/Samara
16,Чувашская Республика,Ибреси,населённый пункт,ibresi,557628,,55.3011,47.038,9113,Europe/Moscow
59,Приморский край,Преображение,населённый пункт,preobrazhenie,2017658,,42.90091,133.90422,9113,Asia/Vladivostok
87,Ямало-Ненецкий автономный округ,Пурпе,населённый пункт,purpe,1539210,,64.48028,76.68972,9099,Asia/Yekaterinburg
29,Кемеровская область,Салаир,населённый пункт,salair,1493224,,54.2312,85.7972,9096,Asia/Novokuznetsk
42,Ленинградская область,Новоселье,населённый пункт,novosele,518002,,59.80778,30.07278,9082,Europe/Moscow
73,Республика Татарстан,Аксубаево,город,aksubaevo,583583,,54.84716,50.79631,9078,Europe/Moscow
17,Республика Дагестан,Первомайское,населённый пункт,pervomayskoe,797213,,43.91904,46.71019,9073,Europe/Moscow
01,Республика Адыгея,Красногвардейское,город,krasnogvardeyskoe,542335,,45.13235,39.57438,9071,Europe/Moscow
51,Нижегородская область,Неклюдово,населённый пункт,neklyudovo,522871,,56.41421,43.97721,9052,Europe/Moscow
90,Пермский край,Новые Ляды,населённый пункт,novye-lyady,517111,,58.0552,56.6104,9050,Asia/Yekaterinburg
63,Республика Саха (Якутия),Томмот,населённый пункт,tommot,2015179,,58.95717,126.29158,9034,Asia/Yakutsk
60,Псковская область,Новосокольники,город,novosokolniki,517921,,56.34775,30.15681,9029,Europe/Moscow
38,Краснодарский край,Трудобеликовский,населённый пункт,trudobelikovskiy,481275,,45.26853,38.15376,9013,Europe/Moscow
31,Республика Хакасия,Черёмушки,населённый пункт,cheryomushki,1508177,,52.85576,91.41672,9011,Asia/Krasnoyarsk
06,Архангельская область,Октябрьский,город,oktyabrskiy,515854,,61.08934,43.17177,9008,Europe/Moscow
53,Новосибирская область,Криводановка,населённый пункт,krivodanovka,1501803,,55.0881,82.6551,9006,Asia/Novosibirsk
66,Санкт-Петербург,Понтонный,населённый пункт,pontonnyy,506612,,59.78667,30.61528,9001,Europe/Moscow
38,Краснодарский край,Гостагаевская,населённый пункт,gostagaevskaya,559252,,45.02284,37.50511,9000,Europe/Moscow
33,Кировская область,Малмыж,город,malmyzh,530972,,56.52045,50.68103,8990,Europe/Kirov
90,Пермский край,Октябрьский,город,oktyabrskiy,515867,,56.51713,57.20489,8990,Asia/Yekaterinburg
55,Оренбургская область,Светлый,город,svetlyy,1490501,,50.81964,60.85075,8976,Asia/Yekaterinburg
21,Ивановская область,Комсомольск,город,komsomolsk,545736,,57.02944,40.37566,8975,Europe/Moscow
54,Омская область,Москаленки,город,moskalenki,1498381,,54.93824,71.93575,8974,Asia/Omsk
17,Республика Дагестан,Мамедкала,населённый пункт,mamedkala,529679,,42.16757,48.11671,8965,Europe/Moscow
08,Республика Башкортостан,Бураево,город,buraevo,570868,,55.84088,55.40831,8963,Asia/Yekaterinburg
43,Липецкая область,Лев Толстой,город,lev-tolstoy,535417,,53.20993,39.45431,8955,Europe/Moscow
47,Московская область,Серебряные Пруды,город,serebryanye-prudy,496879,,54.4748,38.72791,8953,Europe/Moscow
65,Самарская область,Поволжский,населённый пункт,povolzhskiy,867006,,53.5854,49.7629,8952,Europe/Samara
31,Республика Хакасия,Белый Яр,город,belyy-yar,1510377,,53.59442,91.38197,8951,Asia/Krasnoyarsk
70,Ставропольский край,Винсады,населённый пункт,vinsady,473522,,44.08083,42.96528,8949,Europe/Moscow
61,Ростовская область,Тарасовский,город,tarasovskiy,484396,,48.7296,40.36392,8949,Europe/Moscow
61,Ростовская область,Заводской,населённый пункт,zavodskoy,464130,,48.40372,40.26064,8948,Europe/Moscow
76,Тульская область,Дубовка,населённый пункт,dubovka,821801,,53.95223,38.06276,8946,Europe/Moscow
30,Хабаровский край,Князе-Волконское,населённый пункт,knyaze-volkonskoe,2021954,,48.46532,135.45477,8936,Asia/Vladivostok
83,Владимирская область,Балакирево,населённый пункт,balakirevo,579496,,56.50588,38.84324,8932,Europe/Moscow
17,Республика Дагестан,Первомайское,населённый пункт,pervomayskoe,802045,,42.49634,47.89581,8930,Europe/Moscow
38,Краснодарский край,Родниковская,населённый пункт,rodnikovskaya,501716,,44.76444,40.66556,8925,Europe/Moscow
17,Республика Дагестан,Аксай,населённый пункт,aksay,583674,,43.37254,46.44497,8924,Europe/Moscow
53,Новосибирская область,Чаны,город,chany,1508458,,55.31193,76.76024,8923,Asia/Novosibirsk
49,Мурманская область,Росляково,населённый пункт,roslyakovo,501265,,69.04303,33.19906,8921,Europe/Moscow
45,Республика Марий Эл,Сернур,город,sernur,496561,,56.93583,49.14923,8921,Europe/Moscow
72,Тамбовская область,Знаменка,город,znamenka,462357,,52.41836,41.43166,8915,Europe/Moscow
91,Красноярский край,Ермаковское,город,ermakovskoe,1485904,,53.27533,92.40035,8910,Asia/Krasnoyarsk
46,Республика Мордовия,Луховка,населённый пункт,luhovka,533541,,54.14844,45.25728,8892,Europe/Moscow
12,Чеченская Республика,Алхан-Юрт,населённый пункт,alhan-yurt,582491,,43.23179,45.57228,8879,Europe/Moscow
93,Забайкальский край,Ясногорск,населённый пункт,yasnogorsk,11951842,,50.87344,115.69558,8873,Asia/Chita
07,Астраханская область,Лиман,город,liman,535229,,45.78205,47.22393,8858,Europe/Astrakhan
04,Алтайский край,Ребриха,город,rebriha,1493722,,53.07933,82.33939,8858,Asia/Barnaul
46,Республика Мордовия,Инсар,город,insar,556318,,53.86722,44.36915,8837,Europe/Moscow
61,Ростовская область,Веселый,город,veselyy,474059,,47.09245,40.74209,8820,Europe/Moscow
47,Московская область,Мамонтовка,населённый пункт,mamontovka,529638,,55.98083,37.81972,8817,Europe/Moscow
63,Республика Саха (Якутия),Олёкминск,населённый пункт,olyokminsk,2018571,,60.3743,120.4203,8813,Asia/Yakutsk
38,Краснодарский край,Фастовецкая,населённый пункт,fastovetskaya,563306,,45.91889,40.15889,8806,Europe/Moscow
57,Пензенская область,Белинский,населённый пункт,belinskiy,578045,,52.96474,43.41647,8800,Europe/Moscow
09,Белгородская область,Пролетарский,населённый пункт,proletarskiy,504806,,50.79139,35.77306,8786,Europe/Moscow
38,Краснодарский край,Нововеличковская,населённый пункт,novovelichkovskaya,517725,,45.27638,38.84165,8774,Europe/Moscow
51,Нижегородская область,Шатки,город,shatki,495562,,55.18774,44.12071,8773,Europe/Moscow
19,Республика Ингушетия,Магас,город,magas,6313621,,43.22257,44.77261,8771,Europe/Moscow
12,Чеченская Республика,Новые Атаги,населённый пункт,novye-atagi,517191,,43.13528,45.77306,8760,Europe/Moscow
07,Астраханская область,Верхний Баскунчак,населённый пункт,verhniy-baskunchak,475196,,48.22564,46.72169,8745,Europe/Astrakhan
70,Ставропольский край,Новоселицкое,город,novoselitskoe,518209,,44.75083,43.43694,8723,Europe/Moscow
13,Челябинская область,Потанино,населённый пункт,potanino,1494309,,55.1786,61.6222,8717,Asia/Yekaterinburg
40,Курганская область,Мишкино,город,mishkino,1498633,,55.33765,63.91451,8712,Asia/Yekaterinburg
51,Нижегородская область,Ардатов,город,ardatov,581186,,55.23923,43.09557,8710,Europe/Moscow
70,Ставропольский край,Юца,населённый пункт,yutsa,472961,,43.95639,43.01278,8702,Europe/Moscow
47,Московская область,Развилка,населённый пункт,razvilka,819827,,55.59209,37.74085,8701,Europe/Moscow
47,Московская область,Лесной,населённый пункт,lesnoy,535741,,56.06667,37.91667,8689,Europe/Moscow
62,Рязанская область,Спасск-Рязанский,город,spassk-ryazanskiy,489741,,54.40844,40.37664,8655,Europe/Moscow
71,Свердловская область,Еланский,населённый пункт,elanskiy,1486164,,56.8419,62.5014,8653,Asia/Yekaterinburg
73,Республика Татарстан,Болгар,населённый пункт,bolgar,570990,,54.97417,49.03083,8640,Europe/Moscow
63,Республика Саха (Якутия),Сунтар,город,suntar,2015913,,62.16083,117.65547,8639,Asia/Yakutsk
57,Пензенская область,Пачелма,населённый пункт,pachelma,513309,,53.24426,43.35205,8620,Europe/Moscow
81,Ульяновская область,Кузоватово,город,kuzovatovo,537598,,53.54681,47.68628,8607,Europe/Ulyanovsk
86,Воронежская область,Каменка,город,kamenka,553769,,50.71366,39.42451,8594,Europe/Moscow
38,Краснодарский край,Темиргоевская,населённый пункт,temirgoevskaya,483696,,45.11414,40.28027,8588,Europe/Moscow
46,Республика Мордовия,Ардатов,город,ardatov,581187,,54.84474,46.24399,8584,Europe/Moscow
67,Саратовская область,Самойловка,город,samoylovka,498956,,51.1854,43.70883,8584,Europe/Saratov
54,Омская область,Марьяновка,город,maryanovka,1499279,,54.96157,72.64467,8575,Asia/Omsk
75,Томская область,Каргасок,город,kargasok,1504382,,59.05556,80.85722,8572,Asia/Tomsk
21,Ивановская область,Ново-Талицы,населённый пункт,novo-talitsy,517856,,57.00392,40.85936,8563,Europe/Moscow
12,Чеченская Республика,Наурская,город,naurskaya,523206,,43.64999,45.31127,8550,Europe/Moscow
05,Амурская область,Новобурейский,город,novobureyskiy,2018964,,49.79988,129.87805,8550,Asia/Yakutsk
68,Республика Северная Осетия — Алания,Чермен,населённый пункт,chermen,569132,,43.15186,44.71231,8550,Europe/Moscow
68,Республика Северная Осетия — Алания,Кизляр,населённый пункт,kizlyar,547841,,43.70379,44.5944,8544,Europe/Moscow
38,Краснодарский край,Переясловская,населённый пункт,pereyaslovskaya,511264,,45.84121,39.02379,8542,Europe/Moscow
38,Краснодарский край,Раевская,населённый пункт,raevskaya,502542,,44.83571,37.55577,8518,Europe/Moscow
60,Псковская область,Струги-Красные,город,strugi-krasnye,487110,,58.2707,29.11172,8518,Europe/Moscow
69,Смоленская область,Демидов,город,demidov,566751,,55.27022,31.51632,8516,Europe/Moscow
69,Смоленская область,Сычевка,город,sychevka,485280,,55.82956,34.27699,8510,Europe/Moscow
71,Свердловская область,Верхотурье,город,verhoture,1487219,,58.86332,60.80564,8500,Asia/Yekaterinburg
85,Вологодская область,Никольск,населённый пункт,nikolsk,521773,,59.53531,45.45743,8487,Europe/Moscow
91,Красноярский край,Тасеево,город,taseevo,1490058,,57.21695,94.89407,8479,Asia/Krasnoyarsk
09,Белгородская область,Октябрьский,населённый пункт,oktyabrskiy,515907,,50.44521,36.36066,8471,Europe/Moscow
61,Ростовская область,Коксовый,населённый пункт,koksovyy,546579,,48.19742,40.64325,8458,Europe/Moscow
91,Красноярский край,Нижний Ингаш,город,nizhniy-ingash,1497497,,56.2003,96.5373,8458,Asia/Krasnoyarsk
51,Нижегородская область,Ветлуга,город,vetluga,473910,,57.85516,45.77773,8455,Europe/Moscow
38,Краснодарский край,Черноморский,населённый пункт,chernomorskiy,568785,,44.85056,38.49361,8454,Europe/Moscow
28,Республика Карелия,Лахденпохья,город,lahdenpohya,537147,,61.51968,30.19761,8448,Europe/Moscow
75,Томская область,Тогур,населённый пункт,togur,1489499,,58.3631,82.8265,8442,Asia/Tomsk
38,Краснодарский край,Роговская,населённый пункт,rogovskaya,501579,,45.73117,38.7396,8435,Europe/Moscow
10,Брянская область,Дубровка,город,dubrovka,564487,,53.69245,33.50532,8427,Europe/Moscow
70,Ставропольский край,Надежда,населённый пункт,nadezhda,523715,,44.1,44.6,8426,Europe/Moscow
25,Калужская область,Белоусово,населённый пункт,belousovo,577856,,55.09499,36.6732,8421,Europe/Moscow
85,Вологодская область,Молочное,населённый пункт,molochnoe,525585,,59.29166,39.67868,8421,Europe/Moscow
93,Забайкальский край,Могойтуй,город,mogoytuy,2019892,,51.28758,114.93178,8420,Asia/Chita
34,Республика Коми,Троицко-Печорск,город,troitsko-pechorsk,481548,,62.71934,56.17172,8414,Europe/Moscow
71,Свердловская область,Лобва,населённый пункт,lobva,1500426,,59.18538,60.51846,8403,Asia/Yekaterinburg
33,Кировская область,Орлов,город,orlov,550785,,58.53917,48.89166,8400,Europe/Kirov
47,Московская область,Андреевка,населённый пункт,andreevka,582001,,55.98028,37.135,8395,Europe/Moscow
08,Республика Башкортостан,Мраково,город,mrakovo,524681,,52.71568,56.62125,8394,Asia/Yekaterinburg
17,Республика Дагестан,Шамхал,населённый пункт,shamhal,495893,,43.05958,47.33732,8375,Europe/Moscow
57,Пензенская область,Колышлей,населённый пункт,kolyshley,545982,,52.7005,44.5367,8371,Europe/Moscow
20,Иркутская область,Мегет,населённый пункт,meget,2020095,,52.415,104.04944,8370,Asia/Irkutsk
10,Брянская область,Мглин,город,mglin,527217,,53.06026,32.84775,8368,Europe/Moscow
13,Челябинская область,Миньяр,населённый пункт,minyar,526408,,55.07333,57.555,8364,Asia/Yekaterinburg
59,Приморский край,Тавричанка,населённый пункт,tavrichanka,2015455,,43.32551,131.86264,8352,Asia/Vladivostok
57,Пензенская область,Городище,населённый пункт,gorodische,559643,,53.2775,45.7017,8334,Europe/Moscow
12,Чеченская Республика,Калиновская,населённый пункт,kalinovskaya,554077,,43.57383,45.5209,8305,Europe/Moscow
83,Владимирская область,Кидекша,населённый пункт,kideksha,548781,,56.42381,40.52146,8301,Europe/Moscow
73,Республика Татарстан,Нижние Вязовые,населённый пункт,nizhnie-vyazovye,520642,,55.79877,48.52476,8290,Europe/Moscow
54,Омская область,Саргатское,город,sargatskoe,1493004,,55.61008,73.49869,8285,Asia/Omsk
47,Московская область,Ильинский,населённый пункт,ilinskiy,557140,,55.61902,38.11818,8284,Europe/Moscow
61,Ростовская область,Старая Станица,населённый пункт,staraya-stanitsa,489062,,48.34579,40.29376,8284,Europe/Moscow
90,Пермский край,Суксун,город,suksun,486413,,57.14508,57.39514,8284,Asia/Yekaterinburg
90,Пермский край,Барда,город,barda,579132,,56.92724,55.59163,8279,Asia/Yekaterinburg
57,Пензенская область,Средняя Елюзань,населённый пункт,srednyaya-elyuzan,489393,,53.0241,45.9529,8279,Europe/Moscow
86,Воронежская область,Верхний Мамон,город,verhniy-mamon,474916,,50.16421,40.38936,8278,Europe/Moscow
76,Тульская область,Липки,населённый пункт,lipki,535086,,54.32622,37.52006,8277,Europe/Moscow
46,Республика Мордовия,Лямбирь,город,lyambir,532895,,54.27988,45.12225,8274,Europe/Moscow
84,Волгоградская область,Быково,город,bykovo,570315,,49.76544,45.38742,8268,Europe/Volgograd
52,Новгородская область,Парфино,город,parfino,512570,,57.97259,31.64782,8254,Europe/Moscow
46,Республика Мордовия,Темников,город,temnikov,483684,,54.63059,43.21918,8252,Europe/Moscow
92,Камчатский край,Мильково,город,milkovo,2123278,,54.69469,158.61884,8251,Asia/Kamchatka
22,Кабардино-Балкарская Республика,Аргудан,населённый пункт,argudan,581128,,43.41602,43.91129,8250,Europe/Moscow
93,Забайкальский край,Оловянная,город,olovyannaya,2018498,,50.94627,115.57553,8247,Asia/Chita
17,Республика Дагестан,Чонтаул,населённый пункт,chontaul,567859,,43.30481,46.85967,8241,Europe/Moscow
57,Пензенская область,Лунино,населённый пункт,lunino,533284,,53.59176,45.22709,8214,Europe/Moscow
42,Ленинградская область,Каменка,населённый пункт,kamenka,553615,,60.44639,29.0829,8212,Europe/Moscow
51,Нижегородская область,Сосновское,город,sosnovskoe,490196,,55.80623,43.1719,8207,Europe/Moscow
77,Тверская область,Весьегонск,город,vesegonsk,473943,,58.66769,37.26365,8200,Europe/Moscow
29,Кемеровская область,Ягуновский,населённый пункт,yagunovskiy,1486525,,55.2828,85.978,8199,Asia/Novokuznetsk
78,Тюменская область,Абатское,город,abatskoe,1512210,,56.28765,70.45378,8195,Asia/Yekaterinburg
38,Краснодарский край,Архипо-Осиповка,населённый пункт,arhipo-osipovka,580969,,44.37194,38.52972,8170,Europe/Moscow
40,Курганская область,Каргаполье,город,kargapole,1504383,,55.95484,64.43264,8169,Asia/Yekaterinburg
17,Республика Дагестан,Сергокала,город,sergokala,496610,,42.45384,47.66017,8165,Europe/Moscow
73,Республика Татарстан,Актаныш,город,aktanysh,583578,,55.71714,54.07116,8163,Europe/Moscow
69,Смоленская область,Велиж,город,velizh,475955,,55.60448,31.1986,8146,Europe/Moscow
13,Челябинская область,Новогорный,населённый пункт,novogornyy,1497095,,55.63,60.7919,8132,Asia/Yekaterinburg
63,Республика Саха (Якутия),Жатай,город,zhatay,2012570,,62.16263,129.83406,8131,Asia/Yakutsk
66,Санкт-Петербург,Песочный,населённый пункт,pesochnyy,510410,,60.12295,30.16404,8130,Europe/Moscow
38,Краснодарский край,Смоленская,населённый пункт,smolenskaya,491685,,44.78636,38.80333,8130,Europe/Moscow
81,Ульяновская область,Карсун,город,karsun,552133,,54.19774,46.97723,8128,Europe/Ulyanovsk
08,Республика Башкортостан,Краснохолмский,населённый пункт,krasnoholmskiy,542965,,55.98729,55.04659,8117,Asia/Yekaterinburg
56,Орловская область,Верховье,город,verhove,474324,,52.81025,37.24187,8100,Europe/Moscow
34,Республика Коми,Ярега,населённый пункт,yarega,468991,,63.43543,53.5765,8092,Europe/Moscow
59,Приморский край,Новошахтинский,населённый пункт,novoshahtinskiy,2018864,,44.02667,132.16585,8091,Asia/Vladivostok
65,Самарская область,Кошки,город,koshki,544203,,54.20851,50.46698,8086,Europe/Samara
47,Московская область,Новосиньково,населённый пункт,novosinkovo,492768,,56.37737,37.32871,8073,Europe/Moscow
55,Оренбургская область,Шарлык,город,sharlyk,495670,,52.92596,54.74091,8072,Asia/Yekaterinburg
17,Республика Дагестан,Дылым,город,dylym,563792,,43.07099,46.63454,8069,Europe/Moscow
84,Волгоградская область,Рудня,город,rudnya,500678,,50.806,44.55626,8062,Europe/Volgograd
84,Волгоградская область,Кумылженская,город,kumylzhenskaya,539221,,49.88176,42.58611,8061,Europe/Volgograd
38,Краснодарский край,Михайловская,населённый пункт,mihaylovskaya,526814,,44.99472,40.59639,8050,Europe/Moscow
64,Сахалинская область,Тымовское,город,tymovskoe,2120334,,50.84767,142.66256,8030,Asia/Sakhalin
40,Курганская область,Щучье,населённый пункт,schuche,1498293,,55.36361,66.0925,8026,Asia/Yekaterinburg
61,Ростовская область,Дубовское,город,dubovskoe,564593,,47.41042,42.7655,8019,Europe/Moscow
81,Ульяновская область,Сенгилей,город,sengiley,497094,,53.95849,48.79503,8018,Europe/Ulyanovsk
73,Республика Татарстан,Высокая Гора,город,vysokaya-gora,470212,,55.90988,49.31343,8013,Europe/Moscow
07,Астраханская область,Чёрный Яр,населённый пункт,chyornyy-yar,568464,,48.06242,46.10911,8006,Europe/Astrakhan
75,Томская область,Александровское,населённый пункт,aleksandrovskoe,1511846,,56.74083,85.39056,7999,Asia/Tomsk
17,Республика Дагестан,Губден,населённый пункт,gubden,558186,,42.56808,47.56579,7997,Europe/Moscow
33,Кировская область,Мурыгино,населённый пункт,murygino,524243,,58.73831,49.45822,7996,Europe/Kirov
55,Оренбургская область,Адамовка,город,adamovka,584279,,51.51992,59.93738,7994,Asia/Yekaterinburg
48,Москва,Некрасовка,район города,nekrasovka,522839,,55.69328,37.91148,7994,Europe/Moscow
68,Республика Северная Осетия — Алания,Архонская,населённый пункт,arhonskaya,580942,,43.11,44.5125,7991,Europe/Moscow
27,Карачаево-Черкесская Республика,Сторожевая,населённый пункт,storozhevaya,487372,,43.87886,41.45143,7986,Europe/Moscow
11,Республика Бурятия,Хоринск,город,horinsk,2022304,,52.16249,109.78008,7986,Asia/Irkutsk
07,Астраханская область,Енотаевка,город,enotaevka,467479,,47.24332,47.02898,7985,Europe/Astrakhan
63,Республика Саха (Якутия),Намцы,город,namtsy,2019488,,62.72414,129.66606,7980,Asia/Yakutsk
21,Ивановская область,Лежнево,город,lezhnevo,535366,,56.77508,40.89174,7977,Europe/Moscow
75,Томская область,Кожевниково,город,kozhevnikovo,1502257,,56.2618,83.96787,7970,Asia/Tomsk
47,Московская область,Менделеево,населённый пункт,mendeleevo,527581,,56.03333,37.21667,7964,Europe/Moscow
64,Сахалинская область,Анива,город,aniva,2127154,,46.71576,142.53244,7963,Asia/Sakhalin
86,Воронежская область,Хохольский,город,hoholskiy,549848,,51.56955,38.77088,7963,Europe/Moscow
54,Омская область,Береговой,населённый пункт,beregovoy,1510335,,55.17301,73.21984,7961,Asia/Omsk
76,Тульская область,Товарково,населённый пункт,tovarkovo,481938,,53.68217,38.2092,7959,Europe/Moscow
17,Республика Дагестан,Чиркей,населённый пункт,chirkey,568077,,42.96131,46.97866,7959,Europe/Moscow
57,Пензенская область,Тамала,населённый пункт,tamala,484674,,52.54097,43.25145,7956,Europe/Moscow
38,Краснодарский край,Мысхако,населённый пункт,myshako,523842,,44.66147,37.76406,7954,Europe/Moscow
37,Костромская область,Красное-на-Волге,населённый пункт,krasnoe-na-volge,542024,,57.51483,41.239,7953,Europe/Moscow
04,Алтайский край,Залесово,город,zalesovo,1485528,,53.99295,84.74432,7936,Asia/Barnaul
25,Калужская область,Юхнов,город,yuhnov,466658,,54.74403,35.23233,7934,Europe/Moscow
86,Воронежская область,Паринова,город,parinova,502895,,51.91378,39.33676,7928,Europe/Moscow
12,Чеченская Республика,Ханкала,населённый пункт,hankala,865321,,43.30212,45.75564,7925,Europe/Moscow
09,Белгородская область,Красная Яруга,город,krasnaya-yaruga,542571,,50.80198,35.65774,7924,Europe/Moscow
90,Пермский край,Оханск,город,ohansk,516073,,57.71491,55.3906,7920,Asia/Yekaterinburg
09,Белгородская область,Томаровка,населённый пункт,tomarovka,482275,,50.68337,36.23443,7916,Europe/Moscow
85,Вологодская область,Красавино,населённый пункт,krasavino,542908,,60.96225,46.48321,7912,Europe/Moscow
17,Республика Дагестан,Новый Хушет,населённый пункт,novyy-hushet,802921,,42.89941,47.5604,7912,Europe/Moscow
70,Ставропольский край,Новотроицкая,населённый пункт,novotroitskaya,517813,,45.32667,41.52528,7910,Europe/Moscow
29,Кемеровская область,Крапивинский,город,krapivinskiy,1502192,,55.00323,86.80029,7909,Asia/Novokuznetsk
81,Ульяновская область,Майна,город,mayna,528278,,54.11602,47.62054,7904,Europe/Ulyanovsk
93,Забайкальский край,Приаргунск,город,priargunsk,2017646,,50.3648,119.09532,7902,Asia/Chita
91,Красноярский край,Каратузское,город,karatuzskoe,1504442,,53.60413,92.87057,7900,Asia/Krasnoyarsk
40,Курганская область,Юргамыш,город,yurgamysh,1485721,,55.3749,64.46043,7888,Asia/Yekaterinburg
70,Ставропольский край,Советская,населённый пункт,sovetskaya,490066,,44.02667,44.05,7886,Europe/Moscow
12,Чеченская Республика,Надтеречное,населённый пункт,nadterechnoe,523655,,43.62271,45.33969,7877,Europe/Moscow
47,Московская область,ВНИИССОК,населённый пункт,vniissok,11888170,,55.65639,37.21194,7876,Europe/Moscow
86,Воронежская область,Верхняя Хава,город,verhnyaya-hava,474669,,51.84242,39.93845,7870,Europe/Moscow
86,Воронежская область,Китаево,населённый пункт,kitaevo,472271,,51.7696,39.5359,7869,Europe/Moscow
12,Чеченская Республика,Старая Сунжа,населённый пункт,staraya-sunzha,489057,,43.33542,45.74377,7860,Europe/Moscow
08,Республика Башкортостан,Кармаскалы,город,karmaskaly,552312,,54.36555,56.17133,7858,Asia/Yekaterinburg
51,Нижегородская область,Выездное,населённый пункт,vyezdnoe,469933,,55.38154,43.78638,7857,Europe/Moscow
10,Брянская область,Супонево,населённый пункт,suponevo,486178,,53.21014,34.30708,7845,Europe/Moscow
70,Ставропольский край,Затеречный,населённый пункт,zaterechnyy,464260,,44.79306,45.20972,7835,Europe/Moscow
23,Калининградская область,Полесск,город,polessk,507291,,54.86205,21.10279,7835,Europe/Kaliningrad
05,Амурская область,Тамбовка,город,tambovka,2015608,,50.0995,128.05832,7834,Asia/Yakutsk
89,Еврейская автономная область,Облучье,город,obluche,2018719,,49.01603,131.0545,7831,Asia/Vladivostok
27,Карачаево-Черкесская Республика,Кардоникская,населённый пункт,kardonikskaya,552562,,43.86577,41.71432,7830,Europe/Moscow
33,Кировская область,Красная Поляна,населённый пункт,krasnaya-polyana,542640,,56.24204,51.14425,7828,Europe/Kirov
73,Республика Татарстан,Осиново,населённый пункт,osinovo,514460,,55.8809,48.881,7827,Europe/Moscow
09,Белгородская область,Ивня,город,ivnya,554973,,51.05758,36.14802,7824,Europe/Moscow
83,Владимирская область,Ставрово,населённый пункт,stavrovo,487837,,56.13311,40.01295,7822,Europe/Moscow
54,Омская область,Входной,населённый пункт,vhodnoy,1487048,,54.95181,73.17108,7819,Asia/Omsk
17,Республика Дагестан,Леваши,город,levashi,535542,,42.43224,47.3237,7817,Europe/Moscow
30,Хабаровский край,Переяславка,город,pereyaslavka,2018040,,47.965,135.06356,7815,Asia/Vladivostok
72,Тамбовская область,Мучкапский,город,muchkapskiy,524627,,51.85094,42.47648,7814,Europe/Moscow
33,Кировская область,Оричи,город,orichi,514966,,58.40138,49.05982,7805,Europe/Kirov
17,Республика Дагестан,Терекли-Мектеб,город,terekli-mekteb,483439,,44.16606,45.8719,7799,Europe/Moscow
75,Томская область,Белый-Яр,город,belyy-yar,1510370,,58.44258,85.04515,7795,Asia/Tomsk
25,Калужская область,Медынь,населённый пункт,medyn,527869,,54.96917,35.85861,7791,Europe/Moscow
93,Забайкальский край,Ясная,населённый пункт,yasnaya,13397276,,50.82826,115.80313,7785,Asia/Chita
46,Республика Мордовия,Явас,населённый пункт,yavas,468587,,54.4159,42.8491,7783,Europe/Moscow
25,Калужская область,Думиничи,город,duminichi,564191,,53.93375,35.11042,7779,Europe/Moscow
90,Пермский край,Юго-Камский,населённый пункт,yugo-kamskiy,466699,,57.7026,55.5904,7779,Asia/Yekaterinburg
64,Сахалинская область,Южно-Курильск,населённый пункт,yuzhno-kurilsk,2119447,,44.02734,145.86146,7777,Asia/Sakhalin
91,Красноярский край,Дзержинское,город,dzerzhinskoe,1507035,,56.83004,95.22656,7775,Asia/Krasnoyarsk
41,Курская область,Имени Карла Либкнехта,населённый пункт,imeni-karla-libknehta,556728,,51.6195,35.4763,7773,Europe/Moscow
12,Чеченская Республика,Толстой-Юрт,город,tolstoy-yurt,482309,,43.4444,45.7794,7772,Europe/Moscow
42,Ленинградская область,Дубровка,населённый пункт,dubrovka,564414,,59.84472,30.93417,7771,Europe/Moscow
68,Республика Северная Осетия — Алания,Камбилеевское,населённый пункт,kambileevskoe,553828,,43.07858,44.75216,7770,Europe/Moscow
93,Забайкальский край,Кокуй,населённый пункт,kokuy,2021908,,52.20818,117.55341,7767,Asia/Chita
93,Забайкальский край,Дарасун,населённый пункт,darasun,2025121,,51.65853,113.97406,7755,Asia/Chita
54,Омская область,Крутинка,город,krutinka,1501690,,56.00552,71.50839,7752,Asia/Omsk
09,Белгородская область,Северный,населённый пункт,severnyy,496358,,50.6754,36.55869,7752,Europe/Moscow
67,Саратовская область,Романовка,город,romanovka,501468,,51.74311,42.75256,7746,Europe/Saratov
73,Республика Татарстан,Лаишево,город,laishevo,537158,,55.40559,49.5521,7744,Europe/Moscow
84,Волгоградская область,Красный Яр,населённый пункт,krasnyy-yar,541344,,50.69652,44.72792,7727,Europe/Volgograd
91,Красноярский край,Балахта,населённый пункт,balahta,1510998,,55.38425,91.61872,7721,Asia/Krasnoyarsk
93,Забайкальский край,Сретенск,город,sretensk,2016110,,52.24877,117.70889,7698,Asia/Chita
86,Воронежская область,Подгорное,населённый пункт,podgornoe,508362,,51.7362,39.14834,7681,Europe/Moscow
08,Республика Башкортостан,Киргиз-Мияки,город,kirgiz-miyaki,548493,,53.63123,54.80422,7673,Asia/Yekaterinburg
13,Челябинская область,Уйское,город,uyskoe,1544583,,54.3775,60.00472,7668,Asia/Yekaterinburg
19,Республика Ингушетия,Алхан-Чурт,населённый пункт,alhan-churt,802799,,43.35194,44.78694,7666,Europe/Moscow
65,Самарская область,Красный Яр,город,krasnyy-yar,541337,,53.4978,50.39209,7664,Europe/Samara
76,Тульская область,Горелки,район города,gorelki,560154,,54.25617,37.6108,7655,Europe/Moscow
90,Пермский край,Сылва,населённый пункт,sylva,485230,,58.0327,56.7713,7655,Asia/Yekaterinburg
77,Тверская область,Новозавидовский,населённый пункт,novozavidovskiy,461704,,56.55,36.43333,7641,Europe/Moscow
20,Иркутская область,Магистральный,населённый пункт,magistralnyy,2020584,,56.17148,107.44166,7638,Asia/Irkutsk
20,Иркутская область,Железнодорожный,населённый пункт,zheleznodorozhnyy,2012561,,57.90525,102.77838,7629,Asia/Irkutsk
57,Пензенская область,Сурск,населённый пункт,sursk,486048,,53.07542,45.68461,7623,Europe/Moscow
33,Кировская область,Восточный,населённый пункт,vostochnyy,471499,,58.78811,52.24513,7622,Europe/Kirov
70,Ставропольский край,Рыздвяный,населённый пункт,ryzdvyanyy,499811,,45.2656,41.8389,7602,Europe/Moscow
37,Костромская область,Макарьев,город,makarev,532138,,57.88502,43.80637,7600,Europe/Moscow
42,Ленинградская область,Ольгино,населённый пункт,olgino,515558,,59.83702,29.92266,7600,Europe/Moscow
10,Брянская область,Севск,город,sevsk,496246,,52.14904,34.49347,7594,Europe/Moscow
19,Республика Ингушетия,Али-Юрт,населённый пункт,ali-yurt,582504,,43.1425,44.8525,7593,Europe/Moscow
01,Республика Адыгея,Каменномостский,населённый пункт,kamennomostskiy,553514,,44.2891,40.188,7585,Europe/Moscow
16,Чувашская Республика,Новые Лапсары,населённый пункт,novye-lapsary,866053,,56.0685,47.2142,7582,Europe/Moscow
11,Республика Бурятия,Петропавловка,город,petropavlovka,2017979,,50.61213,105.32351,7582,Asia/Irkutsk
84,Волгоградская область,Новый Рогачик,населённый пункт,novyy-rogachik,516875,,48.67685,44.06081,7575,Europe/Volgograd
59,Приморский край,Раздольное,населённый пункт,razdolnoe,2017478,,43.54039,131.89728,7567,Asia/Vladivostok
42,Ленинградская область,Горбунки,населённый пункт,gorbunki,560255,,59.81307,29.98478,7566,Europe/Moscow
20,Иркутская область,Белореченский,город,belorechenskiy,6418198,,52.81197,103.52386,7558,Asia/Irkutsk
17,Республика Дагестан,Новый Чиркей,населённый пункт,novyy-chirkey,869345,,43.16205,47.05585,7556,Europe/Moscow
76,Тульская область,Советск,населённый пункт,sovetsk,490069,,53.93601,37.62774,7556,Europe/Moscow
47,Московская область,Поварово,населённый пункт,povarovo,505824,,56.06667,37.05,7539,Europe/Moscow
09,Белгородская область,Майский,город,mayskiy,528239,,50.52172,36.46661,7537,Europe/Moscow
75,Томская область,Светлый,населённый пункт,svetlyy,1490496,,56.91667,85.96667,7536,Asia/Tomsk
20,Иркутская область,Мишелевка,населённый пункт,mishelevka,2019945,,52.8575,103.17194,7529,Asia/Irkutsk
86,Воронежская область,Масловка,населённый пункт,maslovka,528734,,51.5502,39.2447,7518,Europe/Moscow
47,Московская область,Загорянский,населённый пункт,zagoryanskiy,465632,,55.9325,37.95806,7514,Europe/Moscow
88,Ярославская область,Семибратово,населённый пункт,semibratovo,497242,,57.30461,39.53688,7511,Europe/Moscow
38,Краснодарский край,Коноково,населённый пункт,konokovo,545400,,44.8616,41.3266,7507,Europe/Moscow
17,Республика Дагестан,Ленинаул,населённый пункт,leninaul,536209,,43.09138,46.57434,7503,Europe/Moscow
67,Саратовская область,Лысые Горы,город,lysye-gory,532664,,51.55083,44.83982,7501,Europe/Saratov
22,Кабардино-Балкарская Республика,Кахун,населённый пункт,kahun,554444,,43.54306,43.87639,7490,Europe/Moscow
91,Красноярский край,Игарка,населённый пункт,igarka,1505991,,67.4655,86.6027,7470,Asia/Krasnoyarsk
85,Вологодская область,Кириллов,город,kirillov,548478,,59.86299,38.38128,7468,Europe/Moscow
08,Республика Башкортостан,Исянгулово,город,isyangulovo,555717,,52.18925,56.58676,7455,Asia/Yekaterinburg
17,Республика Дагестан,Нижний Дженгутай,населённый пункт,nizhniy-dzhengutay,520775,,42.70008,47.24488,7450,Europe/Moscow
51,Нижегородская область,Гидроторф,населённый пункт,gidrotorf,561504,,56.47562,43.53813,7424,Europe/Moscow
93,Забайкальский край,Горный,населённый пункт,gornyy,12750460,,51.54806,113.03875,7411,Asia/Chita
20,Иркутская область,Михайловка,населённый пункт,mihaylovka,2020001,,52.9589,103.2846,7410,Asia/Irkutsk
73,Республика Татарстан,Муслюмово,город,muslyumovo,524183,,55.30706,53.18855,7406,Europe/Moscow
38,Краснодарский край,Красносельский,населённый пункт,krasnoselskiy,542235,,45.39194,40.6075,7403,Europe/Moscow
77,Тверская область,Завидово,населённый пункт,zavidovo,464159,,56.53333,36.53333,7400,Europe/Moscow
32,Ханты-Мансийский автономный округ — Югра,Приобье,населённый пункт,priobe,1536757,,62.52056,65.59639,7400,Asia/Yekaterinburg
77,Тверская область,Зубцов,город,zubtsov,462008,,56.17533,34.58935,7397,Europe/Moscow
38,Краснодарский край,Кабардинка,населённый пункт,kabardinka,554668,,44.65202,37.93661,7395,Europe/Moscow
65,Самарская область,Мирный,населённый пункт,mirnyy,526357,,53.50642,50.27658,7393,Europe/Samara
67,Саратовская область,Татищево,город,tatischevo,484034,,51.67277,45.5924,7377,Europe/Saratov
61,Ростовская область,Ремонтное,город,remontnoe,502185,,46.56081,43.64882,7374,Europe/Moscow
44,Магаданская область,Сусуман,город,susuman,2120864,,62.78045,148.15376,7367,Asia/Magadan
47,Московская область,Румянцево,населённый пункт,rumyantsevo,500589,,55.97278,36.53417,7345,Europe/Moscow
13,Челябинская область,Железнодорожный,населённый пункт,zheleznodorozhnyy,1485193,,55.10183,61.54926,7337,Asia/Yekaterinburg
62,Рязанская область,Лесной,населённый пункт,lesnoy,535744,,54.2125,40.4713,7335,Europe/Moscow
81,Ульяновская область,Сурское,город,surskoe,486043,,54.48042,46.72114,7324,Europe/Ulyanovsk
90,Пермский край,Ныроб,населённый пункт,nyrob,516588,,60.733,56.72024,7314,Asia/Yekaterinburg
01,Республика Адыгея,Кошехабль,город,koshehabl,544263,,44.90007,40.50326,7313,Europe/Moscow
51,Нижегородская область,Красные Баки,населённый пункт,krasnye-baki,541796,,57.131,45.15992,7312,Europe/Moscow
73,Республика Татарстан,Пестрецы,город,pestretsy,510342,,55.75408,49.6511,7311,Europe/Moscow
23,Калининградская область,Багратионовск,город,bagrationovsk,579760,,54.38714,20.64372,7306,Europe/Kaliningrad
34,Республика Коми,Краснозатонский,населённый пункт,krasnozatonskiy,541951,,61.67578,50.97939,7305,Europe/Moscow
57,Пензенская область,Грабово,населённый пункт,grabovo,559158,,53.38751,45.06395,7303,Europe/Moscow
57,Пензенская область,Сосновоборск,населённый пункт,sosnovoborsk,490211,,53.29066,46.24849,7299,Europe/Moscow
87,Ямало-Ненецкий автономный округ,Харп,населённый пункт,harp,1503726,,66.80139,65.80806,7298,Asia/Yekaterinburg
85,Вологодская область,Чагода,населённый пункт,chagoda,570086,,59.164,35.3285,7288,Europe/Moscow
09,Белгородская область,Вейделевка,город,veydelevka,473856,,50.15106,38.44898,7280,Europe/Moscow
63,Республика Саха (Якутия),Чурапча,город,churapcha,2025241,,61.99979,132.43298,7280,Asia/Yakutsk
38,Краснодарский край,Владимирская,населённый пункт,vladimirskaya,473166,,44.5455,40.7933,7278,Europe/Moscow
23,Калининградская область,Мамоново,город,mamonovo,2609901,,54.46427,19.93801,7271,Europe/Kaliningrad
54,Омская область,Тевриз,город,tevriz,1489661,,57.51162,72.39793,7270,Asia/Omsk
71,Свердловская область,Черемухово,населённый пункт,cheremuhovo,569295,,60.34842,59.98507,7270,Asia/Yekaterinburg
51,Нижегородская область,Ильиногорск,населённый пункт,ilinogorsk,557170,,56.22775,42.95385,7267,Europe/Moscow
38,Краснодарский край,Гайдук,населённый пункт,gayduk,561722,,44.78489,37.7005,7266,Europe/Moscow
83,Владимирская область,Курлово,населённый пункт,kurlovo,538696,,55.43252,40.48539,7263,Europe/Moscow
33,Кировская область,Даровской,город,darovskoy,567047,,58.76993,47.95787,7261,Europe/Kirov
68,Республика Северная Осетия — Алания,Гизель,населённый пункт,gizel,561437,,43.04,44.57083,7256,Europe/Moscow
54,Омская область,Шербакуль,город,sherbakul,1492255,,54.63084,72.39675,7251,Asia/Omsk
86,Воронежская область,Латная,населённый пункт,latnaya,536818,,51.65004,38.89916,7232,Europe/Moscow
22,Кабардино-Балкарская Республика,Малка,населённый пункт,malka,530994,,43.80389,43.32417,7220,Europe/Moscow
73,Республика Татарстан,Богатые Сабы,город,bogatye-saby,575728,,56.00942,50.44714,7209,Europe/Moscow
49,Мурманская область,Зеленоборский,населённый пункт,zelenoborskiy,463838,,66.845,32.36222,7207,Europe/Moscow
24,Республика Калмыкия,Яшкуль,город,yashkul,468747,,46.1709,45.34213,7203,Europe/Moscow
12,Чеченская Республика,Гвардейское,населённый пункт,gvardeyskoe,557706,,43.67306,44.95889,7200,Europe/Moscow
75,Томская область,Бакчар,город,bakchar,1511057,,57.02114,82.07201,7195,Asia/Tomsk
11,Республика Бурятия,Усть-Баргузин,населённый пункт,ust-barguzin,2013986,,53.41116,109.03103,7195,Asia/Irkutsk
38,Краснодарский край,Должанская,населённый пункт,dolzhanskaya,565456,,46.63369,37.80246,7194,Europe/Moscow
05,Амурская область,Циолковский,город,tsiolkovskiy,6641869,,51.76872,128.12018,7194,Asia/Yakutsk
33,Кировская область,Мураши,город,murashi,524414,,59.3984,48.96374,7190,Europe/Kirov
73,Республика Татарстан,Рыбная Слобода,город,rybnaya-sloboda,499987,,55.46247,50.14443,7190,Europe/Moscow
70,Ставропольский край,Безопасное,населённый пункт,bezopasnoe,576519,,45.64833,41.93603,7176,Europe/Moscow
57,Пензенская область,Спасск,населённый пункт,spassk,578369,,53.92559,43.18394,7175,Europe/Moscow
78,Тюменская область,Исетское,город,isetskoe,1505466,,56.48315,65.31603,7170,Asia/Yekaterinburg
86,Воронежская область,Панино,город,panino,512861,,51.65425,40.1313,7164,Europe/Moscow
17,Республика Дагестан,Шамилькала,город,shamilkala,858701,,42.6871,46.86845,7163,Europe/Moscow
55,Оренбургская область,Тоцкое,город,totskoe,481955,,52.52784,52.74648,7161,Asia/Yekaterinburg
38,Краснодарский край,Старая Станция,населённый пункт,staraya-stantsiya,489063,,45.0098,41.1512,7145,Europe/Moscow
68,Республика Северная Осетия — Алания,Чикола,город,chikola,568184,,43.19536,43.92043,7142,Europe/Moscow
70,Ставропольский край,Константиновская,населённый пункт,konstantinovskaya,545276,,44.04556,43.15833,7137,Europe/Moscow
12,Чеченская Республика,Чечен-Аул,населённый пункт,chechen-aul,569666,,43.2,45.78889,7134,Europe/Moscow
80,Удмуртская Республика,Яр,город,yar,469017,,58.2458,52.1054,7122,Europe/Samara
64,Сахалинская область,Смирных,город,smirnyh,2121126,,49.74553,142.83413,7116,Asia/Sakhalin
72,Тамбовская область,Мордово,город,mordovo,525365,,52.08659,40.77259,7112,Europe/Moscow
11,Республика Бурятия,Иволгинск,город,ivolginsk,2023377,,51.74522,107.28435,7109,Asia/Irkutsk
85,Вологодская область,Вохтога,населённый пункт,vohtoga,472878,,58.80949,41.06245,7107,Europe/Moscow
54,Омская область,Полтавка,город,poltavka,1494500,,54.36312,71.7621,7103,Asia/Omsk
59,Приморский край,Воздвиженка,населённый пункт,vozdvizhenka,2013272,,43.89461,131.94505,7102,Asia/Vladivostok
56,Орловская область,Кромы,город,kromy,540776,,52.68762,35.76665,7098,Europe/Moscow
77,Тверская область,Селижарово,город,selizharovo,497661,,56.85188,33.44869,7096,Europe/Moscow
10,Брянская область,Комаричи,город,komarichi,545946,,52.42086,34.79758,7090,Europe/Moscow
81,Ульяновская область,Вешкайма,город,veshkayma,473994,,54.05021,47.12197,7087,Europe/Ulyanovsk
56,Орловская область,Колпны,город,kolpny,546092,,52.2226,37.03096,7081,Europe/Moscow
38,Краснодарский край,Челбасская,населённый пункт,chelbasskaya,569540,,45.97924,39.37186,7080,Europe/Moscow
53,Новосибирская область,Венгерово,город,vengerovo,1487615,,55.68278,76.74531,7073,Asia/Novosibirsk
57,Пензенская область,Чаадаевка,населённый пункт,chaadaevka,570133,,53.1427,45.9122,7072,Europe/Moscow
45,Республика Марий Эл,Красногорский,населённый пункт,krasnogorskiy,542366,,56.1525,48.32583,7065,Europe/Moscow
49,Мурманская область,Видяево,город,vidyaevo,795235,,69.31914,32.80488,7062,Europe/Moscow
30,Хабаровский край,Новый Ургал,населённый пункт,novyy-urgal,2047258,,51.07075,132.60158,7061,Asia/Vladivostok
20,Иркутская область,Алзамай,населённый пункт,alzamay,1511709,,55.5562,98.6644,7058,Asia/Irkutsk
22,Кабардино-Балкарская Республика,Баксаненок,населённый пункт,baksanenok,579571,,43.68972,43.65472,7058,Europe/Moscow
47,Московская область,Николина Гора,населённый пункт,nikolina-gora,521821,,55.73433,37.04364,7046,Europe/Moscow
67,Саратовская область,Горный,город,gornyy,559731,,51.75748,48.53688,7045,Europe/Saratov
91,Красноярский край,Большая Мурта,город,bolshaya-murta,1509686,,56.90444,93.15172,7041,Asia/Krasnoyarsk
70,Ставропольский край,Ачикулак,населённый пункт,achikulak,584310,,44.55167,44.83778,7040,Europe/Moscow
65,Самарская область,Волжский,населённый пункт,volzhskiy,472229,,53.43058,50.119,7040,Europe/Samara
32,Ханты-Мансийский автономный округ — Югра,Берёзово,город,beryozovo,1510214,,63.93806,65.04194,7034,Asia/Yekaterinburg
09,Белгородская область,Красногвардейское,населённый пункт,krasnogvardeyskoe,542333,,50.64922,38.4036,7026,Europe/Moscow
42,Ленинградская область,Мурино,населённый пункт,murino,524311,,60.04796,30.45204,7023,Europe/Moscow
63,Республика Саха (Якутия),Ытык-Кюёль,город,ytyk-kyuyol,2012874,,62.36153,133.56178,7023,Asia/Yakutsk
73,Республика Татарстан,Балтаси,город,baltasi,579384,,56.34646,50.20749,7009,Europe/Moscow
38,Краснодарский край,Вознесенская,населённый пункт,voznesenskaya,471188,,44.5527,41.0318,7009,Europe/Moscow
70,Ставропольский край,Ивановское,населённый пункт,ivanovskoe,555206,,44.5795,41.8764,7003,Europe/Moscow
05,Амурская область,Поярково,город,poyarkovo,2017705,,49.62544,128.6505,7003,Asia/Yakutsk
51,Нижегородская область,Большое Мурашкино,город,bolshoe-murashkino,573471,,55.78261,44.77541,7000,Europe/Moscow
47,Московская область,Гжель,населённый пункт,gzhel,557657,,55.61008,38.39399,7000,Europe/Moscow
86,Воронежская область,Новохопёрск,город,novohopyorsk,518745,,51.0969,41.6252,7000,Europe/Moscow
66,Санкт-Петербург,Тарховка,район города,tarhovka,484340,,60.06687,29.97435,7000,Europe/Moscow
87,Ямало-Ненецкий автономный округ,Коротчаево,населённый пункт,korotchaevo,11888187,,65.91028,78.20917,6998,Asia/Yekaterinburg
51,Нижегородская область,Ковернино,город,kovernino,543494,,57.128,43.81462,6988,Europe/Moscow
67,Саратовская область,Сенной,населённый пункт,sennoy,497019,,52.1509,46.96309,6979,Europe/Saratov
13,Челябинская область,Долгодеревенское,город,dolgoderevenskoe,1507300,,55.35013,61.34155,6976,Asia/Yekaterinburg
19,Республика Ингушетия,Вознесенская,населённый пункт,voznesenskaya,471189,,43.54379,44.74614,6972,Europe/Moscow
47,Московская область,Белоомут,населённый пункт,beloomut,577908,,54.94478,39.33941,6971,Europe/Moscow
20,Иркутская область,Качуг,город,kachug,2023333,,53.96227,105.88592,6971,Asia/Irkutsk
59,Приморский край,Дунай,населённый пункт,dunay,2024800,,42.87879,132.33542,6967,Asia/Vladivostok
40,Курганская область,Кетово,город,ketovo,1503879,,55.34831,65.33142,6966,Asia/Yekaterinburg
09,Белгородская область,Уразово,населённый пункт,urazovo,478781,,50.0836,38.0395,6966,Europe/Moscow
19,Республика Ингушетия,Пседах,населённый пункт,psedah,504388,,43.46722,44.56917,6964,Europe/Moscow
78,Тюменская область,Слобода Викуловская,город,sloboda-vikulovskaya,1487112,,56.81718,70.60569,6952,Asia/Yekaterinburg
21,Ивановская область,Гаврилов Посад,город,gavrilov-posad,561783,,56.55894,40.12039,6948,Europe/Moscow
63,Республика Саха (Якутия),Мохсоголлох,населённый пункт,mohsogolloh,2019867,,61.39619,128.9381,6947,Asia/Yakutsk
41,Курская область,Суджа,город,sudzha,486816,,51.191,35.271,6940,Europe/Moscow
43,Липецкая область,Тербуны,город,terbuny,483541,,52.14526,38.28114,6936,Europe/Moscow
31,Республика Хакасия,Аскиз,город,askiz,1511304,,53.13129,90.52821,6928,Asia/Krasnoyarsk
19,Республика Ингушетия,Галашки,населённый пункт,galashki,874034,,43.1174,44.99055,6928,Europe/Moscow
81,Ульяновская область,Старая Майна,город,staraya-mayna,489135,,54.60596,48.92487,6927,Europe/Ulyanovsk
17,Республика Дагестан,Эндирей,населённый пункт,endirey,582097,,43.16316,46.65401,6927,Europe/Moscow
78,Тюменская область,Ярково,город,yarkovo,1486369,,57.40332,67.06787,6925,Asia/Yekaterinburg
51,Нижегородская область,Княгинино,город,knyaginino,547162,,55.82213,45.03482,6923,Europe/Moscow
83,Владимирская область,Мелехово,населённый пункт,melehovo,527761,,56.2773,41.29346,6922,Europe/Moscow
38,Краснодарский край,Натухаевская,населённый пункт,natuhaevskaya,523270,,44.91051,37.57131,6922,Europe/Moscow
33,Кировская область,Лесной,населённый пункт,lesnoy,535734,,59.781,52.12838,6915,Europe/Kirov
59,Приморский край,Сибирцево,населённый пункт,sibirtsevo,2016588,,44.20212,132.46117,6908,Asia/Vladivostok
40,Курганская область,Лебяжье,город,lebyazhe,1500764,,55.27361,66.49472,6900,Asia/Yekaterinburg
88,Ярославская область,Пошехонье,город,poshehone,506029,,58.49928,39.13531,6900,Europe/Moscow
72,Тамбовская область,Староюрьево,город,staroyurevo,488214,,53.31949,40.70227,6900,Europe/Moscow
37,Костромская область,Солигалич,город,soligalich,491025,,59.0784,42.28713,6886,Europe/Moscow
08,Республика Башкортостан,Верхние Киги,город,verhnie-kigi,475100,,55.40772,58.60131,6885,Asia/Yekaterinburg
22,Кабардино-Балкарская Республика,Псыгансу,населённый пункт,psygansu,504327,,43.41338,43.79066,6885,Europe/Moscow
61,Ростовская область,Романовская,город,romanovskaya,501405,,47.54267,42.02216,6885,Europe/Moscow
13,Челябинская область,Зауральский,населённый пункт,zauralskiy,1485389,,54.7855,61.2421,6878,Asia/Yekaterinburg
70,Ставропольский край,Пелагиада,населённый пункт,pelagiada,511707,,45.20639,42.02361,6871,Europe/Moscow
08,Республика Башкортостан,Аскино,город,askino,580577,,56.08781,56.57818,6866,Asia/Yekaterinburg
49,Мурманская область,Высокий,населённый пункт,vysokiy,11888168,,68.13583,33.41917,6860,Europe/Moscow
38,Краснодарский край,Новолеушковская,населённый пункт,novoleushkovskaya,518643,,45.9956,39.9921,6853,Europe/Moscow
61,Ростовская область,Кагальницкая,город,kagalnitskaya,554482,,46.88052,40.14804,6848,Europe/Moscow
27,Карачаево-Черкесская Республика,Псыж,населённый пункт,psyzh,504317,,44.23306,42.01833,6840,Europe/Moscow
51,Нижегородская область,Пильна,город,pilna,509538,,55.55399,45.91808,6835,Europe/Moscow
38,Краснодарский край,Крыловская,населённый пункт,krylovskaya,540268,,46.1097,39.3035,6831,Europe/Moscow
89,Еврейская автономная область,Ленинское,город,leninskoe,2020841,,47.94275,132.61924,6827,Asia/Vladivostok
93,Забайкальский край,Красный Чикой,город,krasnyy-chikoy,2012349,,50.36392,108.75586,6824,Asia/Chita
67,Саратовская область,Турки,город,turki,480267,,51.98692,43.27482,6821,Europe/Saratov
17,Республика Дагестан,Геджух,населённый пункт,gedzhuh,795067,,42.12786,48.06474,6816,Europe/Moscow
17,Республика Дагестан,Кочубей,район города,kochubey,868355,,44.38611,46.5825,6815,Europe/Moscow
80,Удмуртская Республика,Малая Пурга,город,malaya-purga,531426,,56.55666,53.00434,6803,Europe/Samara
57,Пензенская область,Беково,населённый пункт,bekovo,578263,,52.46632,43.71199,6800,Europe/Moscow
17,Республика Дагестан,Сулак,населённый пункт,sulak,486398,,43.27342,47.51463,6800,Europe/Moscow
47,Московская область,Кратово,населённый пункт,kratovo,541286,,55.59728,38.17743,6799,Europe/Moscow
63,Республика Саха (Якутия),Нижний Куранах,населённый пункт,nizhniy-kuranah,2019135,,58.8238,125.52278,6798,Asia/Yakutsk
63,Республика Саха (Якутия),Хандыга,город,handyga,2022773,,62.65302,135.56649,6796,Asia/Vladivostok
63,Республика Саха (Якутия),Майя,населённый пункт,mayya,2020121,,61.73824,130.28161,6794,Asia/Yakutsk
51,Нижегородская область,Тумботино,населённый пункт,tumbotino,480453,,55.99926,43.02359,6791,Europe/Moscow
34,Республика Коми,Визинга,город,vizinga,473263,,61.07321,50.07756,6788,Europe/Moscow
38,Краснодарский край,Новорождественская,населённый пункт,novorozhdestvenskaya,518249,,45.86057,39.94968,6780,Europe/Moscow
54,Омская область,Крутая Горка,населённый пункт,krutaya-gorka,1501710,,55.36493,73.2231,6779,Asia/Omsk
53,Новосибирская область,Довольное,город,dovolnoe,1507220,,54.49457,79.66766,6774,Asia/Novosibirsk
60,Псковская область,Пыталово,город,pytalovo,503374,,57.06925,27.91542,6767,Europe/Moscow
41,Курская область,Горшечное,город,gorshechnoe,559400,,51.52356,38.03799,6758,Europe/Moscow
70,Ставропольский край,Анджиевский,населённый пункт,andzhievskiy,581788,,44.23889,43.08556,6755,Europe/Moscow
17,Республика Дагестан,Манаскент,населённый пункт,manaskent,529610,,42.72749,47.67846,6753,Europe/Moscow
45,Республика Марий Эл,Оршанка,город,orshanka,514739,,56.91729,47.89636,6750,Europe/Moscow
38,Краснодарский край,ВЕРХНЕБАКАНСКИЙ,район города,verhnebakanskiy,867425,,44.84917,37.65722,6746,Europe/Moscow
33,Кировская область,Песковка,населённый пункт,peskovka,510473,,59.04478,52.36057,6746,Europe/Kirov
67,Саратовская область,Мокроус,город,mokrous,525719,,51.23756,47.51395,6738,Europe/Saratov
51,Нижегородская область,Большое Козино,населённый пункт,bolshoe-kozino,573559,,56.40397,43.71424,6723,Europe/Moscow
04,Алтайский край,Боровиха,населённый пункт,boroviha,1508918,,53.5072,83.8379,6712,Asia/Barnaul
38,Краснодарский край,Гирей,населённый пункт,girey,561462,,45.4012,40.6587,6712,Europe/Moscow
38,Краснодарский край,Новодеревянковская,населённый пункт,novoderevyankovskaya,518944,,46.32403,38.74693,6712,Europe/Moscow
61,Ростовская область,Заветное,город,zavetnoe,464179,,47.11894,43.88945,6711,Europe/Moscow
78,Тюменская область,Тавдинская Слобода,город,tavdinskaya-sloboda,1497376,,57.6687,66.17821,6711,Asia/Yekaterinburg
51,Нижегородская область,Решетиха,населённый пункт,reshetiha,502078,,56.21566,43.28802,6710,Europe/Moscow
51,Нижегородская область,Шаранга,город,sharanga,495767,,57.17704,46.538,6709,Europe/Moscow
47,Московская область,Вербилки,населённый пункт,verbilki,475845,,56.53333,37.6,6708,Europe/Moscow
17,Республика Дагестан,Магарамкент,город,magaramkent,532307,,41.61513,48.34609,6708,Europe/Moscow
85,Вологодская область,Вожега,населённый пункт,vozhega,471245,,60.47246,40.22134,6703,Europe/Moscow
04,Алтайский край,Красногорское,город,krasnogorskoe,1502105,,52.29767,86.19816,6703,Asia/Barnaul
22,Кабардино-Балкарская Республика,Старый Черек,населённый пункт,staryy-cherek,488142,,43.47069,43.85615,6702,Europe/Moscow
65,Самарская область,Петра-Дубрава,населённый пункт,petra-dubrava,867005,,53.29613,50.36554,6699,Europe/Samara
65,Самарская область,Петрова Дубрава,населённый пункт,petrova-dubrava,510132,,53.3,50.36667,6699,Europe/Samara
51,Нижегородская область,Вад,город,vad,477424,,55.53022,44.20671,6698,Europe/Moscow
72,Тамбовская область,Дмитриевка,город,dmitrievka,566068,,52.88117,40.79009,6695,Europe/Moscow
76,Тульская область,Чернь,город,chern,569116,,53.45209,36.91184,6689,Europe/Moscow
71,Свердловская область,Шаля,город,shalya,495915,,57.2471,58.7298,6689,Asia/Yekaterinburg
60,Псковская область,Себеж,город,sebezh,498001,,56.28607,28.48327,6688,Europe/Moscow
67,Саратовская область,Шиханы,город,shihany,494519,,52.11614,47.19898,6688,Europe/Saratov
38,Краснодарский край,Супсех,населённый пункт,supseh,486166,,44.86285,37.36629,6669,Europe/Moscow
56,Орловская область,Глазуновка,город,glazunovka,561313,,52.50057,36.31997,6666,Europe/Moscow
64,Сахалинская область,Макаров,город,makarov,2123614,,48.62557,142.77863,6663,Asia/Sakhalin
61,Ростовская область,Синегорский,населённый пункт,sinegorskiy,492853,,48.01389,40.84468,6660,Europe/Moscow
04,Алтайский край,Усть-Калманка,город,ust-kalmanka,1488200,,52.12283,83.30798,6659,Asia/Barnaul
86,Воронежская область,Подгоренский,город,podgorenskiy,508394,,50.41023,39.64202,6652,Europe/Moscow
55,Оренбургская область,Ташла,город,tashla,484232,,51.77191,52.74104,6651,Asia/Yekaterinburg
91,Красноярский край,Тея,населённый пункт,teya,1489656,,60.37202,92.62956,6649,Asia/Krasnoyarsk
38,Краснодарский край,Терновская,населённый пункт,ternovskaya,483326,,45.8513,40.4125,6643,Europe/Moscow
77,Тверская область,Спирово,город,spirovo,489686,,57.41963,34.98102,6640,Europe/Moscow
52,Новгородская область,Хвойная,город,hvoynaya,548890,,58.89665,34.512,6637,Europe/Moscow
38,Краснодарский край,Петропавловская,населённый пункт,petropavlovskaya,510171,,45.08189,40.45125,6632,Europe/Moscow
90,Пермский край,Уральский,населённый пункт,uralskiy,478836,,57.9349,55.5513,6626,Asia/Yekaterinburg
91,Красноярский край,Мотыгино,населённый пункт,motygino,1498314,,58.18401,94.69339,6625,Asia/Krasnoyarsk
85,Вологодская область,Кичменгский Городок,населённый пункт,kichmengskiy-gorodok,548791,,59.98164,45.78543,6623,Europe/Moscow
65,Самарская область,Пестравка,город,pestravka,510347,,52.4033,49.95837,6623,Europe/Samara
57,Пензенская область,Шемышейка,населённый пункт,shemysheyka,494900,,52.89196,45.39282,6619,Europe/Moscow
51,Нижегородская область,Вача,город,vacha,477440,,55.80029,42.77455,6618,Europe/Moscow
01,Республика Адыгея,Дондуковская,населённый пункт,dondukovskaya,565357,,44.8819,40.36271,6609,Europe/Moscow
38,Краснодарский край,Курчанская,населённый пункт,kurchanskaya,538911,,45.22246,37.57178,6600,Europe/Moscow
45,Республика Марий Эл,Параньга,город,paranga,512618,,56.7037,49.40373,6600,Europe/Moscow
27,Карачаево-Черкесская Республика,Преградная,город,pregradnaya,505539,,43.95185,41.19117,6595,Europe/Moscow
65,Самарская область,Шентала,город,shentala,494877,,54.43354,51.46625,6595,Europe/Samara
47,Московская область,Стромынь,населённый пункт,stromyn,487131,,56.04347,38.48318,6593,Europe/Moscow
73,Республика Татарстан,Старое Аракчино,населённый пункт,staroe-arakchino,7760366,,55.8041,48.9709,6587,Europe/Moscow
90,Пермский край,Карагайка,город,karagayka,552887,,58.26615,54.9325,6586,Asia/Yekaterinburg
59,Приморский край,Липовцы,населённый пункт,lipovtsy,2020752,,44.19985,131.72289,6581,Asia/Vladivostok
38,Краснодарский край,Калниболотская,населённый пункт,kalnibolotskaya,553955,,46.00583,40.45682,6578,Europe/Moscow
59,Приморский край,Вольно-Надеждинское,город,volno-nadezhdinskoe,2013332,,43.37474,131.9955,6577,Asia/Vladivostok
93,Забайкальский край,Домна,населённый пункт,domna,2024893,,51.89376,113.15237,6576,Asia/Chita
42,Ленинградская область,Советский,населённый пункт,sovetskiy,490039,,60.53945,28.67756,6574,Europe/Moscow
38,Краснодарский край,Березанская,населённый пункт,berezanskaya,577380,,45.70562,39.59324,6568,Europe/Moscow
76,Тульская область,Грицовский,населённый пункт,gritsovskiy,558497,,54.13761,38.16043,6568,Europe/Moscow
91,Красноярский край,Северо-Енисейский,населённый пункт,severo-eniseyskiy,1492566,,60.37552,93.03017,6564,Asia/Krasnoyarsk
06,Архангельская область,Кулой,населённый пункт,kuloy,539385,,61.03049,42.49252,6557,Europe/Moscow
50,Ненецкий автономный округ,Искателей,населённый пункт,iskateley,866062,,67.68026,53.15117,6545,Europe/Moscow
68,Республика Северная Осетия — Алания,Змейская,населённый пункт,zmeyskaya,462383,,43.33617,44.15733,6533,Europe/Moscow
13,Челябинская область,Полетаево,населённый пункт,poletaevo,1494587,,55.0336,61.1138,6532,Asia/Yekaterinburg
29,Кемеровская область,Абагур,населённый пункт,abagur,1512238,,53.7308,87.2526,6530,Asia/Novokuznetsk
80,Удмуртская Республика,Шаркан,город,sharkan,495688,,57.29885,53.87122,6523,Europe/Samara
32,Ханты-Мансийский автономный округ — Югра,Высокий Мыс,населённый пункт,vysokiy-mys,1486601,,61.22684,72.13662,6522,Asia/Yekaterinburg
71,Свердловская область,Верхние Серги,населённый пункт,verhnie-sergi,475041,,56.64694,59.55556,6520,Asia/Yekaterinburg
13,Челябинская область,Межозерный,населённый пункт,mezhozernyy,527237,,54.14639,59.37361,6517,Asia/Yekaterinburg
61,Ростовская область,Мечетинская,населённый пункт,mechetinskaya,528137,,46.7713,40.45597,6517,Europe/Moscow
41,Курская область,Кшенский,город,kshenskiy,540121,,51.84083,37.71361,6504,Europe/Moscow
47,Московская область,Мураново,населённый пункт,muranovo,524423,,56.18333,37.9,6500,Europe/Moscow
47,Московская область,Шереметьевский,населённый пункт,sheremetevskiy,494806,,55.97583,37.49417,6500,Europe/Moscow
45,Республика Марий Эл,Семеновка,населённый пункт,semenovka,497391,,56.64722,47.97972,6495,Europe/Moscow
54,Омская область,Нововаршавка,город,novovarshavka,1496633,,54.16876,74.69832,6487,Asia/Omsk
76,Тульская область,Заокский,город,zaokskiy,464993,,54.73028,37.39729,6480,Europe/Moscow
38,Краснодарский край,Троицкая,населённый пункт,troitskaya,481604,,45.13493,38.12544,6479,Europe/Moscow
07,Астраханская область,Капустин Яр,населённый пункт,kapustin-yar,552999,,48.58175,45.74481,6476,Europe/Astrakhan
51,Нижегородская область,Сокольское,город,sokolskoe,491145,,57.13947,43.16263,6474,Europe/Moscow
67,Саратовская область,Новые Бурасы,город,novye-burasy,517172,,52.12982,46.07632,6469,Europe/Saratov
10,Брянская область,Красная Гора,город,krasnaya-gora,542788,,52.9995,31.6023,6468,Europe/Moscow
72,Тамбовская область,Токарёвка,населённый пункт,tokaryovka,482522,,52.00014,41.14972,6468,Europe/Moscow
17,Республика Дагестан,Тюбе,населённый пункт,tyube,869342,,43.04926,47.30742,6466,Europe/Moscow
59,Приморский край,Углекаменск,населённый пункт,uglekamensk,2014573,,43.22052,133.23223,6461,Asia/Vladivostok
11,Республика Бурятия,Кижинга,город,kizhinga,2022003,,51.84851,109.9067,6459,Asia/Irkutsk
70,Ставропольский край,Труновское,населённый пункт,trunovskoe,481181,,45.48778,42.13583,6459,Europe/Moscow
47,Московская область,Деденёво,населённый пункт,dedenyovo,566891,,56.24283,37.51769,6455,Europe/Moscow
54,Омская область,Русская Поляна,город,russkaya-polyana,1493423,,53.77999,73.88384,6454,Asia/Omsk
93,Забайкальский край,Вершино-Дарасунский,населённый пункт,vershino-darasunskiy,2013442,,52.36633,115.53046,6451,Asia/Chita
81,Ульяновская область,Новая Майна,населённый пункт,novaya-mayna,519611,,54.15,49.75,6448,Europe/Ulyanovsk
76,Тульская область,Бородинский,населённый пункт,borodinskiy,572256,,53.99859,37.81792,6447,Europe/Moscow
17,Республика Дагестан,Верхнее-Казанище,населённый пункт,verhnee-kazanische,475369,,42.73547,47.1378,6444,Europe/Moscow
65,Самарская область,Курумоч,населённый пункт,kurumoch,538508,,53.48963,50.03748,6443,Europe/Samara
62,Рязанская область,Сараи,город,sarai,498711,,53.72947,41.00219,6439,Europe/Moscow
67,Саратовская область,Екатериновка,город,ekaterinovka,468180,,52.04915,44.34624,6435,Europe/Saratov
62,Рязанская область,Тума,населённый пункт,tuma,480484,,55.14798,40.55374,6432,Europe/Moscow
07,Астраханская область,Ильинка,населённый пункт,ilinka,557246,,46.2383,47.90068,6427,Europe/Astrakhan
16,Чувашская Республика,Порецкое,населённый пункт,poretskoe,506286,,55.19742,46.32908,6420,Europe/Moscow
81,Ульяновская область,Николаевка,город,nikolaevka,521966,,53.1309,47.21153,6419,Europe/Ulyanovsk
38,Краснодарский край,Новощербиновская,населённый пункт,novoscherbinovskaya,517959,,46.47669,38.64757,6415,Europe/Moscow
17,Республика Дагестан,Коркмаскала,город,korkmaskala,825035,,43.02469,47.29044,6402,Europe/Moscow
08,Республика Башкортостан,Большеустьикинское,город,bolsheustikinskoe,574350,,55.94491,58.26304,6397,Asia/Yekaterinburg
65,Самарская область,Богатое,город,bogatoe,575756,,53.06111,51.32898,6391,Europe/Samara
51,Нижегородская область,Дивеево,город,diveevo,566165,,55.04071,43.24759,6390,Europe/Moscow
51,Нижегородская область,Бутурлино,город,buturlino,570564,,55.56694,44.895,6388,Europe/Moscow
76,Тульская область,Одоев,город,odoev,516197,,53.93567,36.68821,6386,Europe/Moscow
08,Республика Башкортостан,Бижбуляк,город,bizhbulyak,576195,,53.69534,54.26427,6385,Asia/Yekaterinburg
81,Ульяновская область,Мулловка,населённый пункт,mullovka,524489,,54.2,49.4,6383,Europe/Ulyanovsk
93,Забайкальский край,Дульдурга,город,duldurga,2024812,,50.67436,113.58926,6382,Asia/Chita
31,Республика Хакасия,Таштып,город,tashtyp,1490036,,52.79936,89.89352,6379,Asia/Krasnoyarsk
22,Кабардино-Балкарская Республика,Гунделен,населённый пункт,gundelen,557988,,43.5975,43.17194,6363,Europe/Moscow
13,Челябинская область,Агаповка,город,agapovka,584051,,53.29712,59.13401,6362,Asia/Yekaterinburg
08,Республика Башкортостан,Ермолаево,город,ermolaevo,467246,,52.70438,55.8206,6354,Asia/Yekaterinburg
88,Ярославская область,Некрасовское,город,nekrasovskoe,522799,,57.67958,40.36504,6353,Europe/Moscow
44,Магаданская область,Ола,город,ola,2122574,,59.58032,151.29946,6347,Asia/Magadan
63,Республика Саха (Якутия),Верхневилюйск,город,verhnevilyuysk,2013639,,63.44571,120.30814,6341,Asia/Yakutsk
08,Республика Башкортостан,Верхние Татышлы,город,verhnie-tatyshly,475030,,56.28879,55.86031,6341,Asia/Yekaterinburg
20,Иркутская область,Марково,населённый пункт,markovo,2020208,,57.32056,107.08806,6340,Asia/Irkutsk
73,Республика Татарстан,Сарманово,город,sarmanovo,498537,,55.25439,52.58784,6339,Europe/Moscow
27,Карачаево-Черкесская Республика,Терезе,населённый пункт,tereze,483386,,43.93608,42.4434,6335,Europe/Moscow
42,Ленинградская область,Приморск,населённый пункт,primorsk,505269,,60.36622,28.60615,6334,Europe/Moscow
24,Республика Калмыкия,Садовое,город,sadovoe,499535,,47.77404,44.51082,6333,Europe/Moscow
86,Воронежская область,Нижнедевицк,город,nizhnedevitsk,521148,,51.54413,38.36436,6320,Europe/Moscow
65,Самарская область,Клявлино,населённый пункт,klyavlino,547383,,54.26491,52.02674,6318,Europe/Samara
22,Кабардино-Балкарская Республика,Каменномостское,населённый пункт,kamennomostskoe,553513,,43.73722,43.05139,6316,Europe/Moscow
47,Московская область,Ашукино,населённый пункт,ashukino,580597,,56.16667,37.95,6310,Europe/Moscow
11,Республика Бурятия,Каменск,населённый пункт,kamensk,2023225,,51.9831,106.58477,6308,Asia/Irkutsk
04,Алтайский край,Нагорный,населённый пункт,nagornyy,1498067,,52.7959,83.5498,6308,Asia/Barnaul
34,Республика Коми,Водный,населённый пункт,vodnyy,472976,,63.50464,53.40947,6307,Europe/Moscow
12,Чеченская Республика,Джалка,населённый пункт,dzhalka,563678,,43.3186,45.98787,6306,Europe/Moscow
40,Курганская область,Шатрово,город,shatrovo,1492388,,56.51976,64.63304,6295,Asia/Yekaterinburg
10,Брянская область,Ивот,населённый пункт,ivot,554950,,53.67452,34.1893,6294,Europe/Moscow
05,Амурская область,Талакан,населённый пункт,talakan,2015686,,50.26378,130.26755,6294,Asia/Yakutsk
49,Мурманская область,Алакуртти,населённый пункт,alakurtti,583472,,66.9672,30.34905,6293,Europe/Moscow
61,Ростовская область,Кашары,город,kashary,552006,,49.03973,41.00427,6292,Europe/Moscow
56,Орловская область,Змиевка,город,zmievka,462377,,52.66568,36.37741,6288,Europe/Moscow
75,Томская область,Зырянское,город,zyryanskoe,1484892,,56.83216,86.62926,6285,Asia/Tomsk
38,Краснодарский край,Попутная,населённый пункт,poputnaya,506320,,44.5125,41.4392,6279,Europe/Moscow
07,Астраханская область,Красные Баррикады,населённый пункт,krasnye-barrikady,541795,,46.2045,47.8535,6275,Europe/Astrakhan
11,Республика Бурятия,Турунтаево,город,turuntaevo,2014779,,52.20199,107.6429,6260,Asia/Irkutsk
11,Республика Бурятия,Кабанск,город,kabansk,2023350,,52.05227,106.65485,6257,Asia/Irkutsk
91,Красноярский край,Козулька,город,kozulka,1502207,,56.16485,91.39125,6257,Asia/Krasnoyarsk
16,Чувашская Республика,Урмары,населённый пункт,urmary,478689,,55.67894,47.94396,6256,Europe/Moscow
51,Нижегородская область,Вознесенское,город,voznesenskoe,471172,,54.88979,42.75703,6252,Europe/Moscow
83,Владимирская область,Никологоры,населённый пункт,nikologory,521807,,56.1413,41.99218,6244,Europe/Moscow
41,Курская область,Коренево,город,korenevo,544906,,51.41065,34.90008,6236,Europe/Moscow
09,Белгородская область,Троицкий,населённый пункт,troitskiy,481580,,51.35885,37.5253,6236,Europe/Moscow
75,Томская область,Тимирязевское,район города,timiryazevskoe,1489597,,56.48988,84.87795,6229,Asia/Tomsk
75,Томская область,Парабель,город,parabel,1495586,,58.69581,81.49342,6227,Asia/Tomsk
76,Тульская область,Рождественский,населённый пункт,rozhdestvenskiy,817767,,54.2957,37.57019,6222,Europe/Moscow
17,Республика Дагестан,Муцалаул,населённый пункт,mutsalaul,524113,,43.27548,46.73078,6219,Europe/Moscow
06,Архангельская область,Двинской Березник,город,dvinskoy-bereznik,577240,,62.85809,42.7019,6218,Europe/Moscow
09,Белгородская область,Грайворон,город,grayvoron,559034,,50.47893,35.68087,6212,Europe/Moscow
42,Ленинградская область,Каменногорск,населённый пункт,kamennogorsk,553518,,60.95451,29.13391,6208,Europe/Moscow
47,Московская область,Пироговский,населённый пункт,pirogovskiy,509392,,55.97806,37.73361,6208,Europe/Moscow
80,Удмуртская Республика,Алнаши,город,alnashi,582423,,56.18738,52.47919,6205,Europe/Samara
46,Республика Мордовия,Ялга,населённый пункт,yalga,866052,,54.12567,45.12958,6204,Europe/Moscow
04,Алтайский край,Сорокино,населённый пункт,sorokino,1491378,,53.75,84.91667,6203,Asia/Barnaul
61,Ростовская область,Родионово-Несветаиское,населённый пункт,rodionovo-nesvetaiskoe,501775,,47.6,39.7,6197,Europe/Moscow
89,Еврейская автономная область,Николаевка,населённый пункт,nikolaevka,2019266,,48.55651,134.78359,6196,Asia/Vladivostok
61,Ростовская область,Родионово-Несветайская,город,rodionovo-nesvetayskaya,501774,,47.60919,39.71237,6188,Europe/Moscow
67,Саратовская область,Соколовый,населённый пункт,sokolovyy,491155,,51.56857,45.83312,6183,Europe/Saratov
17,Республика Дагестан,Маджалис,город,madzhalis,532314,,42.12167,47.83333,6173,Europe/Moscow
41,Курская область,Дмитриев,населённый пункт,dmitriev,566015,,52.1257,35.0755,6171,Europe/Moscow
62,Рязанская область,Поляны,населённый пункт,polyany,506782,,54.71801,39.82932,6170,Europe/Moscow
13,Челябинская область,Еткуль,город,etkul,1485849,,54.8231,61.5838,6163,Asia/Yekaterinburg
84,Волгоградская область,Ерзовка,населённый пункт,erzovka,466819,,48.93655,44.64554,6161,Europe/Volgograd
42,Ленинградская область,Бугры,населённый пункт,bugry,824070,,60.07121,30.39225,6154,Europe/Moscow
29,Кемеровская область,Промышленновский,населённый пункт,promyshlennovskiy,1494090,,55.48333,86.2,6152,Asia/Novokuznetsk
63,Республика Саха (Якутия),Амга,город,amga,2027786,,60.89939,131.98175,6151,Asia/Yakutsk
51,Нижегородская область,Воротынец,город,vorotynets,471799,,56.061,45.86522,6151,Europe/Moscow
43,Липецкая область,Хлевное,город,hlevnoe,550102,,52.19472,39.08909,6150,Europe/Moscow
33,Кировская область,Демьяново,населённый пункт,demyanovo,566635,,60.35111,47.08417,6148,Europe/Kirov
54,Омская область,Павлоградка,город,pavlogradka,1495480,,54.20088,73.56377,6148,Asia/Omsk
05,Амурская область,Среднебелая,населённый пункт,srednebelaya,2016170,,50.65889,128.01132,6148,Asia/Yakutsk
47,Московская область,Заречье,населённый пункт,zareche,6417635,,55.68667,37.3924,6144,Europe/Moscow
71,Свердловская область,Тугулым,город,tugulym,1489057,,57.05863,64.64702,6139,Asia/Yekaterinburg
21,Ивановская область,Савино,город,savino,498264,,56.59298,41.21314,6133,Europe/Moscow
49,Мурманская область,Умба,населённый пункт,umba,479071,,66.68706,34.34291,6128,Europe/Moscow
67,Саратовская область,Ивантеевка,город,ivanteevka,555112,,52.26764,49.10512,6127,Europe/Saratov
77,Тверская область,Красный Холм,город,krasnyy-holm,541704,,58.06166,37.11975,6120,Europe/Moscow
38,Краснодарский край,Саратовская,населённый пункт,saratovskaya,498672,,44.70752,39.22156,6117,Europe/Moscow
38,Краснодарский край,Темижбекская,населённый пункт,temizhbekskaya,483692,,45.44556,40.845,6111,Europe/Moscow
75,Томская область,Молчаново,город,molchanovo,1498493,,57.58112,83.76053,6109,Asia/Tomsk
38,Краснодарский край,Витязево,населённый пункт,vityazevo,473295,,45.0013,37.28211,6104,Europe/Moscow
17,Республика Дагестан,Хаджалмахи,населённый пункт,hadzhalmahi,550844,,42.42,47.18206,6088,Europe/Moscow
59,Приморский край,Пластун,населённый пункт,plastun,2017912,,44.75997,136.28421,6082,Asia/Vladivostok
91,Красноярский край,Агинское,город,aginskoe,1512102,,55.25931,94.91237,6077,Asia/Krasnoyarsk
93,Забайкальский край,Улёты,населённый пункт,ulyoty,2014369,,51.35589,112.4843,6075,Asia/Chita
61,Ростовская область,Жирнов,населённый пункт,zhirnov,462988,,48.17089,41.12608,6069,Europe/Moscow
62,Рязанская область,Октябрьский,населённый пункт,oktyabrskiy,515882,,54.22675,38.89402,6067,Europe/Moscow
70,Ставропольский край,Татарка,населённый пункт,tatarka,484162,,44.95889,41.95171,6062,Europe/Moscow
88,Ярославская область,Любим,город,lyubim,532600,,58.36183,40.68695,6057,Europe/Moscow
04,Алтайский край,Романово,город,romanovo,1493577,,52.61753,81.22796,6056,Asia/Barnaul
11,Республика Бурятия,Баргузин,город,barguzin,2027109,,53.61696,109.6319,6052,Asia/Irkutsk
71,Свердловская область,Байкалово,город,baykalovo,1510697,,57.39595,63.76812,6043,Asia/Yekaterinburg
53,Новосибирская область,Прокудское,населённый пункт,prokudskoe,1494111,,55.0089,82.4574,6043,Asia/Novosibirsk
55,Оренбургская область,Краснохолм,населённый пункт,krasnoholm,542322,,51.59787,54.1567,6041,Asia/Yekaterinburg
81,Ульяновская область,Базарный Сызган,город,bazarnyy-syzgan,578465,,53.7497,46.75863,6039,Europe/Ulyanovsk
59,Приморский край,Спасское,населённый пункт,spasskoe,2016183,,44.61208,132.79884,6038,Asia/Vladivostok
30,Хабаровский край,Октябрьский,населённый пункт,oktyabrskiy,2122584,,49.05666,140.25473,6037,Asia/Vladivostok
51,Нижегородская область,Воскресенское,город,voskresenskoe,471607,,56.83816,45.4322,6028,Europe/Moscow
62,Рязанская область,Кадом,город,kadom,554549,,54.55912,42.4676,6027,Europe/Moscow
12,Чеченская Республика,Валерик,населённый пункт,valerik,477279,,43.17972,45.40806,6025,Europe/Moscow
54,Омская область,Одесское,населённый пункт,odesskoe,1496380,,54.215,72.9651,6025,Asia/Omsk
71,Свердловская область,Туринская Слобода,город,turinskaya-sloboda,1488931,,57.62125,64.38252,6023,Asia/Yekaterinburg
81,Ульяновская область,Старая Кулатка,город,staraya-kulatka,489164,,52.72932,47.62145,6022,Europe/Ulyanovsk
76,Тульская область,Дубна,город,dubna,564723,,54.15446,36.96138,6019,Europe/Moscow
29,Кемеровская область,Пионер,населённый пункт,pioner,1494955,,55.3166,85.9508,6015,Asia/Novokuznetsk
65,Самарская область,Челно-Вершины,населённый пункт,chelno-vershiny,569497,,54.4148,51.08594,6015,Europe/Samara
75,Томская область,Кривошеино,город,krivosheino,1501795,,57.3432,83.92405,6010,Asia/Tomsk
21,Ивановская область,Талицы,населённый пункт,talitsy,484770,,56.52801,42.3323,6003,Europe/Moscow
42,Ленинградская область,Мариенбург,район города,marienburg,501318,,59.57139,30.06472,6000,Europe/Moscow
66,Санкт-Петербург,Шувалово,район города,shuvalovo,493242,,60.047,30.3,6000,Europe/Moscow
43,Липецкая область,Боринское,населённый пункт,borinskoe,572559,,52.4569,39.3713,5998,Europe/Moscow
17,Республика Дагестан,Новокаякент,город,novokayakent,518764,,42.38653,47.98823,5991,Europe/Moscow
08,Республика Башкортостан,Николо-Березовка,населённый пункт,nikolo-berezovka,521814,,56.12422,54.15573,5981,Asia/Yekaterinburg
87,Ямало-Ненецкий автономный округ,Тазовский,населённый пункт,tazovskiy,1489853,,67.4715,78.7162,5981,Asia/Yekaterinburg
71,Свердловская область,Цементный,населённый пункт,tsementnyy,1489125,,57.4693,60.1536,5972,Asia/Yekaterinburg
59,Приморский край,Новый,населённый пункт,novyy,6422876,,43.36525,132.02417,5970,Asia/Vladivostok
51,Нижегородская область,Сухобезводное,населённый пункт,suhobezvodnoe,486645,,57.04913,44.88909,5970,Europe/Moscow
84,Волгоградская область,Даниловка,город,danilovka,567177,,50.35786,44.11489,5956,Europe/Volgograd
33,Кировская область,Кильмезь,город,kilmez,548695,,56.94459,51.06363,5954,Europe/Kirov
29,Кемеровская область,Ижморский,город,izhmorskiy,1505228,,56.19216,86.64162,5950,Asia/Novokuznetsk
13,Челябинская область,Кунашак,город,kunashak,1501402,,55.70155,61.54932,5950,Asia/Yekaterinburg
63,Республика Саха (Якутия),Бердигестях,город,berdigestyah,2026861,,62.09798,126.70205,5948,Asia/Yakutsk
76,Тульская область,Куркино,город,kurkino,538733,,53.42595,38.65597,5944,Europe/Moscow
81,Ульяновская область,Павловка,город,pavlovka,512152,,52.69009,47.14131,5944,Europe/Ulyanovsk
67,Саратовская область,Духовницкое,город,duhovnitskoe,564241,,52.47929,48.20891,5943,Europe/Saratov
29,Кемеровская область,Боровой,населённый пункт,borovoy,1508894,,55.43333,86.08333,5942,Asia/Novokuznetsk
62,Рязанская область,Спас-Клепики,город,spas-klepiki,489862,,55.13758,40.17997,5942,Europe/Moscow
47,Московская область,Павловская Слобода,населённый пункт,pavlovskaya-sloboda,512039,,55.81517,37.08246,5937,Europe/Moscow
46,Республика Мордовия,Атяшево,населённый пункт,atyashevo,580375,,54.56443,46.06905,5935,Europe/Moscow
76,Тульская область,Агеево,населённый пункт,ageevo,584021,,54.15883,36.46927,5934,Europe/Moscow
88,Ярославская область,Мышкин,город,myshkin,523859,,57.79027,38.454,5932,Europe/Moscow
08,Республика Башкортостан,Языково,населённый пункт,yazykovo,468483,,55.21988,56.13532,5929,Asia/Yekaterinburg
38,Краснодарский край,Новоукраинское,населённый пункт,novoukrainskoe,517767,,45.37833,40.52972,5928,Europe/Moscow
11,Республика Бурятия,Сокол,населённый пункт,sokol,2016334,,51.80036,107.44437,5928,Asia/Irkutsk
56,Орловская область,Залегощь,город,zalegosch,465291,,52.89907,36.88961,5925,Europe/Moscow
08,Республика Башкортостан,Новобелокатай,город,novobelokatay,519027,,55.70691,58.95726,5923,Asia/Yekaterinburg
42,Ленинградская область,Сосново,населённый пункт,sosnovo,490213,,60.55145,30.21441,5923,Europe/Moscow
69,Смоленская область,Озёрный,населённый пункт,ozyornyy,513426,,55.5802,32.4127,5921,Europe/Moscow
60,Псковская область,Пушкинские Горы,город,pushkinskie-gory,503965,,57.01712,28.92488,5920,Europe/Moscow
61,Ростовская область,Кировская,населённый пункт,kirovskaya,548390,,46.9748,40.0402,5918,Europe/Moscow
17,Республика Дагестан,Унцукуль,населённый пункт,untsukul,478963,,42.71149,46.78663,5913,Europe/Moscow
61,Ростовская область,Таловый,населённый пункт,talovyy,484720,,47.80765,40.10943,5909,Europe/Moscow
65,Самарская область,Смышляевка,населённый пункт,smyshlyaevka,491576,,53.23913,50.39072,5908,Europe/Samara
17,Республика Дагестан,Уллуая,населённый пункт,ulluaya,479242,,42.37377,47.37451,5905,Europe/Moscow
20,Иркутская область,Юрты,населённый пункт,yurty,1485680,,56.0498,97.6348,5902,Asia/Irkutsk
45,Республика Марий Эл,Мари-Турек,город,mari-turek,529195,,56.79012,49.62244,5900,Europe/Moscow
04,Алтайский край,Хабары,город,habary,1503856,,53.62663,79.53657,5895,Asia/Barnaul
06,Архангельская область,Шенкурск,город,shenkursk,494884,,62.10896,42.90065,5893,Europe/Moscow
09,Белгородская область,Короча,город,korocha,544707,,50.81087,37.19607,5890,Europe/Moscow
73,Республика Татарстан,Шемордан,населённый пункт,shemordan,494925,,56.1856,50.3972,5887,Europe/Moscow
47,Московская область,Новоивановское,населённый пункт,novoivanovskoe,518805,,55.70381,37.3651,5885,Europe/Moscow
53,Новосибирская область,Убинское,город,ubinskoe,1488708,,55.30713,79.68169,5882,Asia/Novosibirsk
38,Краснодарский край,Дивноморское,населённый пункт,divnomorskoe,566157,,44.5017,38.1342,5880,Europe/Moscow
81,Ульяновская область,Павловка,населённый пункт,pavlovka,512133,,53.59569,46.76631,5878,Europe/Ulyanovsk
71,Свердловская область,Билимбай,населённый пункт,bilimbay,576351,,56.96889,59.8149,5875,Asia/Yekaterinburg
08,Республика Башкортостан,Зилаир,город,zilair,462626,,52.23287,57.44175,5872,Asia/Yekaterinburg
22,Кабардино-Балкарская Республика,Карагач,населённый пункт,karagach,552895,,43.80528,43.775,5870,Europe/Moscow
29,Кемеровская область,Мундыбаш,населённый пункт,mundybash,1498248,,53.211,87.2983,5870,Asia/Novokuznetsk
38,Краснодарский край,Новомалороссийская,населённый пункт,novomalorossiyskaya,518621,,45.63483,39.89481,5867,Europe/Moscow
40,Курганская область,Лесниково,населённый пункт,lesnikovo,1500629,,55.28222,65.3175,5864,Asia/Yekaterinburg
42,Ленинградская область,Токсово,населённый пункт,toksovo,482443,,60.15323,30.51646,5863,Europe/Moscow
86,Воронежская область,Колодезный,населённый пункт,kolodeznyy,546316,,51.33333,39.18333,5857,Europe/Moscow
38,Краснодарский край,Широчанка,населённый пункт,shirochanka,494249,,46.65616,38.33676,5853,Europe/Moscow
78,Тюменская область,Казанское,город,kazanskoe,1504019,,55.64586,69.22736,5851,Asia/Yekaterinburg
11,Республика Бурятия,Курумкан,населённый пункт,kurumkan,2021188,,54.32093,110.30651,5848,Asia/Irkutsk
65,Самарская область,Береза,район города,bereza,577384,,53.51833,50.13967,5846,Europe/Samara
91,Красноярский край,Краснотуранск,город,krasnoturansk,1502063,,54.31645,91.56761,5845,Asia/Krasnoyarsk
86,Воронежская область,Давыдовка,населённый пункт,davydovka,566969,,51.15781,39.42915,5841,Europe/Moscow
11,Республика Бурятия,Сосново-Озёрское,город,sosnovo-ozyorskoe,2016216,,52.52289,111.53845,5840,Asia/Irkutsk
38,Краснодарский край,Бесскорбная,населённый пункт,besskorbnaya,576672,,44.6447,41.311,5837,Europe/Moscow
04,Алтайский край,Целинное,город,tselinnoe,1489138,,53.07588,85.65897,5836,Asia/Barnaul
22,Кабардино-Балкарская Республика,Кызбурун Первый,населённый пункт,kyzburun-pervyy,537346,,43.65167,43.395,5833,Europe/Moscow
88,Ярославская область,Борисоглебский,город,borisoglebskiy,572520,,57.26204,39.15404,5832,Europe/Moscow
24,Республика Калмыкия,Малые Дербеты,город,malye-derbety,530196,,47.95518,44.68133,5822,Europe/Moscow
75,Томская область,Первомайское,город,pervomayskoe,1495256,,57.07486,86.24145,5817,Asia/Tomsk
70,Ставропольский край,Константиновское,населённый пункт,konstantinovskoe,545267,,45.29917,42.63667,5816,Europe/Moscow
20,Иркутская область,Лесогорск,населённый пункт,lesogorsk,1500609,,56.0458,99.5136,5809,Asia/Irkutsk
08,Республика Башкортостан,Мишкино,населённый пункт,mishkino,526247,,53.9997,59.1064,5808,Asia/Yekaterinburg
27,Карачаево-Черкесская Республика,Хабез,город,habez,550868,,44.04422,41.77046,5806,Europe/Moscow
53,Новосибирская область,Баган,город,bagan,1511094,,54.09949,77.66691,5803,Asia/Novosibirsk
13,Челябинская область,Вишневогорск,населённый пункт,vishnevogorsk,1487074,,55.9913,60.6579,5800,Asia/Yekaterinburg
80,Удмуртская Республика,Дебëсы,город,debe-sy,566908,,57.6515,53.8089,5800,Europe/Samara
45,Республика Марий Эл,Куженер,город,kuzhener,537939,,56.81124,48.91523,5797,Europe/Moscow
47,Московская область,Большие Дворы,населённый пункт,bolshie-dvory,574226,,55.82005,38.64515,5790,Europe/Moscow
61,Ростовская область,Куйбышево,город,kuybyshevo,538061,,47.81351,38.91153,5790,Europe/Moscow
13,Челябинская область,Чесма,город,chesma,1507926,,53.80855,60.64901,5789,Asia/Yekaterinburg
08,Республика Башкортостан,Стерлибашево,город,sterlibashevo,487498,,53.43795,55.25726,5786,Asia/Yekaterinburg
13,Челябинская область,Магнитка,населённый пункт,magnitka,532292,,55.3475,59.69611,5784,Asia/Yekaterinburg
80,Удмуртская Республика,Сигаево,город,sigaevo,493040,,56.42163,53.77566,5780,Europe/Samara
70,Ставропольский край,Эдиссия,населённый пункт,edissiya,563556,,44.05111,44.54083,5775,Europe/Moscow
17,Республика Дагестан,Шамхал-Термен,населённый пункт,shamhal-termen,495891,,43.03389,47.31053,5774,Europe/Moscow
24,Республика Калмыкия,Цаган Аман,город,tsagan-aman,481117,,47.56276,46.72014,5769,Europe/Moscow
10,Брянская область,Большое Полпино,населённый пункт,bolshoe-polpino,573388,,53.24425,34.50483,5766,Europe/Moscow
28,Республика Карелия,Лоухи,город,louhi,533964,,66.07501,33.0487,5764,Europe/Moscow
38,Краснодарский край,Великовечное,населённый пункт,velikovechnoe,476028,,44.93402,39.75499,5762,Europe/Moscow
54,Омская область,Колосовка,город,kolosovka,1502879,,56.46893,73.61677,5759,Asia/Omsk
04,Алтайский край,Тюменцево,город,tyumentsevo,1488741,,53.3243,81.50196,5759,Asia/Barnaul
08,Республика Башкортостан,Тирлянский,населённый пункт,tirlyanskiy,482761,,54.2109,58.5806,5758,Asia/Yekaterinburg
15,Чукотский автономный округ,Билибино,населённый пункт,bilibino,2126682,,68.05464,166.43721,5757,Asia/Anadyr
53,Новосибирская область,Сокур,населённый пункт,sokur,1491525,,55.2093,83.319,5753,Asia/Novosibirsk
12,Чеченская Республика,Дуба-Юрт,населённый пункт,duba-yurt,564821,,43.03534,45.73046,5751,Europe/Moscow
25,Калужская область,Жиздра,город,zhizdra,462914,,53.74596,34.73951,5737,Europe/Moscow
38,Краснодарский край,Старолеушковская,населённый пункт,staroleushkovskaya,488758,,45.98666,39.75987,5733,Europe/Moscow
03,Республика Алтай,Кош-Агач,населённый пункт,kosh-agach,1502422,,49.99273,88.67598,5732,Asia/Barnaul
17,Республика Дагестан,Кяхулай,населённый пункт,kyahulay,537508,,42.96839,47.48301,5731,Europe/Moscow
68,Республика Северная Осетия — Алания,Павлодольская,населённый пункт,pavlodolskaya,512217,,43.71923,44.47815,5731,Europe/Moscow
53,Новосибирская область,Кыштовка,город,kyshtovka,1501000,,56.55555,76.63029,5724,Asia/Novosibirsk
41,Курская область,Фатеж,город,fatezh,563300,,52.08972,35.85906,5722,Europe/Moscow
89,Еврейская автономная область,Смидович,город,smidovich,2016412,,48.59434,133.81029,5720,Asia/Vladivostok
88,Ярославская область,Константиновский,населённый пункт,konstantinovskiy,545272,,57.83005,39.58989,5718,Europe/Moscow
10,Брянская область,Белая-Березка,город,belaya-berezka,578172,,52.38481,33.4823,5716,Europe/Moscow
40,Курганская область,Целинное,город,tselinnoe,1489137,,54.5039,63.67647,5711,Asia/Yekaterinburg
32,Ханты-Мансийский автономный округ — Югра,Барсово,населённый пункт,barsovo,1510842,,61.25276,73.18824,5710,Asia/Yekaterinburg
75,Томская область,Самусь,населённый пункт,samus,1493110,,56.74482,84.70422,5706,Asia/Tomsk
23,Калининградская область,Озерск,город,ozersk,513406,,54.41056,22.01167,5705,Europe/Kaliningrad
05,Амурская область,Константиновка,город,konstantinovka,2021799,,49.62038,127.99038,5702,Asia/Yakutsk
63,Республика Саха (Якутия),Тикси,город,tiksi,2015306,,71.69075,128.86524,5700,Asia/Yakutsk
42,Ленинградская область,Лебяжье,населённый пункт,lebyazhe,536466,,59.96182,29.4149,5696,Europe/Moscow
52,Новгородская область,Демянск,город,demyansk,566629,,57.64456,32.46568,5693,Europe/Moscow
72,Тамбовская область,Ржакса,город,rzhaksa,499782,,52.13917,42.02759,5692,Europe/Moscow
70,Ставропольский край,Расшеватская,населённый пункт,rasshevatskaya,502797,,45.5748,41.03496,5686,Europe/Moscow
62,Рязанская область,Шацк,город,shatsk,495532,,54.02369,41.71699,5686,Europe/Moscow
91,Красноярский край,Стрелка,населённый пункт,strelka,1490805,,58.07278,93.03444,5677,Asia/Krasnoyarsk
08,Республика Башкортостан,Субханкулово,населённый пункт,subhankulovo,486894,,54.55741,53.81153,5674,Asia/Yekaterinburg
71,Свердловская область,Исток,населённый пункт,istok,1536648,,56.79086,60.77889,5670,Asia/Yekaterinburg
12,Чеченская Республика,Центорой,населённый пункт,tsentoroy,481007,,43.00658,46.22235,5670,Europe/Moscow
09,Белгородская область,Маслова Пристань,населённый пункт,maslova-pristan,528741,,50.45758,36.72038,5669,Europe/Moscow
65,Самарская область,Обшаровка,населённый пункт,obsharovka,516342,,53.125,48.85306,5668,Europe/Samara
07,Астраханская область,Старокучергановка,населённый пункт,starokucherganovka,488777,,46.32476,47.9555,5658,Europe/Astrakhan
17,Республика Дагестан,Ансалта,населённый пункт,ansalta,581568,,42.68941,46.11782,5654,Europe/Moscow
30,Хабаровский край,Корфовский,населённый пункт,korfovskiy,2021766,,48.22211,135.0712,5652,Asia/Vladivostok
70,Ставропольский край,Левокумка,населённый пункт,levokumka,535440,,44.23167,43.15,5651,Europe/Moscow
16,Чувашская Республика,Батырево,населённый пункт,batyrevo,578659,,55.0675,47.61111,5648,Europe/Moscow
42,Ленинградская область,Романовка,населённый пункт,romanovka,501440,,60.0443,30.714,5647,Europe/Moscow
04,Алтайский край,Усть-Чарышская Пристань,город,ust-charyshskaya-pristan,1488235,,52.39466,83.66346,5647,Asia/Barnaul
73,Республика Татарстан,Черемшан,город,cheremshan,569318,,54.66128,51.51143,5646,Europe/Moscow
72,Тамбовская область,Заворонежское,населённый пункт,zavoronezhskoe,464094,,52.8801,40.5526,5645,Europe/Moscow
86,Воронежская область,Митрофановка,населённый пункт,mitrofanovka,526083,,49.97083,39.69389,5643,Europe/Moscow
12,Чеченская Республика,Бено-Юрт,населённый пункт,beno-yurt,577485,,43.69305,45.05025,5642,Europe/Moscow
47,Московская область,Свердловский,населённый пункт,sverdlovskiy,485763,,55.90968,38.14978,5636,Europe/Moscow
71,Свердловская область,Восточный,населённый пункт,vostochnyy,1486795,,58.79991,61.81391,5635,Asia/Yekaterinburg
30,Хабаровский край,Берёзовый,населённый пункт,beryozovyy,2026786,,51.67092,135.67529,5633,Asia/Vladivostok
24,Республика Калмыкия,Приютное,город,priyutnoe,505019,,46.10104,43.51092,5632,Europe/Moscow
13,Челябинская область,Бердяуш,населённый пункт,berdyaush,577450,,55.1619,59.1464,5631,Asia/Yekaterinburg
45,Республика Марий Эл,Новый Торъял,город,novyy-toryal,516828,,57.00394,48.73419,5629,Europe/Moscow
53,Новосибирская область,Верх-Тула,населённый пункт,verh-tula,1487241,,54.8839,82.7762,5625,Asia/Novosibirsk
60,Псковская область,Идрица,город,idritsa,557588,,56.33157,28.89884,5623,Europe/Moscow
41,Курская область,Глушково,город,glushkovo,560995,,51.34066,34.63915,5618,Europe/Moscow
21,Ивановская область,Палех,город,paleh,513095,,56.80096,41.85735,5616,Europe/Moscow
04,Алтайский край,Косиха,город,kosiha,1502387,,53.36231,84.58151,5612,Asia/Barnaul
08,Республика Башкортостан,Старобалтачево,город,starobaltachevo,488881,,56.0014,55.91644,5612,Asia/Yekaterinburg
77,Тверская область,Красномайский,населённый пункт,krasnomayskiy,542298,,57.61941,34.40987,5611,Europe/Moscow
83,Владимирская область,Нововязники,населённый пункт,novovyazniki,517698,,56.1975,42.17111,5611,Europe/Moscow
70,Ставропольский край,Георгиевская,населённый пункт,georgievskaya,561626,,44.11139,43.49222,5610,Europe/Moscow
32,Ханты-Мансийский автономный округ — Югра,Салым,населённый пункт,salym,1493162,,60.0625,71.47889,5605,Asia/Yekaterinburg
70,Ставропольский край,Степное,город,stepnoe,487551,,44.26982,44.5819,5600,Europe/Moscow
43,Липецкая область,Долгоруково,город,dolgorukovo,565611,,52.32319,38.35412,5599,Europe/Moscow
21,Ивановская область,Старая Вичуга,населённый пункт,staraya-vichuga,489021,,57.26833,41.87873,5599,Europe/Moscow
06,Архангельская область,Савинское,населённый пункт,savinskoe,498210,,62.93167,40.14066,5596,Europe/Moscow
90,Пермский край,Кондратово,населённый пункт,kondratovo,829032,,57.9804,56.1066,5594,Asia/Yekaterinburg
90,Пермский край,Чердынь,город,cherdyn,569359,,60.40104,56.47962,5585,Asia/Yekaterinburg
85,Вологодская область,Суда,населённый пункт,suda,486874,,59.15254,37.5582,5582,Europe/Moscow
80,Удмуртская Республика,Сюмси,город,syumsi,485064,,57.11108,51.61494,5582,Europe/Samara
64,Сахалинская область,Горнозаводск,населённый пункт,gornozavodsk,2125472,,46.56072,141.8417,5579,Asia/Sakhalin
22,Кабардино-Балкарская Республика,Алтуд,населённый пункт,altud,582362,,43.72194,43.86583,5578,Europe/Moscow
17,Республика Дагестан,Дубки,населённый пункт,dubki,564764,,43.02116,46.83746,5576,Europe/Moscow
78,Тюменская область,Арамашевская,город,aramashevskaya,1511381,,56.86753,68.64507,5573,Asia/Yekaterinburg
90,Пермский край,Елово,город,elovo,467711,,57.05226,54.92049,5570,Asia/Yekaterinburg
30,Хабаровский край,Охотск,населённый пункт,ohotsk,2122605,,59.362,143.21468,5570,Asia/Vladivostok
80,Удмуртская Республика,Вавож,город,vavozh,476343,,56.77513,51.93098,5569,Europe/Samara
47,Московская область,Белые Столбы,населённый пункт,belye-stolby,577551,,55.33136,37.854,5563,Europe/Moscow
12,Чеченская Республика,Гой-Чу,населённый пункт,goy-chu,560825,,43.05611,45.60667,5559,Europe/Moscow
62,Рязанская область,Ухолово,город,uholovo,479426,,53.79212,40.48658,5558,Europe/Moscow
47,Московская область,Коренёво,населённый пункт,korenyovo,544904,,55.67194,38.00778,5555,Europe/Moscow
33,Кировская область,Рудничный,населённый пункт,rudnichnyy,500695,,59.61702,52.47033,5555,Europe/Kirov
08,Республика Башкортостан,Шаран,город,sharan,495770,,54.82106,53.99223,5555,Asia/Yekaterinburg
43,Липецкая область,Доброе,город,dobroe,565803,,52.8626,39.80506,5550,Europe/Moscow
08,Республика Башкортостан,Акъяр,населённый пункт,akyar,583509,,51.85905,58.22136,5549,Asia/Yekaterinburg
67,Саратовская область,Перелюб,населённый пункт,perelyub,511416,,51.86292,50.35412,5549,Europe/Saratov
17,Республика Дагестан,Уркарах,город,urkarah,478711,,42.16292,47.6303,5548,Europe/Moscow
33,Кировская область,Санчурск,город,sanchursk,498877,,56.9412,47.24951,5544,Europe/Kirov
04,Алтайский край,Степное Озеро,населённый пункт,stepnoe-ozero,12534370,,52.77899,79.85611,5542,Asia/Barnaul
71,Свердловская область,Монетный,населённый пункт,monetnyy,1498456,,57.0472,60.8794,5540,Asia/Yekaterinburg
53,Новосибирская область,Здвинск,город,zdvinsk,1485312,,54.70473,78.67026,5539,Asia/Novosibirsk
30,Хабаровский край,Хурба,населённый пункт,hurba,2022174,,50.40657,136.88276,5537,Asia/Vladivostok
57,Пензенская область,Исса,населённый пункт,issa,555798,,53.87049,44.85781,5532,Europe/Moscow
70,Ставропольский край,Барсуковская,населённый пункт,barsukovskaya,578974,,44.7632,41.8191,5529,Europe/Moscow
79,Республика Тыва,Туран,город,turan,1488950,,52.14551,93.91728,5528,Asia/Krasnoyarsk
23,Калининградская область,Янтарный,город,yantarnyy,2609894,,54.87102,19.94016,5527,Europe/Kaliningrad
80,Удмуртская Республика,Селты,город,selty,497547,,57.3132,52.1345,5523,Europe/Samara
60,Псковская область,Гдов,город,gdov,561679,,58.74439,27.81959,5521,Europe/Moscow
38,Краснодарский край,Удобная,населённый пункт,udobnaya,479596,,44.1932,41.5529,5519,Europe/Moscow
83,Владимирская область,Вольгинский,населённый пункт,volginskiy,472766,,55.948,39.239,5515,Europe/Moscow
03,Республика Алтай,Турочак,город,turochak,1488920,,52.25968,87.12306,5514,Asia/Barnaul
11,Республика Бурятия,Заиграево,город,zaigraevo,2012735,,51.83121,108.25943,5512,Asia/Irkutsk
12,Чеченская Республика,Энгель-Юрт,населённый пункт,engel-yurt,563461,,43.32633,46.36048,5508,Europe/Moscow
71,Свердловская область,Новоуткинск,населённый пункт,novoutkinsk,517744,,56.99295,59.55714,5507,Asia/Yekaterinburg
38,Краснодарский край,Кисляковская,населённый пункт,kislyakovskaya,548097,,46.4417,39.675,5501,Europe/Moscow
54,Омская область,Оконешниково,город,okoneshnikovo,1496329,,54.84011,75.07729,5501,Asia/Omsk
11,Республика Бурятия,Мухоршибирь,населённый пункт,muhorshibir,2019710,,51.04986,107.82997,5500,Asia/Irkutsk
91,Красноярский край,Идринское,город,idrinskoe,1505998,,54.37011,92.13556,5498,Asia/Krasnoyarsk
70,Ставропольский край,Гофицкое,населённый пункт,gofitskoe,560852,,45.07917,43.04639,5493,Europe/Moscow
11,Республика Бурятия,Нижнеангарск,населённый пункт,nizhneangarsk,2019199,,55.79326,109.58029,5493,Asia/Irkutsk
51,Нижегородская область,Линда,населённый пункт,linda,535183,,56.61571,44.09544,5489,Europe/Moscow
22,Кабардино-Балкарская Республика,Урвань,населённый пункт,urvan,478563,,43.48936,43.76379,5484,Europe/Moscow
70,Ставропольский край,Московское,населённый пункт,moskovskoe,524907,,45.2842,41.9103,5482,Europe/Moscow
86,Воронежская область,Хреновое,населённый пункт,hrenovoe,549266,,51.1183,40.2904,5476,Europe/Moscow
84,Волгоградская область,Преображенская,город,preobrazhenskaya,548740,,50.74068,43.0526,5475,Europe/Volgograd
47,Московская область,Демихово,населённый пункт,demihovo,566712,,55.79685,38.88404,5474,Europe/Moscow
83,Владимирская область,Мстера,населённый пункт,mstera,524651,,56.37889,41.92,5470,Europe/Moscow
04,Алтайский край,Краснощёково,населённый пункт,krasnoschyokovo,1502066,,51.67083,82.72889,5463,Asia/Barnaul
41,Курская область,Пристень,город,pristen,505154,,51.23738,36.69796,5463,Europe/Moscow
84,Волгоградская область,Чернышковский,город,chernyshkovskiy,568527,,48.42435,42.22914,5458,Europe/Volgograd
38,Краснодарский край,Ярославская,населённый пункт,yaroslavskaya,468899,,44.61056,40.46417,5458,Europe/Moscow
17,Республика Дагестан,Новый Сулак,район города,novyy-sulak,858712,,43.21,46.823,5454,Europe/Moscow
12,Чеченская Республика,Алхазурово,населённый пункт,alhazurovo,582490,,43.0639,45.65134,5452,Europe/Moscow
59,Приморский край,Владимиро-Александровское,город,vladimiro-aleksandrovskoe,2013362,,42.89199,133.07768,5444,Asia/Vladivostok
91,Красноярский край,Тура,населённый пункт,tura,2014833,,64.27769,100.21849,5444,Asia/Krasnoyarsk
04,Алтайский край,Советское,город,sovetskoe,1491219,,52.28838,85.41165,5441,Asia/Barnaul
67,Саратовская область,Питерка,город,piterka,509269,,50.67873,47.44357,5437,Europe/Saratov
47,Московская область,Скоропусковский,населённый пункт,skoropuskovskiy,492333,,56.36667,38.16667,5434,Europe/Moscow
38,Краснодарский край,Стрелка,населённый пункт,strelka,487246,,45.20633,37.2865,5433,Europe/Moscow
85,Вологодская область,Тарногский-Городок,населённый пункт,tarnogskiy-gorodok,484314,,60.49972,43.57611,5432,Europe/Moscow
28,Республика Карелия,Калевала,населённый пункт,kalevala,554318,,65.19873,31.18999,5431,Europe/Moscow
37,Костромская область,Чухлома,город,chuhloma,567695,,58.75304,42.68633,5430,Europe/Moscow
54,Омская область,Ростовка,населённый пункт,rostovka,1493523,,55.3842,71.88913,5423,Asia/Omsk
05,Амурская область,Ерофей Павлович,населённый пункт,erofey-pavlovich,2012938,,53.96108,121.95763,5409,Asia/Yakutsk
03,Республика Алтай,Онгудай,город,onguday,1496130,,50.74962,86.13379,5406,Asia/Barnaul
51,Нижегородская область,Тонкино,город,tonkino,482230,,57.37138,46.45823,5406,Europe/Moscow
90,Пермский край,Сарс,населённый пункт,sars,498501,,56.55017,57.13658,5404,Asia/Yekaterinburg
65,Самарская область,Красноармейское,населённый пункт,krasnoarmeyskoe,542435,,52.71994,50.03122,5403,Europe/Samara
20,Иркутская область,Средний,населённый пункт,sredniy,6418187,,52.8884,103.4904,5400,Asia/Irkutsk
90,Пермский край,Усолье,город,usole,478269,,59.42209,56.68413,5400,Asia/Yekaterinburg
91,Красноярский край,Подгорный,населённый пункт,podgornyy,1494787,,53.848,92.85,5399,Asia/Krasnoyarsk
17,Республика Дагестан,Бавтугай,населённый пункт,bavtugay,578637,,43.16808,46.83415,5398,Europe/Moscow
65,Самарская область,Кротовка,населённый пункт,krotovka,540740,,53.2858,51.1686,5398,Europe/Samara
20,Иркутская область,Кутулик,город,kutulik,2021116,,53.35296,102.78584,5390,Asia/Irkutsk
20,Иркутская область,Бохан,город,bohan,2026544,,53.15265,103.77005,5387,Asia/Irkutsk
70,Ставропольский край,Чернолесское,населённый пункт,chernolesskoe,568790,,44.71556,43.71333,5386,Europe/Moscow
12,Чеченская Республика,Мартан-Чу,населённый пункт,martan-chu,558385,,43.06366,45.56217,5385,Europe/Moscow
05,Амурская область,Бурея,населённый пункт,bureya,2025917,,49.81291,129.81276,5383,Asia/Yakutsk
53,Новосибирская область,Северное,город,severnoe,1492607,,56.35023,78.36481,5373,Asia/Novosibirsk
12,Чеченская Республика,Каргалинская,населённый пункт,kargalinskaya,552500,,43.74381,46.47821,5371,Europe/Moscow
22,Кабардино-Балкарская Республика,Советское,город,sovetskoe,489997,,43.3169,43.60774,5367,Europe/Moscow
91,Красноярский край,Зыково,населённый пункт,zykovo,1484923,,55.95503,93.16093,5365,Asia/Krasnoyarsk
38,Краснодарский край,Новоджерелиевская,населённый пункт,novodzherelievskaya,518907,,45.77373,38.67227,5365,Europe/Moscow
84,Волгоградская область,Клетский,город,kletskiy,547677,,49.31361,43.0628,5362,Europe/Volgograd
09,Белгородская область,Головчино,населённый пункт,golovchino,560674,,50.53458,35.80633,5356,Europe/Moscow
08,Республика Башкортостан,Юмагузино,населённый пункт,yumaguzino,466538,,52.90412,56.39329,5353,Asia/Yekaterinburg
32,Ханты-Мансийский автономный округ — Югра,Пионерский,населённый пункт,pionerskiy,1494949,,61.19472,62.86889,5348,Asia/Yekaterinburg
27,Карачаево-Черкесская Республика,Первомайское,населённый пункт,pervomayskoe,510842,,43.93847,42.476,5345,Europe/Moscow
51,Нижегородская область,Ветлужский,населённый пункт,vetluzhskiy,473904,,57.17355,45.12272,5340,Europe/Moscow
73,Республика Татарстан,Базарные Матаки,город,bazarnye-mataki,578467,,54.90693,49.9342,5339,Europe/Moscow
31,Республика Хакасия,Бея,город,beya,1510131,,53.05005,90.92158,5338,Asia/Krasnoyarsk
70,Ставропольский край,Новозаведенное,населённый пункт,novozavedennoe,517303,,44.26278,43.63806,5336,Europe/Moscow
70,Ставропольский край,Подгорная,населённый пункт,podgornaya,508390,,44.20306,43.42972,5336,Europe/Moscow
84,Волгоградская область,Линево,населённый пункт,linevo,535169,,50.88847,44.83081,5335,Europe/Volgograd
11,Республика Бурятия,Кырен,город,kyren,2021031,,51.68225,102.14044,5334,Asia/Irkutsk
53,Новосибирская область,Чистоозерное,город,chistoozernoe,1507798,,54.71125,76.58227,5332,Asia/Novosibirsk
88,Ярославская область,Петровск,населённый пункт,petrovsk,509850,,57.01039,39.26928,5324,Europe/Moscow
33,Кировская область,Ленинское,город,leninskoe,536035,,58.31552,47.0884,5323,Europe/Kirov
54,Омская область,Красный Яр,населённый пункт,krasnyy-yar,1501887,,55.24242,72.92635,5322,Asia/Omsk
12,Чеченская Республика,Шалажи,населённый пункт,shalazhi,495969,,43.09476,45.35898,5319,Europe/Moscow
17,Республика Дагестан,Анди,населённый пункт,andi,582123,,42.78359,46.26171,5318,Europe/Moscow
38,Краснодарский край,Джубга,населённый пункт,dzhubga,563601,,44.3211,38.7073,5314,Europe/Moscow
85,Вологодская область,Кадников,населённый пункт,kadnikov,554554,,59.50218,40.33803,5312,Europe/Moscow
54,Омская область,Азово,город,azovo,1511135,,54.70462,73.02377,5311,Asia/Omsk
49,Мурманская область,Молочный,населённый пункт,molochnyy,866057,,68.85389,33.02046,5308,Europe/Moscow
34,Республика Коми,Усогорск,населённый пункт,usogorsk,478297,,63.41064,48.68722,5308,Europe/Moscow
86,Воронежская область,Краснолесный,населённый пункт,krasnolesnyy,461705,,51.8829,39.5771,5305,Europe/Moscow
57,Пензенская область,Русский Камешкир,населённый пункт,russkiy-kameshkir,500400,,52.85955,46.08861,5305,Europe/Moscow
47,Московская область,Имени Воровского,населённый пункт,imeni-vorovskogo,556463,,55.7319,38.32368,5303,Europe/Moscow
33,Кировская область,Фалёнки,населённый пункт,falyonki,563344,,58.36127,51.59461,5303,Europe/Kirov
11,Республика Бурятия,Выдрино,населённый пункт,vydrino,2013226,,51.463,104.6425,5300,Asia/Irkutsk
78,Тюменская область,Упорово,город,uporovo,1488465,,56.31173,66.26974,5299,Asia/Yekaterinburg
38,Краснодарский край,Спокойная,населённый пункт,spokoynaya,489655,,44.2468,41.4015,5291,Europe/Moscow
31,Республика Хакасия,Майна,населённый пункт,mayna,1499158,,53.00639,91.48361,5287,Asia/Krasnoyarsk
47,Московская область,Лотошино,город,lotoshino,533975,,56.23435,35.64406,5286,Europe/Moscow
10,Брянская область,Ржаница,населённый пункт,rzhanitsa,499778,,53.42844,33.92297,5281,Europe/Moscow
63,Республика Саха (Якутия),Борогонцы,город,borogontsy,2026160,,62.67007,131.17309,5280,Asia/Yakutsk
61,Ростовская область,Самбек,населённый пункт,sambek,499040,,47.74266,39.824,5278,Europe/Moscow
59,Приморский край,Смоляниново,город,smolyaninovo,2016402,,43.28685,132.45494,5277,Asia/Vladivostok
20,Иркутская область,Жигалово,город,zhigalovo,2012532,,54.81009,105.15932,5272,Asia/Irkutsk
86,Воронежская область,Елань-Колено,населённый пункт,elan-koleno,468044,,51.1523,41.2306,5270,Europe/Moscow
90,Пермский край,Ильинский Острожек,город,ilinskiy-ostrozhek,515098,,57.19197,56.90462,5270,Asia/Yekaterinburg
65,Самарская область,Шигоны,город,shigony,494531,,53.38621,48.67405,5268,Europe/Samara
55,Оренбургская область,Асекеево,город,asekeevo,580676,,53.57806,52.82172,5267,Asia/Yekaterinburg
47,Московская область,Оболенск,населённый пункт,obolensk,6730265,,54.97741,37.22449,5264,Europe/Moscow
10,Брянская область,Злынка,город,zlynka,462413,,52.42679,31.73859,5260,Europe/Moscow
38,Краснодарский край,Ленина,населённый пункт,lenina,536219,,46.06667,39.78333,5259,Europe/Moscow
61,Ростовская область,Ольгинская,населённый пункт,olginskaya,515582,,47.18732,39.95187,5255,Europe/Moscow
60,Псковская область,Пустошка,город,pustoshka,503878,,56.33535,29.36891,5253,Europe/Moscow
13,Челябинская область,Кропачево,населённый пункт,kropachevo,540769,,55.0112,57.9896,5252,Asia/Yekaterinburg
29,Кемеровская область,Зеленогорский,населённый пункт,zelenogorskiy,1485284,,55.03333,87,5249,Asia/Novokuznetsk
23,Калининградская область,Славск,город,slavsk,492112,,55.0425,21.67704,5248,Europe/Kaliningrad
19,Республика Ингушетия,Нижние Ачалуки,населённый пункт,nizhnie-achaluki,520769,,43.4028,44.75908,5247,Europe/Moscow
33,Кировская область,Кикнур,город,kiknur,548747,,57.30405,47.20037,5246,Europe/Kirov
54,Омская область,Нижняя Омка,город,nizhnyaya-omka,1497406,,55.43372,74.94035,5246,Asia/Omsk
17,Республика Дагестан,Тарумовка,город,tarumovka,484290,,44.07611,46.53602,5245,Europe/Moscow
40,Курганская область,Иковка,населённый пункт,ikovka,1505946,,55.60889,64.9375,5243,Asia/Yekaterinburg
52,Новгородская область,Пролетарий,населённый пункт,proletariy,504840,,58.43423,31.70462,5240,Europe/Moscow
48,Москва,ЛМС,город,lms,11152665,,55.31425,37.18546,5238,Europe/Moscow
04,Алтайский край,Первомайский,населённый пункт,pervomayskiy,1495260,,52.9173,81.6624,5238,Asia/Barnaul
37,Костромская область,Судиславль,город,sudislavl,486848,,57.88201,41.70745,5236,Europe/Moscow
13,Челябинская область,Рощино,населённый пункт,roschino,1540905,,55.31012,61.26363,5231,Asia/Yekaterinburg
70,Ставропольский край,Благодатное,населённый пункт,blagodatnoe,576147,,45.39972,42.58667,5230,Europe/Moscow
04,Алтайский край,Веселоярск,населённый пункт,veseloyarsk,1487164,,51.28737,81.10703,5230,Asia/Barnaul
38,Краснодарский край,Новодмитриевская,населённый пункт,novodmitrievskaya,518928,,44.83276,38.87847,5230,Europe/Moscow
67,Саратовская область,Ровное,город,rovnoe,501091,,50.77577,46.04946,5228,Europe/Saratov
84,Волгоградская область,Гумрак,населённый пункт,gumrak,557992,,48.78255,44.3824,5227,Europe/Volgograd
29,Кемеровская область,Верх-Чебула,город,verh-chebula,1487599,,56.03065,87.62022,5224,Asia/Novokuznetsk
59,Приморский край,Шкотово,населённый пункт,shkotovo,2016651,,43.32056,132.35439,5221,Asia/Vladivostok
48,Москва,Тёплый Стан,населённый пункт,tyoplyy-stan,6417535,,55.61831,37.46619,5214,Europe/Moscow
89,Еврейская автономная область,Амурзет,город,amurzet,2027740,,47.69447,131.09603,5213,Asia/Vladivostok
11,Республика Бурятия,Речка-Выдрино,населённый пункт,rechka-vydrino,2013225,,51.487,104.848,5211,Asia/Irkutsk
43,Липецкая область,Становое,город,stanovoe,489290,,52.76115,38.3439,5211,Europe/Moscow
61,Ростовская область,Гундоровский,населённый пункт,gundorovskiy,557984,,46.78047,41.8968,5210,Europe/Moscow
57,Пензенская область,Махалино,населённый пункт,mahalino,532092,,53.08543,46.22108,5210,Europe/Moscow
38,Краснодарский край,Гривенская,населённый пункт,grivenskaya,558487,,45.6473,38.17597,5208,Europe/Moscow
34,Республика Коми,Усть-Кулом,город,ust-kulom,478050,,61.68754,53.68938,5205,Europe/Moscow
83,Владимирская область,Андреево,населённый пункт,andreevo,581989,,55.9465,41.1505,5204,Europe/Moscow
38,Краснодарский край,Камышеватская,населённый пункт,kamyshevatskaya,553310,,46.41316,37.95632,5201,Europe/Moscow
85,Вологодская область,Верховажье,населённый пункт,verhovazhe,474354,,60.74717,42.04652,5200,Europe/Moscow
71,Свердловская область,Бобровский,населённый пункт,bobrovskiy,1509929,,56.6732,60.9807,5198,Asia/Yekaterinburg
61,Ростовская область,Красноярская,населённый пункт,krasnoyarskaya,542143,,47.6501,42.0443,5198,Europe/Moscow
12,Чеченская Республика,Алпатово,населённый пункт,alpatovo,523210,,43.7028,45.24154,5192,Europe/Moscow
10,Брянская область,Любохна,населённый пункт,lyubohna,532518,,53.50332,34.38847,5188,Europe/Moscow
77,Тверская область,Пено,город,peno,511592,,56.92521,32.74376,5187,Europe/Moscow
17,Республика Дагестан,Доргели,населённый пункт,dorgeli,564098,,42.667,47.29435,5185,Europe/Moscow
08,Республика Башкортостан,Караидель,город,karaidel,552862,,55.84201,56.89774,5184,Asia/Yekaterinburg
47,Московская область,Новопетровское,населённый пункт,novopetrovskoe,518346,,55.99278,36.47194,5184,Europe/Moscow
56,Орловская область,Дмитровск-Орловский,город,dmitrovsk-orlovskiy,565908,,52.505,35.1464,5177,Europe/Moscow
20,Иркутская область,Усть-Уда,город,ust-uda,2013865,,54.17387,103.02865,5169,Asia/Irkutsk
46,Республика Мордовия,Тургенево,населённый пункт,turgenevo,480301,,54.84555,46.32968,5168,Europe/Moscow
04,Алтайский край,Панкрушиха,город,pankrushiha,1495613,,53.82884,80.34936,5160,Asia/Barnaul
42,Ленинградская область,Приладожский,населённый пункт,priladozhskiy,866055,,59.87202,31.31751,5159,Europe/Moscow
38,Краснодарский край,Рязанская,населённый пункт,ryazanskaya,500060,,44.95528,39.58894,5157,Europe/Moscow
51,Нижегородская область,Сеченово,город,sechenovo,497984,,55.22448,45.88864,5151,Europe/Moscow
93,Забайкальский край,Бада,населённый пункт,bada,2027275,,51.38901,109.85957,5149,Asia/Chita
73,Республика Татарстан,Карабаш,населённый пункт,karabash,552974,,54.693,52.58359,5149,Europe/Moscow
76,Тульская область,Теплое,город,teploe,483575,,53.61691,37.5887,5149,Europe/Moscow
53,Новосибирская область,Ярково,населённый пункт,yarkovo,1486371,,54.8056,82.5989,5149,Asia/Novosibirsk
47,Московская область,Авсюнино,населённый пункт,avsyunino,580227,,55.56516,39.12324,5148,Europe/Moscow
12,Чеченская Республика,Бамут,населённый пункт,bamut,572706,,43.15986,45.19734,5148,Europe/Moscow
78,Тюменская область,Антипино,населённый пункт,antipino,1511538,,57.10679,65.75755,5147,Asia/Yekaterinburg
62,Рязанская область,Старожилово,город,starozhilovo,488206,,54.23296,39.9093,5147,Europe/Moscow
59,Приморский край,Горные Ключи,населённый пункт,gornye-klyuchi,2023918,,45.24487,133.50016,5146,Asia/Vladivostok
81,Ульяновская область,Тереньга,город,terenga,483430,,53.71614,48.36916,5144,Europe/Ulyanovsk
91,Красноярский край,Кедровый,населённый пункт,kedrovyy,1538641,,56.28232,91.5376,5142,Asia/Krasnoyarsk
47,Московская область,Столбовая,населённый пункт,stolbovaya,487441,,55.25021,37.49249,5142,Europe/Moscow
37,Костромская область,Островское,город,ostrovskoe,514052,,57.80552,42.24328,5138,Europe/Moscow
91,Красноярский край,Тюхтет,город,tyuhtet,1488774,,56.54164,89.31573,5138,Asia/Krasnoyarsk
63,Республика Саха (Якутия),Чернышевский,населённый пункт,chernyshevskiy,2025456,,63.01601,112.46901,5137,Asia/Yakutsk
12,Чеченская Республика,Чири-Юрт,район города,chiri-yurt,568085,,43.08869,45.74323,5136,Europe/Moscow
04,Алтайский край,Баево,населённый пункт,baevo,1510709,,53.27065,80.77921,5134,Asia/Barnaul
38,Краснодарский край,Новокорсунская,населённый пункт,novokorsunskaya,518701,,45.6408,39.14641,5133,Europe/Moscow
51,Нижегородская область,Гремячево,населённый пункт,gremyachevo,558892,,55.39193,43.02734,5131,Europe/Moscow
51,Нижегородская область,Новосмолинский,населённый пункт,novosmolinskiy,517926,,56.2841,43.05071,5128,Europe/Moscow
51,Нижегородская область,Досчатое,населённый пункт,doschatoe,565108,,55.3886,42.1032,5125,Europe/Moscow
71,Свердловская область,Двуреченск,населённый пункт,dvurechensk,1507059,,56.5982,61.0953,5121,Asia/Yekaterinburg
41,Курская область,Прямицыно,город,pryamitsyno,504416,,51.65608,35.9373,5120,Europe/Moscow
01,Республика Адыгея,Тахтамукай,город,tahtamukay,515921,,44.92198,38.99486,5120,Europe/Moscow
70,Ставропольский край,Ладовская Балка,населённый пункт,ladovskaya-balka,537238,,45.62965,41.40231,5117,Europe/Moscow
70,Ставропольский край,Правокумское,населённый пункт,pravokumskoe,505581,,44.76944,44.64722,5117,Europe/Moscow
70,Ставропольский край,Сотниковское,населённый пункт,sotnikovskoe,490108,,45.00389,43.77722,5116,Europe/Moscow
25,Калужская область,Спас-Деменск,город,spas-demensk,489868,,54.41222,34.02257,5114,Europe/Moscow
55,Оренбургская область,Беляевка,город,belyaevka,577630,,51.39672,56.40698,5110,Asia/Yekaterinburg
17,Республика Дагестан,Гергебиль,город,gergebil,561560,,42.50472,47.06611,5107,Europe/Moscow
57,Пензенская область,Неверкино,населённый пункт,neverkino,522402,,52.78541,46.74174,5105,Europe/Moscow
04,Алтайский край,Первомайское,населённый пункт,pervomayskoe,1495259,,53.72111,84.01833,5103,Asia/Barnaul
40,Курганская область,Половинное,город,polovinnoe,1494523,,54.79054,65.98969,5103,Asia/Yekaterinburg
51,Нижегородская область,Большое Болдино,город,bolshoe-boldino,573709,,55.00562,45.31292,5100,Europe/Moscow
55,Оренбургская область,Нежинка,населённый пункт,nezhinka,522312,,51.7676,55.3694,5100,Asia/Yekaterinburg
20,Иркутская область,Тайтурка,населённый пункт,tayturka,2015428,,52.86917,103.46083,5100,Asia/Irkutsk
34,Республика Коми,Усть-Цильма,населённый пункт,ust-tsilma,477940,,65.44104,52.14978,5100,Europe/Moscow
08,Республика Башкортостан,Чад,населённый пункт,chad,6819992,,56.21795,56.31883,5100,Asia/Yekaterinburg
24,Республика Калмыкия,Комсомольский,город,komsomolskiy,545727,,45.32944,46.04211,5099,Europe/Moscow
61,Ростовская область,Новобатайск,населённый пункт,novobataysk,519033,,46.89845,39.7822,5097,Europe/Moscow
53,Новосибирская область,Чик,населённый пункт,chik,1507873,,54.9928,82.4311,5094,Asia/Novosibirsk
27,Карачаево-Черкесская Республика,Али-Бердуковский,населённый пункт,ali-berdukovskiy,582544,,43.98952,41.74212,5093,Europe/Moscow
33,Кировская область,Кумены,город,kumeny,539284,,58.10799,49.91326,5090,Europe/Kirov
10,Брянская область,Выгоничи,город,vygonichi,470473,,53.09978,34.06741,5086,Europe/Moscow
76,Тульская область,Шварцевский,населённый пункт,shvartsevskiy,493184,,54.09174,37.99053,5083,Europe/Moscow
46,Республика Мордовия,Николаевка,населённый пункт,nikolaevka,521931,,54.1451,45.1444,5081,Europe/Moscow
47,Московская область,Опалиха,населённый пункт,opaliha,515186,,55.82593,37.25278,5081,Europe/Moscow
59,Приморский край,Сергеевка,населённый пункт,sergeevka,2016961,,43.35032,133.35815,5081,Asia/Vladivostok
59,Приморский край,Русский,населённый пункт,russkiy,2017364,,43.0224,131.8601,5080,Asia/Vladivostok
77,Тверская область,Оленино,город,olenino,515687,,56.20917,33.48888,5079,Europe/Moscow
86,Воронежская область,Урыв-Покровка,населённый пункт,uryv-pokrovka,478538,,51.1159,39.16394,5074,Europe/Moscow
12,Чеченская Республика,Ножай-Юрт,город,nozhay-yurt,516780,,43.09437,46.37582,5073,Europe/Moscow
23,Калининградская область,Нестеров,город,nesterov,522508,,54.63056,22.57139,5071,Europe/Kaliningrad
86,Воронежская область,Воронцовка,населённый пункт,vorontsovka,471909,,50.6132,40.3549,5067,Europe/Moscow
12,Чеченская Республика,Гребенская,населённый пункт,grebenskaya,558998,,43.53086,46.37174,5066,Europe/Moscow
70,Ставропольский край,Ясная Поляна,населённый пункт,yasnaya-polyana,805755,,44.0225,42.7539,5064,Europe/Moscow
29,Кемеровская область,Тайжина,населённый пункт,tayzhina,1489863,,53.6679,87.4362,5063,Asia/Novokuznetsk
61,Ростовская область,Старочеркасская,населённый пункт,starocherkasskaya,488864,,47.24077,40.04186,5060,Europe/Moscow
47,Московская область,Лесной Городок,населённый пункт,lesnoy-gorodok,535695,,55.63893,37.20829,5056,Europe/Moscow
33,Кировская область,Первомайский,населённый пункт,pervomayskiy,6315656,,59.06389,49.28833,5054,Europe/Kirov
12,Чеченская Республика,Братское,населённый пункт,bratskoe,571702,,43.65361,44.88889,5053,Europe/Moscow
13,Челябинская область,Межевой,населённый пункт,mezhevoy,527263,,55.17111,58.78139,5053,Asia/Yekaterinburg
09,Белгородская область,Новая Таволжанка,населённый пункт,novaya-tavolzhanka,519473,,50.35123,36.8298,5053,Europe/Moscow
28,Республика Карелия,Пиндуши,населённый пункт,pindushi,509487,,62.91519,34.57996,5053,Europe/Moscow
80,Удмуртская Республика,Каракулино,город,karakulino,552830,,56.012,53.70669,5052,Europe/Samara
78,Тюменская область,Туртас,населённый пункт,turtas,1540475,,58.93867,69.13393,5050,Asia/Yekaterinburg
32,Ханты-Мансийский автономный округ — Югра,Горноправдинск,населённый пункт,gornopravdinsk,1506268,,60.05,69.9,5048,Asia/Yekaterinburg
10,Брянская область,Сеща,населённый пункт,sescha,496503,,53.7361,33.3387,5038,Europe/Moscow
04,Алтайский край,Староалейское,город,staroaleyskoe,1491006,,51.00808,81.99544,5037,Asia/Barnaul
71,Свердловская область,Ачит,город,achit,584308,,56.80049,57.90152,5036,Asia/Yekaterinburg
61,Ростовская область,Боковская,город,bokovskaya,575413,,49.22733,41.83035,5032,Europe/Moscow
77,Тверская область,Калашниково,населённый пункт,kalashnikovo,554363,,57.28402,35.229,5032,Europe/Moscow
42,Ленинградская область,Агалатово,населённый пункт,agalatovo,584059,,60.2195,30.27388,5028,Europe/Moscow
12,Чеченская Республика,Первомайская,населённый пункт,pervomayskaya,510997,,43.40331,45.52343,5026,Europe/Moscow
53,Новосибирская область,Барышево,населённый пункт,baryshevo,1510821,,54.9564,83.1822,5024,Asia/Novosibirsk
75,Томская область,Подгорное,город,podgornoe,1494790,,57.78782,82.65155,5024,Asia/Tomsk
72,Тамбовская область,Покрово-Пригородное,населённый пункт,pokrovo-prigorodnoe,507479,,52.68304,41.42348,5012,Europe/Moscow
86,Воронежская область,Садовое,населённый пункт,sadovoe,499528,,51.53064,40.50155,5011,Europe/Moscow
38,Краснодарский край,Шкуринская,населённый пункт,shkurinskaya,493997,,46.5858,39.3599,5005,Europe/Moscow
79,Республика Тыва,Кызыл-Мажалык,город,kyzyl-mazhalyk,1500957,,51.14654,90.58293,5004,Asia/Krasnoyarsk
65,Самарская область,Рождествено,населённый пункт,rozhdestveno,501027,,53.23745,50.05971,5004,Europe/Samara
33,Кировская область,Тужа,город,tuzha,480085,,57.60638,47.93533,5002,Europe/Kirov
57,Пензенская область,Чемодановка,населённый пункт,chemodanovka,569453,,53.23162,45.24738,5002,Europe/Moscow
92,Камчатский край,Атласово,населённый пункт,atlasovo,2126993,,55.6065,159.64266,5000,Asia/Kamchatka
47,Московская область,Барыбино,населённый пункт,barybino,578940,,55.26768,37.89333,5000,Europe/Moscow
38,Краснодарский край,Вардане,населённый пункт,vardane,477047,,43.73179,39.55428,5000,Europe/Moscow
77,Тверская область,Городня,населённый пункт,gorodnya,559542,,56.7055,36.31793,5000,Europe/Moscow
47,Московская область,Дубровицы,населённый пункт,dubrovitsy,564517,,55.43969,37.4867,5000,Europe/Moscow
90,Пермский край,Лямино,населённый пункт,lyamino,532887,,58.2839,57.725,5000,Asia/Yekaterinburg
63,Республика Саха (Якутия),Нежданинское,населённый пункт,nezhdaninskoe,6930488,,62.50523,139.05104,5000,Asia/Vladivostok
42,Ленинградская область,Удельная,район города,udelnaya,479639,,60.01636,30.31815,5000,Europe/Moscow
27,Карачаево-Черкесская Республика,Учкулан,населённый пункт,uchkulan,479685,,43.45705,42.09643,5000,Europe/Moscow
54,Омская область,Усть-Ишим,город,ust-ishim,1488206,,57.69335,71.16648,4999,Asia/Omsk
70,Ставропольский край,Пятигорский,населённый пункт,pyatigorskiy,503548,,43.97417,43.25833,4997,Europe/Moscow
59,Приморский край,Яковлевка,город,yakovlevka,2013176,,44.42678,133.47582,4996,Asia/Vladivostok
10,Брянская область,Старь,населённый пункт,star,489271,,53.62362,34.15183,4994,Europe/Moscow
33,Кировская область,Опарино,город,oparino,515175,,59.85098,48.28614,4986,Europe/Kirov
29,Кемеровская область,Плотниково,населённый пункт,plotnikovo,1506394,,55.02472,85.94361,4983,Asia/Novokuznetsk
70,Ставропольский край,Каясула,населённый пункт,kayasula,551638,,44.325,45,4982,Europe/Moscow
33,Кировская область,Нагорск,город,nagorsk,523583,,59.3193,50.80607,4982,Europe/Kirov
08,Республика Башкортостан,Авдон,населённый пункт,avdon,580299,,54.66667,55.71667,4980,Asia/Yekaterinburg
38,Краснодарский край,Пшехская,населённый пункт,pshehskaya,504371,,44.69597,39.79665,4979,Europe/Moscow
31,Республика Хакасия,Аскиз,населённый пункт,askiz,1511303,,53.13722,90.42833,4977,Asia/Krasnoyarsk
33,Кировская область,Свеча,город,svecha,485799,,58.27795,47.51226,4971,Europe/Kirov
70,Ставропольский край,Летняя Ставка,город,letnyaya-stavka,535605,,45.42819,43.4442,4969,Europe/Moscow
07,Астраханская область,Сасыколи,населённый пункт,sasykoli,498437,,47.55153,46.99679,4965,Europe/Astrakhan
01,Республика Адыгея,Тлюстенхабль,район города,tlyustenhabl,482582,,44.982,39.09773,4964,Europe/Moscow
22,Кабардино-Балкарская Республика,Аушигер,населённый пункт,aushiger,580352,,43.39312,43.7367,4955,Europe/Moscow
56,Орловская область,Вышнее Долгое,населённый пункт,vyshnee-dolgoe,470268,,52.06302,37.40518,4953,Europe/Moscow
78,Тюменская область,Вагайский Острог,город,vagayskiy-ostrog,1487860,,57.93407,69.01373,4951,Asia/Yekaterinburg
69,Смоленская область,Кардымово,город,kardymovo,552558,,54.89011,32.43184,4951,Europe/Moscow
61,Ростовская область,ст. Казанская,город,st-kazanskaya,551438,,49.7906,41.14744,4946,Europe/Moscow
10,Брянская область,Займище,населённый пункт,zaymische,464018,,52.7264,32.2334,4942,Europe/Moscow
12,Чеченская Республика,Ищерская,населённый пункт,ischerskaya,555994,,43.71359,45.13371,4941,Europe/Moscow
12,Чеченская Республика,Пригородное,населённый пункт,prigorodnoe,465532,,43.26224,45.42307,4939,Europe/Moscow
03,Республика Алтай,Шебалино,город,shebalino,1492299,,51.29507,85.67751,4939,Asia/Barnaul
47,Московская область,Немчиновка,населённый пункт,nemchinovka,522730,,55.72288,37.36086,4938,Europe/Moscow
04,Алтайский край,Тогул,населённый пункт,togul,1489504,,53.467,85.9128,4937,Asia/Barnaul
41,Курская область,Хомутовка,город,homutovka,549617,,51.9207,34.5619,4936,Europe/Moscow
17,Республика Дагестан,Хамамат-Юрт,населённый пункт,hamamat-yurt,550775,,43.60809,46.5006,4935,Europe/Moscow
20,Иркутская область,Лесогорск,район города,lesogorsk,1510615,,56.0495,99.4414,4933,Asia/Irkutsk
57,Пензенская область,Малая Сердоба,населённый пункт,malaya-serdoba,531383,,52.4661,44.9512,4922,Europe/Moscow
17,Республика Дагестан,Зубутли-Миатли,населённый пункт,zubutli-miatli,858658,,43.19886,46.81241,4918,Europe/Moscow
20,Иркутская область,Хомутово,населённый пункт,homutovo,2022342,,52.46583,104.4025,4918,Asia/Irkutsk
81,Ульяновская область,Языково,населённый пункт,yazykovo,468486,,54.2922,47.3891,4918,Europe/Ulyanovsk
47,Московская область,Верея,населённый пункт,vereya,475701,,55.34472,36.17194,4916,Europe/Moscow
38,Краснодарский край,Прочноокопская,населённый пункт,prochnookopskaya,504994,,45.0666,41.1175,4916,Europe/Moscow
76,Тульская область,Арсеньево,город,arsenevo,580872,,53.73794,36.66749,4915,Europe/Moscow
11,Республика Бурятия,Джида,населённый пункт,dzhida,2024579,,50.67722,106.18056,4913,Asia/Irkutsk
64,Сахалинская область,Томари,город,tomari,2120530,,47.76596,142.06551,4910,Asia/Sakhalin
90,Пермский край,Частые,город,chastye,569794,,57.2919,54.97201,4907,Asia/Yekaterinburg
59,Приморский край,Новосысоевка,населённый пункт,novosysoevka,2018857,,44.23331,133.3652,4903,Asia/Vladivostok
65,Самарская область,Хворостянка,город,hvorostyanka,548946,,52.61127,48.96008,4899,Europe/Samara
70,Ставропольский край,Нины,населённый пункт,niny,521316,,44.48778,43.94889,4894,Europe/Moscow
88,Ярославская область,Пречистое,город,prechistoe,505558,,58.42352,40.32839,4894,Europe/Moscow
51,Нижегородская область,Вахтан,населённый пункт,vahtan,477337,,57.96592,46.68886,4889,Europe/Moscow
41,Курская область,Золотухино,город,zolotuhino,462169,,52.08706,36.37896,4886,Europe/Moscow
87,Ямало-Ненецкий автономный округ,Яр-Сале,населённый пункт,yar-sale,1486321,,66.8654,70.83784,4885,Asia/Yekaterinburg
47,Московская область,Большие Вязёмы,населённый пункт,bolshie-vyazyomy,573922,,55.62058,36.9762,4876,Europe/Moscow
22,Кабардино-Балкарская Республика,Прималкинское,населённый пункт,primalkinskoe,505279,,43.74667,44.00833,4873,Europe/Moscow
90,Пермский край,Кукуштан,населённый пункт,kukushtan,539640,,57.6464,56.4952,4870,Asia/Yekaterinburg
12,Чеченская Республика,Комсомольский,населённый пункт,komsomolskiy,505386,,43.25639,45.75929,4863,Europe/Moscow
11,Республика Бурятия,Новая Брянь,населённый пункт,novaya-bryan,2019009,,51.71464,108.26088,4860,Asia/Irkutsk
20,Иркутская область,Новобирюсинский,населённый пункт,novobiryusinskiy,1497142,,56.9578,97.7076,4855,Asia/Irkutsk
09,Белгородская область,Пятницкое,населённый пункт,pyatnitskoe,503499,,50.4233,37.8273,4855,Europe/Moscow
38,Краснодарский край,Ясенская,населённый пункт,yasenskaya,468782,,46.35753,38.26863,4855,Europe/Moscow
29,Кемеровская область,Каз,населённый пункт,kaz,1504081,,52.9113,87.3105,4854,Asia/Novokuznetsk
42,Ленинградская область,Красный Бор,населённый пункт,krasnyy-bor,541826,,59.68194,30.66806,4852,Europe/Moscow
40,Курганская область,Мокроусово,город,mokrousovo,1498511,,55.80871,66.77095,4851,Asia/Yekaterinburg
72,Тамбовская область,Новая Ляда,населённый пункт,novaya-lyada,519621,,52.71309,41.63872,4851,Europe/Moscow
81,Ульяновская область,Радищево,город,radischevo,503254,,52.85176,47.8645,4845,Europe/Ulyanovsk
08,Республика Башкортостан,Амзя,населённый пункт,amzya,582222,,56.2346,54.385,4843,Asia/Yekaterinburg
42,Ленинградская область,Форносово,населённый пункт,fornosovo,562450,,59.56889,30.55444,4841,Europe/Moscow
16,Чувашская Республика,Комсомольское,населённый пункт,komsomolskoe,545690,,55.25667,47.54608,4839,Europe/Moscow
25,Калужская область,Детчино,населённый пункт,detchino,566363,,54.80923,36.3075,4838,Europe/Moscow
17,Республика Дагестан,Карата,город,karata,552692,,42.59453,46.34052,4838,Europe/Moscow
06,Архангельская область,Красноборск,город,krasnoborsk,542423,,61.55802,45.934,4838,Europe/Moscow
15,Чукотский автономный округ,Певек,город,pevek,2122090,,69.70279,170.30708,4837,Asia/Anadyr
77,Тверская область,Жарковский,город,zharkovskiy,463516,,55.84907,32.267,4833,Europe/Moscow
84,Волгоградская область,Береславка,населённый пункт,bereslavka,577403,,48.62541,44.04491,4817,Europe/Volgograd
38,Краснодарский край,Некрасовская,населённый пункт,nekrasovskaya,522810,,45.14468,39.74868,4814,Europe/Moscow
06,Архангельская область,Лешуконское,город,leshukonskoe,535839,,64.89985,45.76165,4813,Europe/Moscow
17,Республика Дагестан,Акуша,город,akusha,583512,,42.27505,47.34496,4810,Europe/Moscow
07,Астраханская область,Началово,город,nachalovo,523734,,46.33776,48.19815,4808,Europe/Astrakhan
33,Кировская область,Верхошижемье,город,verhoshizheme,474370,,58.00814,49.1066,4800,Europe/Kirov
75,Томская область,Тегульдет,город,teguldet,1489822,,57.30584,88.164,4800,Asia/Tomsk
65,Самарская область,Камышла,город,kamyshla,553271,,54.11733,52.14302,4789,Europe/Samara
38,Краснодарский край,Нефтегорск,населённый пункт,neftegorsk,522946,,44.3658,39.7078,4785,Europe/Moscow
12,Чеченская Республика,Горагорский,населённый пункт,goragorskiy,560325,,43.5002,45.08574,4783,Europe/Moscow
91,Красноярский край,Туруханск,город,turuhansk,1488903,,65.7968,87.96766,4774,Asia/Krasnoyarsk
91,Красноярский край,Краснокаменск,населённый пункт,krasnokamensk,1502096,,54.33389,93.25944,4773,Asia/Krasnoyarsk
12,Чеченская Республика,Сержень-Юрт,населённый пункт,serzhen-yurt,496505,,43.12265,45.98583,4773,Europe/Moscow
33,Кировская область,Уни,город,uni,478996,,57.75545,51.48927,4767,Europe/Kirov
84,Волгоградская область,Нижний Чир,населённый пункт,nizhniy-chir,520783,,48.35973,43.0865,4765,Europe/Volgograd
61,Ростовская область,Рассвет,населённый пункт,rassvet,502738,,46.83333,40.75,4765,Europe/Moscow
63,Республика Саха (Якутия),Беркакит,населённый пункт,berkakit,2026777,,56.57544,124.77012,4764,Asia/Yakutsk
46,Республика Мордовия,Кадошкино,город,kadoshkino,554544,,54.02671,44.41745,4763,Europe/Moscow
60,Псковская область,Локня,город,loknya,534423,,56.82621,30.14064,4762,Europe/Moscow
46,Республика Мордовия,Кемля,город,kemlya,551124,,54.693,45.259,4761,Europe/Moscow
86,Воронежская область,Стрелица,населённый пункт,strelitsa,487255,,51.60538,38.90601,4761,Europe/Moscow
51,Нижегородская область,Арья,населённый пункт,arya,580743,,57.49146,45.96691,4760,Europe/Moscow
66,Санкт-Петербург,Лисий Нос,населённый пункт,lisiy-nos,534841,,60.01686,30.02008,4759,Europe/Moscow
17,Республика Дагестан,Калининаул,населённый пункт,kalininaul,554236,,43.07121,46.56679,4752,Europe/Moscow
71,Свердловская область,Красногвардейский,населённый пункт,krasnogvardeyskiy,1502100,,57.37928,62.31952,4746,Asia/Yekaterinburg
49,Мурманская область,Островной,населённый пункт,ostrovnoy,556268,,68.05445,39.51213,4746,Europe/Moscow
75,Томская область,Моряковский Затон,населённый пункт,moryakovskiy-zaton,1498399,,56.69448,84.65145,4745,Asia/Tomsk
90,Пермский край,Сивинское,город,sivinskoe,492592,,58.38057,54.37377,4744,Asia/Yekaterinburg
04,Алтайский край,Угловское,город,uglovskoe,1488632,,51.36068,80.18993,4744,Asia/Barnaul
22,Кабардино-Балкарская Республика,Дейское,населённый пункт,deyskoe,566267,,43.47546,44.16182,4736,Europe/Moscow
57,Пензенская область,Засечное,населённый пункт,zasechnoe,464343,,53.1092,45.07936,4733,Europe/Moscow
71,Свердловская область,Зайково,населённый пункт,zaykovo,1485323,,57.5613,62.75681,4731,Asia/Yekaterinburg
71,Свердловская область,Ис,населённый пункт,is,556131,,58.7909,59.7179,4729,Asia/Yekaterinburg
38,Краснодарский край,Киевское,населённый пункт,kievskoe,547891,,45.03829,37.88829,4727,Europe/Moscow
29,Кемеровская область,Темиртау,населённый пункт,temirtau,1489779,,53.1377,87.4538,4723,Asia/Novokuznetsk
24,Республика Калмыкия,Яшалта,город,yashalta,468776,,46.33849,42.27268,4723,Europe/Moscow
30,Хабаровский край,Селихино,населённый пункт,selihino,2017042,,50.36754,137.5036,4722,Asia/Vladivostok
71,Свердловская область,Николо-Павловское,населённый пункт,nikolo-pavlovskoe,1497654,,57.78306,60.05778,4721,Asia/Yekaterinburg
69,Смоленская область,Угра,город,ugra,479471,,54.77775,34.32674,4721,Europe/Moscow
04,Алтайский край,Солонешное,город,soloneshnoe,1491461,,51.65582,84.31976,4716,Asia/Barnaul
42,Ленинградская область,Кузнечное,населённый пункт,kuznechnoe,537740,,61.1153,29.87535,4714,Europe/Moscow
84,Волгоградская область,Нехаевский,город,nehaevskiy,522902,,50.40841,41.74882,4714,Europe/Volgograd
78,Тюменская область,Армизонское,город,armizonskoe,1511382,,55.94875,67.68438,4711,Asia/Yekaterinburg
60,Псковская область,Бежаницы,город,bezhanitsy,576572,,56.97534,29.88492,4711,Europe/Moscow
42,Ленинградская область,Русско-Высоцкое,населённый пункт,russko-vysotskoe,500350,,59.69963,29.94404,4711,Europe/Moscow
29,Кемеровская область,Трудармейский,населённый пункт,trudarmeyskiy,1489167,,54.132,86.4098,4711,Asia/Novokuznetsk
57,Пензенская область,Вадинск,населённый пункт,vadinsk,477418,,53.69157,43.05744,4708,Europe/Moscow
86,Воронежская область,Терновка,город,ternovka,483341,,51.678,41.60047,4703,Europe/Moscow
65,Самарская область,Сургут,населённый пункт,surgut,486137,,53.92498,51.20348,4699,Europe/Samara
55,Оренбургская область,Северное,город,severnoe,496381,,54.0928,52.54184,4695,Asia/Yekaterinburg
62,Рязанская область,Милославское,город,miloslavskoe,526543,,53.58121,39.4476,4693,Europe/Moscow
53,Новосибирская область,Станционно-Ояшинский,населённый пункт,stantsionno-oyashinskiy,1491055,,55.4664,83.8245,4689,Asia/Novosibirsk
04,Алтайский край,Власиха,населённый пункт,vlasiha,1487022,,53.29722,83.57417,4687,Asia/Barnaul
48,Москва,Совхоз Коммунарка,населённый пункт,sovhoz-kommunarka,545782,,55.56931,37.49027,4684,Europe/Moscow
83,Владимирская область,Уршельский,населённый пункт,urshelskiy,478620,,55.67833,40.21692,4683,Europe/Moscow
04,Алтайский край,Бурла,город,burla,1508636,,53.34008,78.33461,4682,Asia/Barnaul
38,Краснодарский край,Успенская,населённый пункт,uspenskaya,478213,,45.76448,41.06696,4682,Europe/Moscow
91,Красноярский край,Ирбейское,город,irbeyskoe,1505529,,55.64989,95.46219,4681,Asia/Krasnoyarsk
11,Республика Бурятия,Багдарин,город,bagdarin,2027244,,54.44356,113.58661,4676,Asia/Irkutsk
12,Чеченская Республика,Кулары,населённый пункт,kulary,539578,,43.23972,45.50417,4673,Europe/Moscow
64,Сахалинская область,Быков,населённый пункт,bykov,2126359,,47.31816,142.56565,4672,Asia/Sakhalin
31,Республика Хакасия,Туим,населённый пункт,tuim,1489048,,54.33949,89.94586,4669,Asia/Krasnoyarsk
76,Тульская область,Ломинцевский,населённый пункт,lomintsevskiy,534352,,53.98548,37.66471,4666,Europe/Moscow
17,Республика Дагестан,Чинар,населённый пункт,chinar,866986,,42.10798,48.14321,4665,Europe/Moscow
37,Костромская область,Вохма,город,vohma,472887,,58.93091,46.75927,4663,Europe/Moscow
59,Приморский край,Анучино,город,anuchino,2027596,,43.964,133.05698,4658,Asia/Vladivostok
64,Сахалинская область,Чехов,населённый пункт,chehov,2126250,,47.44951,141.99181,4653,Asia/Sakhalin
22,Кабардино-Балкарская Республика,Солдатская,населённый пункт,soldatskaya,491079,,43.81806,43.81583,4651,Europe/Moscow
25,Калужская область,Полотняный Завод,населённый пункт,polotnyanyy-zavod,507079,,54.72139,35.96611,4649,Europe/Moscow
71,Свердловская область,Горный Щит,населённый пункт,gornyy-schit,1506244,,56.68815,60.51947,4648,Asia/Yekaterinburg
56,Орловская область,Хомутово,город,homutovo,549610,,52.85219,37.4408,4647,Europe/Moscow
51,Нижегородская область,Суроватиха,населённый пункт,surovatiha,486073,,55.76516,43.89845,4644,Europe/Moscow
57,Пензенская область,Богословка,населённый пункт,bogoslovka,575494,,53.20837,44.80133,4636,Europe/Moscow
63,Республика Саха (Якутия),Сангар,город,sangar,2017215,,63.92405,127.46744,4633,Asia/Yakutsk
29,Кемеровская область,Листвяги,населённый пункт,listvyagi,1500485,,53.6772,86.951,4627,Asia/Novokuznetsk
31,Республика Хакасия,Боград,город,bograd,1509847,,54.22539,90.84938,4623,Asia/Krasnoyarsk
17,Республика Дагестан,Новогагатлинское,населённый пункт,novogagatlinskoe,518897,,43.45677,46.48175,4619,Europe/Moscow
30,Хабаровский край,Мухен,населённый пункт,muhen,2019718,,48.19781,136.12428,4617,Asia/Vladivostok
10,Брянская область,Кокино,населённый пункт,kokino,546664,,52.49756,34.77943,4616,Europe/Moscow
38,Краснодарский край,Орёл-Изумруд,населённый пункт,oryol-izumrud,803494,,43.46005,39.92377,4614,Europe/Moscow
29,Кемеровская область,Старобачаты,населённый пункт,starobachaty,1491004,,54.2425,86.2072,4608,Asia/Novokuznetsk
69,Смоленская область,Шумячи,город,shumyachi,493405,,53.8578,32.42551,4607,Europe/Moscow
27,Карачаево-Черкесская Республика,Исправная,населённый пункт,ispravnaya,555801,,44.0682,41.6102,4606,Europe/Moscow
78,Тюменская область,Юргинское,город,yurginskoe,1485712,,56.81911,67.39294,4606,Asia/Yekaterinburg
59,Приморский край,Кневичи,населённый пункт,knevichi,2021956,,43.40219,132.1871,4605,Asia/Vladivostok
72,Тамбовская область,Селезни,населённый пункт,selezni,497826,,52.80415,41.23961,4603,Europe/Moscow
23,Калининградская область,Знаменск,населённый пункт,znamensk,462322,,54.61403,21.22722,4600,Europe/Kaliningrad
20,Иркутская область,Тельма,населённый пункт,telma,2015400,,52.6981,103.71383,4600,Asia/Irkutsk
62,Рязанская область,Ермишь,город,ermish,467252,,54.76847,42.26738,4598,Europe/Moscow
71,Свердловская область,Верхнее Дуброво,населённый пункт,verhnee-dubrovo,1487520,,56.75689,61.05313,4596,Asia/Yekaterinburg
04,Алтайский край,Лебяжье,населённый пункт,lebyazhe,1500770,,53.24361,83.65333,4595,Asia/Barnaul
55,Оренбургская область,Сакмара,город,sakmara,499342,,51.98438,55.3338,4594,Asia/Yekaterinburg
17,Республика Дагестан,Гурбуки,населённый пункт,gurbuki,557968,,42.61128,47.60067,4592,Europe/Moscow
41,Курская область,Поныри Вторые,населённый пункт,ponyri-vtorye,506596,,52.27994,36.22461,4591,Europe/Moscow
73,Республика Татарстан,Новошешминск,город,novosheshminsk,517958,,55.06637,51.24061,4585,Europe/Moscow
79,Республика Тыва,Сарыг-Сеп,населённый пункт,saryg-sep,1492948,,51.49074,95.56081,4582,Asia/Krasnoyarsk
78,Тюменская область,Уватское,город,uvatskoe,1487939,,59.14227,68.88881,4581,Asia/Yekaterinburg
68,Республика Северная Осетия — Алания,Дачное,населённый пункт,dachnoe,567312,,43.08468,44.7358,4579,Europe/Moscow
11,Республика Бурятия,Бабушкин,населённый пункт,babushkin,2027276,,51.71222,105.86472,4578,Asia/Irkutsk
51,Нижегородская область,Мухтолово,населённый пункт,muhtolovo,524534,,55.46751,43.19973,4578,Europe/Moscow
49,Мурманская область,Сафоново,населённый пункт,safonovo,499439,,69.06043,33.29523,4578,Europe/Moscow
17,Республика Дагестан,Манаскент,населённый пункт,manaskent,529608,,42.7402,47.6914,4577,Europe/Moscow
73,Республика Татарстан,Апастово,город,apastovo,581359,,55.20123,48.51127,4575,Europe/Moscow
51,Нижегородская область,Тоншаево,город,tonshaevo,482219,,57.73622,47.01226,4574,Europe/Moscow
47,Московская область,Салтыковка,населённый пункт,saltykovka,499133,,55.76679,37.93533,4573,Europe/Moscow
37,Костромская область,Поназырево,город,ponazyrevo,506696,,58.35767,46.31585,4568,Europe/Moscow
56,Орловская область,Покровское Ленинский,город,pokrovskoe-leninskiy,507421,,52.60669,36.86751,4566,Europe/Moscow
86,Воронежская область,Каширское,город,kashirskoe,551948,,51.40872,39.58783,4564,Europe/Moscow
60,Псковская область,Красногородск,город,krasnogorodsk,542378,,56.83388,28.29873,4563,Europe/Moscow
90,Пермский край,Зюкайка,населённый пункт,zyukayka,461756,,58.20416,54.70784,4556,Asia/Yekaterinburg
63,Республика Саха (Якутия),Пеледуй,населённый пункт,peleduy,2018069,,59.62889,112.74056,4556,Asia/Yakutsk
65,Самарская область,Утевка,населённый пункт,utevka,477744,,52.9035,50.9495,4556,Europe/Samara
55,Оренбургская область,Курманаевка,город,kurmanaevka,538685,,52.50699,52.06633,4552,Asia/Yekaterinburg
91,Красноярский край,Сухобузимское,город,suhobuzimskoe,1490711,,56.50081,93.2731,4550,Asia/Krasnoyarsk
17,Республика Дагестан,Мюрего,населённый пункт,myurego,523790,,42.41087,47.69304,4548,Europe/Moscow
38,Краснодарский край,Цибанобалка,населённый пункт,tsibanobalka,866210,,44.98034,37.34384,4548,Europe/Moscow
08,Республика Башкортостан,Улукулево,населённый пункт,ulukulevo,479201,,54.4355,56.3221,4546,Asia/Yekaterinburg
17,Республика Дагестан,Новая Мака,населённый пункт,novaya-maka,469186,,41.77173,48.36149,4545,Europe/Moscow
25,Калужская область,Хвастовичи,город,hvastovichi,548972,,53.46814,35.09294,4545,Europe/Moscow
01,Республика Адыгея,Хатукай,населённый пункт,hatukay,550452,,45.19074,39.6632,4538,Europe/Moscow
44,Магаданская область,Палатка,город,palatka,2122256,,60.10135,150.93379,4534,Asia/Magadan
38,Краснодарский край,Тихорецк,населённый пункт,tihoretsk,512533,,45.83306,40.14556,4524,Europe/Moscow
23,Калининградская область,Правдинск,город,pravdinsk,505599,,54.44289,21.01785,4515,Europe/Kaliningrad
44,Магаданская область,Усть-Омчуг,город,ust-omchug,2120047,,61.13672,149.63259,4515,Asia/Magadan
85,Вологодская область,Тоншалово,населённый пункт,tonshalovo,8504961,,59.19483,37.94746,4514,Europe/Moscow
86,Воронежская область,Первое Мая,населённый пункт,pervoe-maya,798335,,50.8905,39.59332,4512,Europe/Moscow
80,Удмуртская Республика,Красногорское,город,krasnogorskoe,542356,,57.7047,52.4999,4508,Europe/Samara
90,Пермский край,Оверята,населённый пункт,overyata,513760,,58.08417,55.86694,4507,Asia/Yekaterinburg
69,Смоленская область,Монастырщина,город,monastyrschina,525426,,54.34953,31.84132,4501,Europe/Moscow
13,Челябинская область,Муслюмово,населённый пункт,muslyumovo,1498179,,55.6133,61.626,4500,Asia/Yekaterinburg
12,Чеченская Республика,Иласхан-Юрт,населённый пункт,ilashan-yurt,577883,,43.2791,46.10229,4496,Europe/Moscow
84,Волгоградская область,Себрово,населённый пункт,sebrovo,497995,,50.0981,43.2976,4496,Europe/Volgograd
69,Смоленская область,Хиславичи,город,hislavichi,550234,,54.18714,32.15817,4496,Europe/Moscow
69,Смоленская область,Духовщина,город,duhovschina,564234,,55.19168,32.41073,4494,Europe/Moscow
42,Ленинградская область,Любань,населённый пункт,lyuban,532637,,59.35,31.21667,4494,Europe/Moscow
38,Краснодарский край,Заветный,населённый пункт,zavetnyy,804875,,44.9316,41.1373,4486,Europe/Moscow
51,Нижегородская область,Дальнее Константиново,город,dalnee-konstantinovo,567257,,55.80844,44.0889,4484,Europe/Moscow
30,Хабаровский край,Лермонтовка,населённый пункт,lermontovka,2020824,,47.14603,134.33889,4479,Asia/Vladivostok
34,Республика Коми,Заполярный,населённый пункт,zapolyarnyy,1485470,,67.49552,63.73275,4476,Europe/Moscow
86,Воронежская область,Лосево,населённый пункт,losevo,534073,,50.67732,40.04881,4476,Europe/Moscow
61,Ростовская область,Крым,населённый пункт,krym,540259,,47.30409,39.51592,4475,Europe/Moscow
42,Ленинградская область,Первомайское,населённый пункт,pervomayskoe,510814,,60.35922,29.7424,4473,Europe/Moscow
54,Омская область,Новоомский,населённый пункт,novoomskiy,1496889,,54.84152,73.30174,4467,Asia/Omsk
17,Республика Дагестан,Новолакское,город,novolakskoe,518648,,43.12056,46.48278,4463,Europe/Moscow
08,Республика Башкортостан,Бурибай,населённый пункт,buribay,570813,,51.96167,58.15917,4461,Asia/Yekaterinburg
04,Алтайский край,Новичиха,город,novichiha,1497220,,52.20726,81.39341,4460,Asia/Barnaul
06,Архангельская область,Урдома,населённый пункт,urdoma,478769,,61.75335,48.5442,4460,Europe/Moscow
04,Алтайский край,Черемное,населённый пункт,cheremnoe,1508230,,53.16972,83.21333,4458,Asia/Barnaul
04,Алтайский край,Быстрый Исток,город,bystryy-istok,1508517,,52.37329,84.38596,4455,Asia/Barnaul
08,Республика Башкортостан,Калтасы,город,kaltasy,553929,,55.96918,54.79966,4454,Asia/Yekaterinburg
20,Иркутская область,Оса,город,osa,2018301,,53.38544,103.86948,4454,Asia/Irkutsk
93,Забайкальский край,Кыра,город,kyra,2021041,,49.57952,111.9766,4452,Asia/Chita
42,Ленинградская область,Янино-1,населённый пункт,yanino-1,546213,,59.94808,30.55914,4452,Europe/Moscow
04,Алтайский край,Налобиха,населённый пункт,nalobiha,1498027,,53.2009,84.6,4451,Asia/Barnaul
59,Приморский край,Новоникольск,населённый пункт,novonikolsk,2018904,,43.85601,131.86113,4449,Asia/Vladivostok
68,Республика Северная Осетия — Алания,Тарское,населённый пункт,tarskoe,484296,,42.96606,44.7754,4449,Europe/Moscow
42,Ленинградская область,Старая,населённый пункт,staraya,489264,,59.92749,30.62765,4444,Europe/Moscow
17,Республика Дагестан,Усиша,населённый пункт,usisha,478344,,42.25111,47.39278,4442,Europe/Moscow
06,Архангельская область,Карпогоры,город,karpogory,552256,,64.00235,44.44585,4441,Europe/Moscow
38,Краснодарский край,Ольгинская,населённый пункт,olginskaya,515583,,45.9461,38.54864,4441,Europe/Moscow
20,Иркутская область,Рудногорск,населённый пункт,rudnogorsk,2017378,,57.2639,103.7519,4441,Asia/Irkutsk
78,Тюменская область,Иртышский,населённый пункт,irtyshskiy,1505495,,58.33333,68.13333,4434,Asia/Yekaterinburg
77,Тверская область,Сонково,город,sonkovo,490637,,57.78184,37.16458,4431,Europe/Moscow
34,Республика Коми,Корткерос,город,kortkeros,544397,,61.81329,51.57714,4429,Europe/Moscow
10,Брянская область,Бытошь,населённый пункт,bytosh,570158,,53.81861,34.09116,4425,Europe/Moscow
17,Республика Дагестан,Старое-Миатли,населённый пункт,staroe-miatli,527212,,43.08173,46.8286,4424,Europe/Moscow
31,Республика Хакасия,Вершина Тёи,населённый пункт,vershina-tyoi,1487195,,53.26858,89.56008,4417,Asia/Krasnoyarsk
65,Самарская область,Исаклы,город,isakly,556111,,54.13066,51.53674,4417,Europe/Samara
06,Архангельская область,Холмогоры,населённый пункт,holmogory,549748,,64.22814,41.65109,4417,Europe/Moscow
90,Пермский край,Усть-Кишертское,город,ust-kishertskoe,478064,,57.36635,57.24837,4413,Asia/Yekaterinburg
62,Рязанская область,Чучково,город,chuchkovo,567806,,54.27021,41.44746,4404,Europe/Moscow
13,Челябинская область,Фершампенуаз,город,fershampenuaz,562878,,53.52356,59.81844,4403,Asia/Yekaterinburg
40,Курганская область,Звериноголовское,населённый пункт,zverinogolovskoe,1484943,,54.45397,64.85242,4400,Asia/Yekaterinburg
33,Кировская область,Лальск,населённый пункт,lalsk,537094,,60.74146,47.58617,4400,Europe/Kirov
90,Пермский край,Теплая Гора,населённый пункт,teplaya-gora,483613,,58.52444,59.07278,4400,Asia/Yekaterinburg
11,Республика Бурятия,Сотниково,населённый пункт,sotnikovo,2016205,,51.88448,107.4825,4396,Asia/Irkutsk
86,Воронежская область,Нижний Кисляй,населённый пункт,nizhniy-kislyay,520599,,50.8536,40.1726,4394,Europe/Moscow
83,Владимирская область,Оргтруд,населённый пункт,orgtrud,514968,,56.1832,40.6149,4393,Europe/Moscow
57,Пензенская область,Верхний Ломов,населённый пункт,verhniy-lomov,474926,,53.46778,43.55111,4390,Europe/Moscow
41,Курская область,Касторное,город,kastornoe,551823,,51.83011,38.13075,4390,Europe/Moscow
86,Воронежская область,Девица,населённый пункт,devitsa,566319,,51.63505,38.95607,4389,Europe/Moscow
08,Республика Башкортостан,Инзер,населённый пункт,inzer,556279,,54.2167,57.5556,4388,Asia/Yekaterinburg
65,Самарская область,Спиридоновка,населённый пункт,spiridonovka,489701,,53.09248,50.64621,4387,Europe/Samara
25,Калужская область,Мещовск,город,meschovsk,527405,,54.32148,35.28453,4386,Europe/Moscow
70,Ставропольский край,Балахоновское,населённый пункт,balahonovskoe,579503,,44.7767,41.7842,4377,Europe/Moscow
44,Магаданская область,Сокол,населённый пункт,sokol,2121102,,59.9218,150.74395,4374,Asia/Magadan
41,Курская область,Солнцево,город,solntsevo,490976,,51.41552,36.75667,4374,Europe/Moscow
07,Астраханская область,Оранжереи,населённый пункт,oranzherei,515109,,45.84756,47.56635,4367,Europe/Astrakhan
93,Забайкальский край,Новая Чара,населённый пункт,novaya-chara,2055822,,56.79675,118.26948,4365,Asia/Chita
40,Курганская область,Белозерское,город,belozerskoe,1510421,,55.82411,65.58757,4364,Asia/Yekaterinburg
90,Пермский край,Гамово,населённый пункт,gamovo,562070,,57.8652,56.1056,4362,Asia/Yekaterinburg
22,Кабардино-Балкарская Республика,Урух,населённый пункт,uruh,478601,,43.29335,44.02647,4360,Europe/Moscow
08,Республика Башкортостан,Старосубхангулово,город,starosubhangulovo,488618,,53.10375,57.42873,4351,Asia/Yekaterinburg
08,Республика Башкортостан,Михайловка,населённый пункт,mihaylovka,526875,,54.805,55.89193,4344,Asia/Yekaterinburg
25,Калужская область,Ферзиково,город,ferzikovo,562873,,54.51913,36.75671,4344,Europe/Moscow
57,Пензенская область,Наровчат,населённый пункт,narovchat,523415,,53.87654,43.69458,4340,Europe/Moscow
90,Пермский край,Уинское,город,uinskoe,479442,,56.88085,56.58056,4340,Asia/Yekaterinburg
22,Кабардино-Балкарская Республика,Лечинкай,населённый пункт,lechinkay,536440,,43.56472,43.43278,4334,Europe/Moscow
38,Краснодарский край,Канеловская,населённый пункт,kanelovskaya,553159,,46.5896,39.1944,4332,Europe/Moscow
90,Пермский край,Гайны,город,gayny,561698,,60.30443,54.32413,4331,Asia/Yekaterinburg
47,Московская область,Яковлевское,населённый пункт,yakovlevskoe,469533,,55.44194,37.94806,4330,Europe/Moscow
27,Карачаево-Черкесская Республика,Медногорский,населённый пункт,mednogorskiy,864612,,43.9178,41.18255,4328,Europe/Moscow
59,Приморский край,Ольга,город,olga,2018553,,43.74667,135.29419,4328,Asia/Vladivostok
22,Кабардино-Балкарская Республика,Кишпек,населённый пункт,kishpek,548151,,43.655,43.64083,4327,Europe/Moscow
47,Московская область,Малино,населённый пункт,malino,531098,,55.11195,38.17384,4327,Europe/Moscow
29,Кемеровская область,Карагайлинский,населённый пункт,karagaylinskiy,1504590,,54.172,86.5521,4326,Asia/Novokuznetsk
53,Новосибирская область,Усть-Тарка,город,ust-tarka,1488074,,55.56704,75.70557,4325,Asia/Novosibirsk
85,Вологодская область,Нюксеница,населённый пункт,nyuksenitsa,516539,,60.41159,44.23309,4322,Europe/Moscow
47,Московская область,Ильинское,населённый пункт,ilinskoe,817525,,55.24917,37.95805,4320,Europe/Moscow
57,Пензенская область,Лопатино,населённый пункт,lopatino,534206,,52.61949,45.81184,4318,Europe/Moscow
61,Ростовская область,Красюковская,район города,krasyukovskaya,541288,,47.55222,40.10885,4316,Europe/Moscow
38,Краснодарский край,Белозерный,населённый пункт,belozernyy,872128,,45.06748,38.72527,4315,Europe/Moscow
47,Московская область,Дорохово,населённый пункт,dorohovo,565172,,55.55056,36.37444,4313,Europe/Moscow
38,Краснодарский край,Вышестеблиевская,населённый пункт,vyshesteblievskaya,797083,,45.19611,37.01806,4312,Europe/Moscow
29,Кемеровская область,Рудничный,населённый пункт,rudnichnyy,1493458,,56.08469,86.24988,4308,Asia/Novokuznetsk
27,Карачаево-Черкесская Республика,Кумыш,населённый пункт,kumysh,539218,,43.88334,41.89323,4306,Europe/Moscow
72,Тамбовская область,Донское,населённый пункт,donskoe,565284,,52.77495,41.47759,4305,Europe/Moscow
63,Республика Саха (Якутия),Серебряный Бор,населённый пункт,serebryanyy-bor,2016977,,56.67076,124.83754,4302,Asia/Yakutsk
77,Тверская область,Изоплит,населённый пункт,izoplit,554767,,56.62558,36.22198,4299,Europe/Moscow
04,Алтайский край,Шелаболиха,город,shelaboliha,1492281,,53.41503,82.61262,4298,Asia/Barnaul
16,Чувашская Республика,Красноармейское,населённый пункт,krasnoarmeyskoe,542429,,55.76813,47.17244,4296,Europe/Moscow
04,Алтайский край,Крутиха,город,krutiha,1501706,,53.95997,81.20991,4294,Asia/Barnaul
09,Белгородская область,Засосна,населённый пункт,zasosna,464290,,50.63072,38.3965,4287,Europe/Moscow
62,Рязанская область,Сапожок,город,sapozhok,498760,,53.94272,40.68286,4283,Europe/Moscow
17,Республика Дагестан,Параул,населённый пункт,paraul,512607,,42.74193,47.35531,4278,Europe/Moscow
80,Удмуртская Республика,Юкаменское,город,yukamenskoe,466674,,57.8878,52.245,4278,Europe/Samara
08,Республика Башкортостан,Павловка,населённый пункт,pavlovka,512109,,55.42094,56.55426,4277,Asia/Yekaterinburg
17,Республика Дагестан,Кафыр-Кумух,населённый пункт,kafyr-kumuh,554491,,42.83754,47.15412,4274,Europe/Moscow
91,Красноярский край,Новобирилюссы,город,novobirilyussy,1508260,,56.95137,90.68808,4274,Asia/Krasnoyarsk
78,Тюменская область,Менделеево,населённый пункт,mendeleevo,1498997,,58.16667,68.3,4270,Asia/Yekaterinburg
63,Республика Саха (Якутия),Батагай,город,batagay,2027044,,67.65501,134.63821,4266,Asia/Vladivostok
73,Республика Татарстан,Верхний Услон,город,verhniy-uslon,474795,,55.768,48.9776,4265,Europe/Moscow
93,Забайкальский край,Могзон,населённый пункт,mogzon,2019884,,51.74178,111.96941,4262,Asia/Chita
29,Кемеровская область,Притомский,населённый пункт,pritomskiy,1494156,,53.7724,87.6082,4261,Asia/Novokuznetsk
12,Чеченская Республика,Рошни-Чу,населённый пункт,roshni-chu,501287,,43.08954,45.45435,4253,Europe/Moscow
05,Амурская область,Уруша,населённый пункт,urusha,2014078,,54.05141,122.88451,4252,Asia/Yakutsk
70,Ставропольский край,Боргустанская,населённый пункт,borgustanskaya,572567,,44.0547,42.5288,4250,Europe/Moscow
77,Тверская область,Козлово,населённый пункт,kozlovo,543106,,56.50977,36.27326,4248,Europe/Moscow
29,Кемеровская область,Чистогорский,населённый пункт,chistogorskiy,1507801,,53.9835,87.3843,4240,Asia/Novokuznetsk
20,Иркутская область,Мама,город,mama,2020313,,58.30963,112.90378,4239,Asia/Irkutsk
40,Курганская область,Глядянское,город,glyadyanskoe,1506499,,54.90973,65.08843,4237,Asia/Yekaterinburg
17,Республика Дагестан,Рутул,город,rutul,500316,,41.53439,47.42399,4237,Europe/Moscow
29,Кемеровская область,Итатский,населённый пункт,itatskiy,1505383,,56.07,89.03694,4235,Asia/Novokuznetsk
90,Пермский край,Култаево,населённый пункт,kultaevo,539369,,57.8948,55.9378,4235,Asia/Yekaterinburg
27,Карачаево-Черкесская Республика,Курджиново,населённый пункт,kurdzhinovo,538879,,43.98838,40.95519,4234,Europe/Moscow
47,Московская область,Марфино,населённый пункт,marfino,529367,,56.07237,37.55899,4234,Europe/Moscow
46,Республика Мордовия,Теньгушево,город,tengushevo,483642,,54.76878,42.72005,4231,Europe/Moscow
52,Новгородская область,Холм,населённый пункт,holm,549786,,59.26667,32.85,4228,Europe/Moscow
70,Ставропольский край,Александрия,населённый пункт,aleksandriya,583373,,45.09472,43.24556,4223,Europe/Moscow
62,Рязанская область,Пронск,город,pronsk,504717,,54.11361,39.59909,4222,Europe/Moscow
27,Карачаево-Черкесская Республика,Икон-Халк,населённый пункт,ikon-halk,557399,,44.3051,41.9142,4220,Europe/Moscow
12,Чеченская Республика,Борзой,населённый пункт,borzoy,571913,,42.84147,45.62746,4218,Europe/Moscow
17,Республика Дагестан,Советское,населённый пункт,sovetskoe,490000,,41.72989,48.32729,4217,Europe/Moscow
70,Ставропольский край,Урожайное,населённый пункт,urozhaynoe,478640,,44.78833,44.92278,4215,Europe/Moscow
08,Республика Башкортостан,Ермекеево,город,ermekeevo,467260,,54.07262,53.6749,4214,Asia/Yekaterinburg
47,Московская область,Мещерино,населённый пункт,mescherino,527429,,55.19567,38.36002,4207,Europe/Moscow
84,Волгоградская область,Алексеевская,город,alekseevskaya,582816,,50.2907,42.1846,4205,Europe/Volgograd
38,Краснодарский край,Передовая,населённый пункт,peredovaya,511495,,44.11722,41.47556,4204,Europe/Moscow
78,Тюменская область,Новая Заимка,населённый пункт,novaya-zaimka,1496588,,56.48571,66.92413,4202,Asia/Yekaterinburg
44,Магаданская область,Омсукчан,город,omsukchan,2122493,,62.51531,155.79406,4201,Asia/Magadan
71,Свердловская область,Рудничный,населённый пункт,rudnichnyy,1493457,,59.70118,60.28817,4201,Asia/Yekaterinburg
11,Республика Бурятия,Ильинка,населённый пункт,ilinka,2023655,,52.11944,107.27083,4200,Asia/Irkutsk
47,Московская область,Шемётово,населённый пункт,shemyotovo,494934,,56.52764,38.07518,4200,Europe/Moscow
45,Республика Марий Эл,Юрино,город,yurino,466423,,56.29441,46.30198,4199,Europe/Moscow
91,Красноярский край,Шалинское,город,shalinskoe,1492466,,55.71739,93.75167,4198,Asia/Krasnoyarsk
73,Республика Татарстан,Акташ,населённый пункт,aktash,583573,,55.0384,52.1214,4195,Europe/Moscow
20,Иркутская область,Балаганск,населённый пункт,balagansk,2027198,,54.0057,103.05234,4195,Asia/Irkutsk
47,Московская область,Барвиха,населённый пункт,barviha,578953,,55.74212,37.27926,4193,Europe/Moscow
38,Краснодарский край,Венцы,населённый пункт,ventsy,475868,,45.37639,40.83583,4193,Europe/Moscow
59,Приморский край,Монастырище,населённый пункт,monastyrische,2019819,,44.19472,132.49797,4192,Asia/Vladivostok
90,Пермский край,Усть-Качка,населённый пункт,ust-kachka,478079,,58.0038,55.6721,4190,Asia/Yekaterinburg
77,Тверская область,Белый,город,belyy,577576,,55.84082,32.94072,4189,Europe/Moscow
40,Курганская область,Сафакулево,город,safakulevo,1493268,,54.98857,62.54041,4189,Asia/Yekaterinburg
78,Тюменская область,Сумкино,населённый пункт,sumkino,1490655,,58.11083,68.32444,4186,Asia/Yekaterinburg
17,Республика Дагестан,Сиртич,населённый пункт,sirtich,485140,,41.83388,48.22901,4185,Europe/Moscow
11,Республика Бурятия,Новый Уоян,населённый пункт,novyy-uoyan,2018813,,56.15722,111.70556,4184,Asia/Irkutsk
70,Ставропольский край,Бешпагир,населённый пункт,beshpagir,576712,,45.02167,42.38083,4183,Europe/Moscow
04,Алтайский край,Кытманово,город,kytmanovo,1500990,,53.46067,85.44749,4183,Asia/Barnaul
56,Орловская область,Хотынец,город,hotynets,549341,,53.1286,35.3966,4182,Europe/Moscow
17,Республика Дагестан,Кокрек,населённый пункт,kokrek,796701,,43.23639,46.72665,4181,Europe/Moscow
89,Еврейская автономная область,Бирский,населённый пункт,birskiy,2026659,,49.00172,132.46443,4176,Asia/Vladivostok
11,Республика Бурятия,Тарбагатай,город,tarbagatay,2015545,,51.48121,107.36378,4175,Asia/Irkutsk
84,Волгоградская область,Водстрой,населённый пункт,vodstroy,472942,,48.84165,44.55793,4173,Europe/Volgograd
21,Ивановская область,Пестяки,город,pestyaki,510323,,56.70914,42.66952,4172,Europe/Moscow
38,Краснодарский край,Майкопское,населённый пункт,maykopskoe,528289,,45.39361,40.76583,4171,Europe/Moscow
71,Свердловская область,Юшала,населённый пункт,yushala,1485664,,57.07611,64.26011,4169,Asia/Yekaterinburg
55,Оренбургская область,Красный Коммунар,населённый пункт,krasnyy-kommunar,864018,,51.96436,55.3668,4167,Asia/Yekaterinburg
32,Ханты-Мансийский автономный округ — Югра,Кондинское,населённый пункт,kondinskoe,1502697,,59.64806,67.41,4166,Asia/Yekaterinburg
08,Республика Башкортостан,Семилетка,населённый пункт,semiletka,497211,,55.36028,54.61528,4163,Asia/Yekaterinburg
55,Оренбургская область,Кваркено,город,kvarkeno,537541,,52.08312,59.72531,4161,Asia/Yekaterinburg
47,Московская область,Фосфоритный,населённый пункт,fosforitnyy,562445,,55.32892,38.89509,4158,Europe/Moscow
10,Брянская область,Глинищево,город,glinischevo,561240,,53.30332,34.07158,4156,Europe/Moscow
28,Республика Карелия,Пряжа,город,pryazha,504409,,61.69812,33.62948,4156,Europe/Moscow
09,Белгородская область,Ливенка,населённый пункт,livenka,534717,,50.449,38.2959,4154,Europe/Moscow
13,Челябинская область,Вахрушево,населённый пункт,vahrushevo,1487839,,55.2317,61.7173,4152,Asia/Yekaterinburg
20,Иркутская область,Култук,населённый пункт,kultuk,2021343,,51.72083,103.69556,4151,Asia/Irkutsk
85,Вологодская область,Устье,населённый пункт,uste,477846,,59.63043,39.73596,4151,Europe/Moscow
38,Краснодарский край,Константиновская,населённый пункт,konstantinovskaya,545275,,44.83528,40.72694,4149,Europe/Moscow
67,Саратовская область,Подлесное,населённый пункт,podlesnoe,508237,,51.8161,47.009,4149,Europe/Saratov
91,Красноярский край,Тинской,населённый пункт,tinskoy,1489571,,56.1513,96.9173,4147,Asia/Krasnoyarsk
51,Нижегородская область,Шиморское,населённый пункт,shimorskoe,494378,,55.3281,42.0256,4147,Europe/Moscow
69,Смоленская область,Шаталово,населённый пункт,shatalovo,495575,,54.334,32.4465,4142,Europe/Moscow
90,Пермский край,Пашия,населённый пункт,pashiya,512413,,58.4324,58.2562,4140,Asia/Yekaterinburg
38,Краснодарский край,Голубицкая,населённый пункт,golubitskaya,560513,,45.32566,37.2702,4138,Europe/Moscow
17,Республика Дагестан,Костек,населённый пункт,kostek,544007,,43.34387,46.85411,4137,Europe/Moscow
22,Кабардино-Балкарская Республика,Герменчик,населённый пункт,germenchik,561550,,43.59389,43.76611,4129,Europe/Moscow
21,Ивановская область,Каменка,населённый пункт,kamenka,553655,,57.39214,41.79383,4124,Europe/Moscow
10,Брянская область,Добрунь,населённый пункт,dobrun,565783,,53.18749,34.23958,4123,Europe/Moscow
81,Ульяновская область,Цильна,населённый пункт,tsilna,480884,,54.59533,48.1414,4122,Europe/Ulyanovsk
83,Владимирская область,Боголюбово,населённый пункт,bogolyubovo,575609,,56.19052,40.52313,4121,Europe/Moscow
13,Челябинская область,Еманжелинск,населённый пункт,emanzhelinsk,1486040,,54.801,61.2989,4117,Asia/Yekaterinburg
30,Хабаровский край,Тополево,населённый пункт,topolevo,2015136,,48.50685,135.17599,4117,Asia/Vladivostok
86,Воронежская область,Елань-Коленовский,населённый пункт,elan-kolenovskiy,468042,,51.1632,41.151,4112,Europe/Moscow
71,Свердловская область,Мартюш,населённый пункт,martyush,1499288,,56.4,61.88194,4110,Asia/Yekaterinburg
45,Республика Марий Эл,Приволжский,населённый пункт,privolzhskiy,827990,,55.96135,48.41512,4110,Europe/Moscow
77,Тверская область,Рамешки,город,rameshki,502903,,57.34378,36.04418,4110,Europe/Moscow
30,Хабаровский край,Богородское,населённый пункт,bogorodskoe,2126638,,52.37397,140.43579,4108,Asia/Vladivostok
33,Кировская область,Подосиновец,город,podosinovets,508068,,60.27593,47.07173,4106,Europe/Kirov
70,Ставропольский край,Стародубское,населённый пункт,starodubskoe,488847,,44.56306,44.01528,4104,Europe/Moscow
93,Забайкальский край,Новопавловка,населённый пункт,novopavlovka,2018896,,51.21896,109.21565,4102,Asia/Chita
53,Новосибирская область,Кочки,город,kochki,1503061,,54.33208,80.49338,4101,Asia/Novosibirsk
04,Алтайский край,Малиновое Озеро,населённый пункт,malinovoe-ozero,1499779,,51.67528,79.7825,4101,Asia/Barnaul
17,Республика Дагестан,Ботаюрт,населённый пункт,botayurt,578738,,43.31865,46.68371,4093,Europe/Moscow
70,Ставропольский край,Отказное,населённый пункт,otkaznoe,513970,,44.32639,43.86083,4090,Europe/Moscow
76,Тульская область,Волово,город,volovo,864116,,53.55818,38.0041,4089,Europe/Moscow
42,Ленинградская область,Малое Верево,населённый пункт,maloe-verevo,530480,,59.61361,30.17278,4088,Europe/Moscow
47,Московская область,Большие Ржавки,населённый пункт,bolshie-rzhavki,499727,,56.01629,37.22717,4084,Europe/Moscow
40,Курганская область,Красный Октябрь,населённый пункт,krasnyy-oktyabr,1501925,,55.65667,64.81333,4084,Asia/Yekaterinburg
08,Республика Башкортостан,Зирган,населённый пункт,zirgan,462467,,53.2222,55.9185,4083,Asia/Yekaterinburg
20,Иркутская область,Тыреть Первая,населённый пункт,tyret-pervaya,2014705,,53.67028,102.31056,4082,Asia/Irkutsk
38,Краснодарский край,Джигинка,населённый пункт,dzhiginka,563618,,45.133,37.33825,4079,Europe/Moscow
08,Республика Башкортостан,Красная Горка,город,krasnaya-gorka,542769,,55.19348,56.67443,4079,Asia/Yekaterinburg
90,Пермский край,Чермоз,населённый пункт,chermoz,569122,,58.7813,56.1577,4079,Asia/Yekaterinburg
22,Кабардино-Балкарская Республика,Верхняя Балкария,населённый пункт,verhnyaya-balkariya,474743,,43.12545,43.45687,4076,Europe/Moscow
43,Липецкая область,Измалково,город,izmalkovo,554806,,52.68819,37.96638,4072,Europe/Moscow
17,Республика Дагестан,Акнада,населённый пункт,aknada,583707,,42.40155,46.17228,4070,Europe/Moscow
47,Московская область,Пролетарский,населённый пункт,proletarskiy,504798,,55.02219,37.39019,4069,Europe/Moscow
86,Воронежская область,Ольховатка,город,olhovatka,515539,,50.27927,39.29357,4068,Europe/Moscow
84,Волгоградская область,Старая Полтавка,город,staraya-poltavka,489102,,50.47683,46.48275,4068,Europe/Volgograd
81,Ульяновская область,Старотимошкино,населённый пункт,starotimoshkino,488608,,53.71908,47.53116,4061,Europe/Ulyanovsk
93,Забайкальский край,Даурия,населённый пункт,dauriya,2025099,,49.92572,116.84546,4058,Asia/Chita
47,Московская область,Дружба,населённый пункт,druzhba,564912,,55.88603,37.74267,4058,Europe/Moscow
90,Пермский край,Юрла,город,yurla,466349,,59.32379,54.32209,4058,Asia/Yekaterinburg
12,Чеченская Республика,Ялхой-Мохк,населённый пункт,yalhoy-mohk,469372,,43.10528,46.19045,4058,Europe/Moscow
88,Ярославская область,Красные Ткачи,населённый пункт,krasnye-tkachi,541747,,57.49259,39.75629,4054,Europe/Moscow
13,Челябинская область,Коелга,населённый пункт,koelga,1502280,,54.65224,60.9049,4053,Asia/Yekaterinburg
46,Республика Мордовия,Атемар,населённый пункт,atemar,580432,,54.18097,45.40909,4052,Europe/Moscow
86,Воронежская область,Орлово,населённый пункт,orlovo,514833,,51.7592,39.5882,4047,Europe/Moscow
61,Ростовская область,Сандата,населённый пункт,sandata,498866,,46.27081,41.75834,4047,Europe/Moscow
47,Московская область,Чёрное,населённый пункт,chyornoe,569077,,55.74611,38.06889,4047,Europe/Moscow
79,Республика Тыва,Кызыл-Хая,населённый пункт,kyzyl-haya,1500962,,50.04986,89.87821,4046,Asia/Krasnoyarsk
61,Ростовская область,Грушевская,населённый пункт,grushevskaya,558384,,47.44056,39.95111,4044,Europe/Moscow
42,Ленинградская область,Лесколово,населённый пункт,leskolovo,535806,,60.26341,30.45462,4039,Europe/Moscow
41,Курская область,Конышёвка,город,konyshyovka,545223,,51.8418,35.2941,4038,Europe/Moscow
43,Липецкая область,Волово,город,volovo,472306,,52.02684,37.88204,4036,Europe/Moscow
57,Пензенская область,Индерка,населённый пункт,inderka,556396,,53.24846,46.25823,4031,Europe/Moscow
62,Рязанская область,Александро-Невский,город,aleksandro-nevskiy,583358,,53.47548,40.2099,4030,Europe/Moscow
85,Вологодская область,Имени Бабушкина,населённый пункт,imeni-babushkina,556858,,59.75727,43.12847,4026,Europe/Moscow
17,Республика Дагестан,Баташевский,населённый пункт,batashevskiy,858667,,43.276,46.50697,4024,Europe/Moscow
51,Нижегородская область,Спасское,город,spasskoe,489778,,55.85811,45.69608,4023,Europe/Moscow
43,Липецкая область,Красное,город,krasnoe,542109,,52.86331,38.78455,4021,Europe/Moscow
17,Республика Дагестан,Великент,населённый пункт,velikent,476106,,42.18762,48.06366,4020,Europe/Moscow
38,Краснодарский край,Красная Поляна,населённый пункт,krasnaya-polyana,542681,,43.67952,40.20403,4020,Europe/Moscow
17,Республика Дагестан,Адиль-Янги-Юрт,населённый пункт,adil-yangi-yurt,584248,,43.56328,46.58462,4017,Europe/Moscow
72,Тамбовская область,Бокино,населённый пункт,bokino,575423,,52.63744,41.45968,4016,Europe/Moscow
22,Кабардино-Балкарская Республика,Александровская,район города,aleksandrovskaya,583039,,43.49368,43.64776,4014,Europe/Moscow
17,Республика Дагестан,Буртунай,населённый пункт,burtunay,570683,,42.9886,46.63034,4014,Europe/Moscow
59,Приморский край,Волчанец,населённый пункт,volchanets,2013337,,42.91388,132.76222,4013,Asia/Vladivostok
79,Республика Тыва,Мугур-Аксы,населённый пункт,mugur-aksy,1498283,,50.38072,90.43739,4012,Asia/Krasnoyarsk
01,Республика Адыгея,Абадзехская,населённый пункт,abadzehskaya,584534,,44.39389,40.22139,4010,Europe/Moscow
25,Калужская область,Бабынино,город,babynino,579838,,54.38898,35.74037,4009,Europe/Moscow
20,Иркутская область,Еланцы,город,elantsy,2013018,,52.80362,106.40571,4009,Asia/Irkutsk
38,Краснодарский край,Копанская,населённый пункт,kopanskaya,545168,,46.27866,38.47985,4008,Europe/Moscow
03,Республика Алтай,Усть-Кокса,город,ust-koksa,1488167,,50.27246,85.62613,4008,Asia/Barnaul
68,Республика Северная Осетия — Алания,Троицкое,населённый пункт,troitskoe,481543,,43.76219,44.68415,4007,Europe/Moscow
51,Нижегородская область,Память Парижской Коммуны,населённый пункт,pamyat-parizhskoy-kommuny,512947,,56.1048,44.4952,4003,Europe/Moscow
66,Санкт-Петербург,Александровская,район города,aleksandrovskaya,583034,,60.05168,29.97935,4000,Europe/Moscow
47,Московская область,Ильинский Погост,населённый пункт,ilinskiy-pogost,557132,,55.47785,38.90906,4000,Europe/Moscow
17,Республика Дагестан,Новый Костек,населённый пункт,novyy-kostek,858716,,43.3353,46.82466,4000,Europe/Moscow
69,Смоленская область,Печерск,населённый пункт,pechersk,511839,,54.85355,32.03154,4000,Europe/Moscow
11,Республика Бурятия,Саган-Нур,населённый пункт,sagan-nur,7896555,,51.3436,108.4449,4000,Asia/Irkutsk
85,Вологодская область,Ферапонтово,населённый пункт,ferapontovo,562886,,59.95425,38.56745,4000,Europe/Moscow
52,Новгородская область,Холм,город,holm,549797,,57.14893,31.18173,4000,Europe/Moscow
70,Ставропольский край,Иргаклы,населённый пункт,irgakly,556199,,44.36111,44.75556,3997,Europe/Moscow
51,Нижегородская область,Пижма,населённый пункт,pizhma,509176,,57.86418,47.11714,3996,Europe/Moscow
17,Республика Дагестан,Бежта,город,bezhta,576558,,42.1338,46.12828,3994,Europe/Moscow
70,Ставропольский край,Нежинский,населённый пункт,nezhinskiy,869259,,43.92833,42.68556,3991,Europe/Moscow
56,Орловская область,Новосиль,город,novosil,517947,,52.97277,37.03958,3989,Europe/Moscow
38,Краснодарский край,Новоплатнировская,населённый пункт,novoplatnirovskaya,518341,,46.1065,39.4191,3988,Europe/Moscow
60,Псковская область,Новоржев,город,novorzhev,518236,,57.0308,29.33257,3988,Europe/Moscow
91,Красноярский край,Казачинское,город,kazachinskoe,1504075,,57.69947,93.28054,3987,Asia/Krasnoyarsk
41,Курская область,Черемисиново,город,cheremisinovo,569339,,51.88553,37.2646,3983,Europe/Moscow
25,Калужская область,Мосальск,город,mosalsk,525084,,54.48952,34.98096,3972,Europe/Moscow
08,Республика Башкортостан,Алексеевка,населённый пункт,alekseevka,582854,,54.85,55.23333,3966,Asia/Yekaterinburg
61,Ростовская область,Красновка,населённый пункт,krasnovka,542182,,48.81769,40.09226,3966,Europe/Moscow
56,Орловская область,Малоархангельск,город,maloarhangelsk,530966,,52.40002,36.50267,3962,Europe/Moscow
91,Красноярский край,Саянский,населённый пункт,sayanskiy,1492891,,54.15,91.885,3962,Asia/Krasnoyarsk
11,Республика Бурятия,Северомуйск,населённый пункт,severomuysk,2016907,,56.177,113.57,3962,Asia/Irkutsk
37,Костромская область,Молвитино,город,molvitino,486015,,58.15017,41.59428,3961,Europe/Moscow
38,Краснодарский край,Азовская,населённый пункт,azovskaya,580048,,44.79083,38.62639,3960,Europe/Moscow
67,Саратовская область,Балтай,город,baltay,579381,,52.46577,46.62998,3959,Europe/Saratov
17,Республика Дагестан,Хунзах,город,hunzah,549105,,42.54286,46.70605,3955,Europe/Moscow
28,Республика Карелия,Чупа,населённый пункт,chupa,567589,,66.27001,33.05486,3954,Europe/Moscow
20,Иркутская область,Китой,населённый пункт,kitoy,2022024,,52.6,103.9,3953,Asia/Irkutsk
70,Ставропольский край,Калиновское,населённый пункт,kalinovskoe,554064,,44.8635,42.9622,3951,Europe/Moscow
93,Забайкальский край,Акша,город,aksha,2028028,,50.28105,113.287,3950,Asia/Chita
04,Алтайский край,Табуны,город,tabuny,1490356,,52.77521,78.79129,3950,Asia/Barnaul
77,Тверская область,Кесова Гора,город,kesova-gora,550949,,57.58396,37.2962,3946,Europe/Moscow
59,Приморский край,Новопокровка,город,novopokrovka,2018888,,45.85324,134.50076,3946,Asia/Vladivostok
78,Тюменская область,Ембаево,населённый пункт,embaevo,1539203,,57.15139,65.77291,3944,Asia/Yekaterinburg
33,Кировская область,Арбаж,город,arbazh,581228,,57.67949,48.3061,3943,Europe/Kirov
53,Новосибирская область,Кудряшовский,населённый пункт,kudryashovskiy,1501573,,55.0974,82.7742,3935,Asia/Novosibirsk
51,Нижегородская область,Гагино,город,gagino,562209,,55.23103,45.02448,3933,Europe/Moscow
72,Тамбовская область,Горелое,населённый пункт,goreloe,560138,,52.93697,41.50435,3933,Europe/Moscow
70,Ставропольский край,Заветное,населённый пункт,zavetnoe,464180,,44.7492,41.5995,3932,Europe/Moscow
38,Краснодарский край,Атаманская,населённый пункт,atamanskaya,580453,,46.1773,39.6358,3930,Europe/Moscow
06,Архангельская область,Яренск,город,yarensk,468983,,62.17359,49.0978,3929,Europe/Moscow
23,Калининградская область,Ладушкин,город,ladushkin,537229,,54.57025,20.17099,3928,Europe/Kaliningrad
38,Краснодарский край,Коржевский,населённый пункт,korzhevskiy,544332,,45.19414,37.71949,3927,Europe/Moscow
30,Хабаровский край,Высокогорный,населённый пункт,vysokogornyy,2013216,,50.09889,139.12342,3926,Asia/Vladivostok
47,Московская область,Имени Цюрупы,населённый пункт,imeni-tsyurupy,556483,,55.49567,38.65064,3926,Europe/Moscow
93,Забайкальский край,Маккавеево,населённый пункт,makkaveevo,2020559,,51.7534,113.94146,3922,Asia/Chita
53,Новосибирская область,Толмачево,населённый пункт,tolmachevo,1489474,,54.9824,82.7363,3921,Asia/Novosibirsk
44,Магаданская область,Ягодное,город,yagodnoe,2119626,,62.52725,149.62502,3921,Asia/Magadan
38,Краснодарский край,Совхозный,населённый пункт,sovhoznyy,872144,,45.29462,38.11384,3916,Europe/Moscow
32,Ханты-Мансийский автономный округ — Югра,Локосово,населённый пункт,lokosovo,1500399,,61.13333,74.81667,3915,Asia/Yekaterinburg
91,Красноярский край,Партизанское,город,partizanskoe,1495538,,55.49713,94.39648,3915,Asia/Krasnoyarsk
86,Воронежская область,Нижний Мамон,населённый пункт,nizhniy-mamon,520564,,50.1937,40.5083,3914,Europe/Moscow
48,Москва,Шишкин Лес,населённый пункт,shishkin-les,6417495,,55.41261,37.18865,3913,Europe/Moscow
54,Омская область,Троицк,населённый пункт,troitsk,1489202,,55.70128,72.23369,3911,Asia/Omsk
68,Республика Северная Осетия — Алания,Хумалаг,населённый пункт,humalag,549118,,43.24031,44.47521,3906,Europe/Moscow
17,Республика Дагестан,Кара-Махи,населённый пункт,kara-mahi,802754,,42.61934,47.26017,3904,Europe/Moscow
45,Республика Марий Эл,Килемары,город,kilemary,548715,,56.77848,46.86499,3903,Europe/Moscow
66,Санкт-Петербург,Ольгино,район города,olgino,515589,,60.00928,30.11559,3903,Europe/Moscow
28,Республика Карелия,Муезерский,населённый пункт,muezerskiy,524100,,63.95758,31.98738,3901,Europe/Moscow
47,Московская область,Верея,населённый пункт,vereya,475700,,55.61472,38.03917,3900,Europe/Moscow
33,Кировская область,Пижанка,город,pizhanka,509184,,57.46051,48.54147,3900,Europe/Kirov
42,Ленинградская область,Войсковицы,населённый пункт,voyskovitsy,471323,,59.53266,29.9362,3896,Europe/Moscow
40,Курганская область,Введенское,населённый пункт,vvedenskoe,1486677,,55.47426,65.08449,3895,Asia/Yekaterinburg
69,Смоленская область,Новодугино,город,novodugino,518912,,55.63275,34.2963,3894,Europe/Moscow
17,Республика Дагестан,Кули,населённый пункт,kuli,539511,,42.01845,47.24342,3893,Europe/Moscow
61,Ростовская область,Красноярская,населённый пункт,krasnoyarskaya,795140,,47.4955,42.1856,3889,Europe/Moscow
22,Кабардино-Балкарская Республика,Котляревская,населённый пункт,kotlyarevskaya,543671,,43.57344,44.06134,3887,Europe/Moscow
88,Ярославская область,Большое Село,город,bolshoe-selo,573338,,57.71774,38.93341,3885,Europe/Moscow
33,Кировская область,Стрижи,населённый пункт,strizhi,487159,,58.465,49.261,3881,Europe/Kirov
59,Приморский край,Терней,город,terney,2015352,,45.04952,136.61238,3876,Asia/Vladivostok
71,Свердловская область,Шабровский,населённый пункт,shabrovskiy,1492536,,56.63597,60.58065,3868,Asia/Yekaterinburg
42,Ленинградская область,Будогощь,населённый пункт,budogosch,571252,,59.28158,32.47074,3865,Europe/Moscow
17,Республика Дагестан,Баммат-Юрт,населённый пункт,bammat-yurt,579327,,43.34576,46.60819,3863,Europe/Moscow
43,Липецкая область,Донское,населённый пункт,donskoe,565285,,52.6174,38.9738,3860,Europe/Moscow
06,Архангельская область,Ерцево,населённый пункт,ertsevo,467084,,60.7966,40.086,3860,Europe/Moscow
61,Ростовская область,Быстрогорский,населённый пункт,bystrogorskiy,570188,,48.20813,41.14097,3859,Europe/Moscow
85,Вологодская область,Сямжа,населённый пункт,syamzha,485351,,60.01577,41.06139,3856,Europe/Moscow
38,Краснодарский край,Черноерковская,населённый пункт,chernoerkovskaya,568633,,45.43306,37.76861,3856,Europe/Moscow
41,Курская область,Тёткино,населённый пункт,tyotkino,483166,,51.28128,34.29382,3852,Europe/Moscow
47,Московская область,Хорлово,населённый пункт,horlovo,549531,,55.3327,38.81365,3852,Europe/Moscow
22,Кабардино-Балкарская Республика,Старый Урух,населённый пункт,staryy-uruh,487871,,43.34041,44.01868,3848,Europe/Moscow
56,Орловская область,Шаблыкино,город,shablykino,496159,,52.85639,35.19746,3848,Europe/Moscow
63,Республика Саха (Якутия),Витим,населённый пункт,vitim,2013375,,59.44326,112.56993,3843,Asia/Yakutsk
71,Свердловская область,Атиг,населённый пункт,atig,580426,,56.69307,59.42271,3842,Asia/Yekaterinburg
55,Оренбургская область,Красногвардеец,населённый пункт,krasnogvardeets,542345,,52.6804,52.3635,3836,Asia/Yekaterinburg
24,Республика Калмыкия,Кетченеры,город,ketchenery,489994,,47.30818,44.5238,3834,Europe/Moscow
59,Приморский край,Краснореченский,населённый пункт,krasnorechenskiy,2021613,,44.62681,135.35266,3833,Asia/Vladivostok
55,Оренбургская область,Колтубановский,населённый пункт,koltubanovskiy,546060,,52.9407,52.0269,3831,Asia/Yekaterinburg
42,Ленинградская область,Гарболово,населённый пункт,garbolovo,561999,,60.34127,30.49551,3830,Europe/Moscow
01,Республика Адыгея,Шовгеновский,город,shovgenovskiy,493721,,45.01887,40.22585,3830,Europe/Moscow
17,Республика Дагестан,Покровское,населённый пункт,pokrovskoe,507464,,43.28872,46.66527,3827,Europe/Moscow
86,Воронежская область,Подгорное,населённый пункт,podgornoe,508366,,50.42976,39.63384,3826,Europe/Moscow
25,Калужская область,Бетлица,город,betlitsa,576626,,54.01322,33.94763,3825,Europe/Moscow
17,Республика Дагестан,Кища,населённый пункт,kischa,474663,,42.17677,47.58117,3821,Europe/Moscow
47,Московская область,Мелихово,населённый пункт,melihovo,527697,,55.1144,37.64827,3821,Europe/Moscow
38,Краснодарский край,Агроном,населённый пункт,agronom,583988,,45.14021,39.19484,3820,Europe/Moscow
70,Ставропольский край,Темижбекский,населённый пункт,temizhbekskiy,483691,,45.45078,41.03866,3811,Europe/Moscow
77,Тверская область,Сандово,город,sandovo,498856,,58.46418,36.4153,3807,Europe/Moscow
51,Нижегородская область,Пруды,населённый пункт,prudy,504459,,57.5738,46.27176,3806,Europe/Moscow
08,Республика Башкортостан,Ахуново,населённый пункт,ahunovo,583781,,54.2079,59.6017,3800,Asia/Yekaterinburg
70,Ставропольский край,Бекешевская,населённый пункт,bekeshevskaya,578313,,44.11389,42.42694,3800,Europe/Moscow
42,Ленинградская область,Горская,населённый пункт,gorskaya,559378,,60.0464,29.97137,3800,Europe/Moscow
28,Республика Карелия,Салми,населённый пункт,salmi,499228,,61.36971,31.85185,3800,Europe/Moscow
33,Кировская область,Нема,город,nema,522745,,57.50687,50.5011,3797,Europe/Kirov
08,Республика Башкортостан,Дмитриевка,населённый пункт,dmitrievka,566027,,54.75,55.33333,3796,Asia/Yekaterinburg
47,Московская область,Северный,населённый пункт,severnyy,496346,,56.73333,37.65,3796,Europe/Moscow
86,Воронежская область,Перелëшино,населённый пункт,perele-shino,511437,,51.7378,40.1375,3795,Europe/Moscow
90,Пермский край,Фоки,населённый пункт,foki,562580,,56.693,54.34985,3792,Asia/Yekaterinburg
06,Архангельская область,Верхняя Тойма,город,verhnyaya-toyma,474470,,62.23712,45.00404,3790,Europe/Moscow
47,Московская область,Мишеронский,населённый пункт,misheronskiy,526271,,55.71927,39.73835,3790,Europe/Moscow
77,Тверская область,Сахарово,населённый пункт,saharovo,499363,,56.89949,36.05015,3790,Europe/Moscow
17,Республика Дагестан,Боташ-Юрт,населённый пункт,botash-yurt,578742,,43.30801,46.50991,3786,Europe/Moscow
08,Республика Башкортостан,Нижнетроитский,населённый пункт,nizhnetroitskiy,521031,,54.33852,53.68329,3784,Asia/Yekaterinburg
37,Костромская область,Кадый,город,kadyy,554502,,57.78624,43.19113,3783,Europe/Moscow
69,Смоленская область,Голынки,населённый пункт,golynki,560452,,54.86964,31.38609,3782,Europe/Moscow
61,Ростовская область,Приморка,населённый пункт,primorka,505256,,47.27946,39.05333,3780,Europe/Moscow
06,Архангельская область,Шипицыно,населённый пункт,shipitsyno,494304,,61.28056,46.52083,3780,Europe/Moscow
17,Республика Дагестан,Герга,населённый пункт,gerga,802000,,42.34645,47.96333,3778,Europe/Moscow
51,Нижегородская область,Сява,населённый пункт,syava,485304,,58.01457,46.32216,3776,Europe/Moscow
75,Томская область,Богашево,населённый пункт,bogashevo,1509897,,56.36798,85.14414,3773,Asia/Tomsk
85,Вологодская область,Липин Бор,населённый пункт,lipin-bor,535113,,60.263,37.9785,3771,Europe/Moscow
93,Забайкальский край,Жирекен,населённый пункт,zhireken,2012510,,52.8263,117.30609,3766,Asia/Chita
53,Новосибирская область,Дорогино,населённый пункт,dorogino,1507239,,54.3598,83.3198,3762,Asia/Novosibirsk
72,Тамбовская область,Платоновка,населённый пункт,platonovka,509104,,52.71058,41.95199,3761,Europe/Moscow
59,Приморский край,Сергиевский,населённый пункт,sergievskiy,2020626,,44.33749,131.66142,3760,Asia/Vladivostok
52,Новгородская область,Шимск,город,shimsk,494366,,58.20997,30.7179,3755,Europe/Moscow
60,Псковская область,Плюсса,город,plyussa,508743,,58.42583,29.36644,3749,Europe/Moscow
91,Красноярский край,Байкит,населённый пункт,baykit,1510689,,61.67694,96.37917,3748,Asia/Krasnoyarsk
55,Оренбургская область,Плещаново,город,pleschanovo,509017,,52.84671,53.48848,3746,Asia/Yekaterinburg
91,Красноярский край,Кошурниково,населённый пункт,koshurnikovo,1502389,,54.16667,93.3,3743,Asia/Krasnoyarsk
61,Ростовская область,Новый Егорлык,населённый пункт,novyy-egorlyk,516801,,46.3927,41.87162,3739,Europe/Moscow
37,Костромская область,Антропово,город,antropovo,581456,,58.40016,43.00833,3736,Europe/Moscow
17,Республика Дагестан,Хазар,населённый пункт,hazar,828062,,41.9974,48.33325,3736,Europe/Moscow
38,Краснодарский край,Новолабинская,населённый пункт,novolabinskaya,518652,,45.10956,39.89399,3733,Europe/Moscow
79,Республика Тыва,Тээли,город,teeli,1489828,,51.01395,90.20092,3732,Asia/Krasnoyarsk
17,Республика Дагестан,Самур,населённый пункт,samur,498904,,41.82527,48.48597,3730,Europe/Moscow
61,Ростовская область,Красная Поляна,населённый пункт,krasnaya-polyana,542673,,46.11293,41.50157,3728,Europe/Moscow
34,Республика Коми,Войвож,населённый пункт,voyvozh,471308,,62.89198,54.96346,3727,Europe/Moscow
69,Смоленская область,Холм Жирковский,город,holm-zhirkovskiy,549718,,55.511,33.48667,3726,Europe/Moscow
23,Калининградская область,Краснознаменск,город,krasnoznamensk,541947,,54.94222,22.48972,3724,Europe/Kaliningrad
60,Псковская область,Серёдка,населённый пункт,seryodka,496859,,58.15838,28.18576,3724,Europe/Moscow
91,Красноярский край,Новочернореченский,населённый пункт,novochernorechenskiy,1497132,,56.26658,91.09234,3722,Asia/Krasnoyarsk
91,Красноярский край,Овсянка,населённый пункт,ovsyanka,1495797,,55.9583,92.572,3722,Asia/Krasnoyarsk
38,Краснодарский край,Чамлыкская,населённый пункт,chamlykskaya,570008,,44.71583,40.87861,3722,Europe/Moscow
42,Ленинградская область,Паша,населённый пункт,pasha,828671,,60.39546,33.04308,3718,Europe/Moscow
61,Ростовская область,Красноармейский,населённый пункт,krasnoarmeyskiy,542452,,47.0114,42.2072,3716,Europe/Moscow
61,Ростовская область,Синявское,населённый пункт,sinyavskoe,492708,,47.27691,39.27843,3715,Europe/Moscow
17,Республика Дагестан,Утамыш,населённый пункт,utamysh,477762,,42.40718,47.75109,3714,Europe/Moscow
42,Ленинградская область,Большая Ижора,населённый пункт,bolshaya-izhora,575070,,59.93819,29.56859,3712,Europe/Moscow
08,Республика Башкортостан,Дуван,населённый пункт,duvan,564022,,55.69497,57.90237,3710,Asia/Yekaterinburg
47,Московская область,Родники,населённый пункт,rodniki,501732,,55.65204,38.06685,3710,Europe/Moscow
24,Республика Калмыкия,Ики Бурул,город,iki-burul,557413,,45.82327,44.6457,3709,Europe/Moscow
47,Московская область,Икша,населённый пункт,iksha,557382,,56.17292,37.50297,3707,Europe/Moscow
63,Республика Саха (Якутия),Черский,город,cherskiy,2126199,,68.75322,161.33099,3707,Asia/Magadan
47,Московская область,Пески,населённый пункт,peski,510512,,55.21626,38.76262,3705,Europe/Moscow
62,Рязанская область,Ижевское,населённый пункт,izhevskoe,554836,,54.557,40.8753,3703,Europe/Moscow
76,Тульская область,Новогуровский,город,novogurovskiy,518845,,54.46759,37.33661,3702,Europe/Moscow
62,Рязанская область,Елатьма,населённый пункт,elatma,468030,,54.9675,41.75083,3700,Europe/Moscow
32,Ханты-Мансийский автономный округ — Югра,Мортка,населённый пункт,mortka,1498402,,59.33222,66.02139,3698,Asia/Yekaterinburg
38,Краснодарский край,Небуг,населённый пункт,nebug,523048,,44.1717,39.0026,3698,Europe/Moscow
38,Краснодарский край,Отрадно-Кубанское,населённый пункт,otradno-kubanskoe,513878,,45.24417,40.84083,3697,Europe/Moscow
30,Хабаровский край,Горин,населённый пункт,gorin,2023943,,51.19861,136.66216,3695,Asia/Vladivostok
47,Московская область,Лесные Поляны,населённый пункт,lesnye-polyany,535679,,55.96667,37.86667,3695,Europe/Moscow
84,Волгоградская область,Лог,населённый пункт,log,534538,,49.48437,43.86125,3695,Europe/Volgograd
84,Волгоградская область,Заплавное,населённый пункт,zaplavnoe,464829,,48.7048,45.0229,3693,Europe/Volgograd
55,Оренбургская область,Нижняя Павловка,населённый пункт,nizhnyaya-pavlovka,520278,,51.71324,54.80146,3691,Asia/Yekaterinburg
16,Чувашская Республика,Шемурша,населённый пункт,shemursha,494920,,54.88663,47.51893,3690,Europe/Moscow
71,Свердловская область,Петрокаменское,населённый пункт,petrokamenskoe,1495144,,57.716,60.6484,3688,Asia/Yekaterinburg
47,Московская область,Марфино,населённый пункт,marfino,529368,,55.70267,37.38322,3687,Europe/Moscow
12,Чеченская Республика,Петропавловская,населённый пункт,petropavlovskaya,510172,,43.38007,45.82816,3686,Europe/Moscow
89,Еврейская автономная область,Бабстово,населённый пункт,babstovo,2027277,,48.12067,132.47652,3685,Asia/Vladivostok
47,Московская область,Островцы,населённый пункт,ostrovtsy,514042,,55.5875,38.00556,3683,Europe/Moscow
04,Алтайский край,Славгородское,населённый пункт,slavgorodskoe,1491704,,53.0214,78.6435,3683,Asia/Barnaul
38,Краснодарский край,Батуринская,населённый пункт,baturinskaya,578675,,45.79267,39.37065,3678,Europe/Moscow
72,Тамбовская область,Комсомолец,населённый пункт,komsomolets,545747,,52.7686,41.28683,3678,Europe/Moscow
42,Ленинградская область,Дружная Горка,населённый пункт,druzhnaya-gorka,564866,,59.28018,30.12709,3677,Europe/Moscow
90,Пермский край,Пожва,населённый пункт,pozhva,505665,,59.0912,56.0901,3677,Asia/Yekaterinburg
09,Белгородская область,Скородное,населённый пункт,skorodnoe,492351,,51.071,37.22756,3677,Europe/Moscow
63,Республика Саха (Якутия),Хатассы,населённый пункт,hatassy,2022564,,61.90638,129.63302,3676,Asia/Yakutsk
79,Республика Тыва,Хову-Аксы,населённый пункт,hovu-aksy,1503527,,51.13294,93.71286,3675,Asia/Krasnoyarsk
22,Кабардино-Балкарская Республика,Нижний Куркужин,населённый пункт,nizhniy-kurkuzhin,538711,,43.74833,43.34972,3674,Europe/Moscow
47,Московская область,Посёлок имени Тельмана,населённый пункт,posyolok-imeni-telmana,12129531,,55.56444,38.03902,3673,Europe/Moscow
41,Курская область,Тим,город,tim,482986,,51.62576,37.12733,3673,Europe/Moscow
06,Архангельская область,Мезень,город,mezen,527321,,65.84364,44.24643,3672,Europe/Moscow
92,Камчатский край,Палана,город,palana,2122262,,59.08418,159.95623,3671,Asia/Kamchatka
70,Ставропольский край,Преградное,населённый пункт,pregradnoe,505538,,45.82183,41.74692,3671,Europe/Moscow
27,Карачаево-Черкесская Республика,Адыге-Хабль,населённый пункт,adyge-habl,584221,,44.33434,41.93922,3666,Europe/Moscow
66,Санкт-Петербург,Левашово,населённый пункт,levashovo,535544,,60.10369,30.20683,3665,Europe/Moscow
17,Республика Дагестан,Уллубийаул,населённый пункт,ullubiyaul,479241,,42.59689,47.71825,3665,Europe/Moscow
10,Брянская область,Путевка,населённый пункт,putevka,856829,,53.25937,34.29675,3656,Europe/Moscow
83,Владимирская область,Золотково,населённый пункт,zolotkovo,462203,,55.5281,41.1053,3655,Europe/Moscow
46,Республика Мордовия,Барашево,населённый пункт,barashevo,579147,,54.5325,42.87917,3651,Europe/Moscow
25,Калужская область,Куровское,населённый пункт,kurovskoe,815857,,54.54299,36.00262,3648,Europe/Moscow
73,Республика Татарстан,Столбищи,населённый пункт,stolbischi,487444,,55.64679,49.21595,3648,Europe/Moscow
79,Республика Тыва,Сукпак,населённый пункт,sukpak,1490676,,51.646,94.267,3648,Asia/Krasnoyarsk
71,Свердловская область,Пелым,населённый пункт,pelym,1495385,,61.016,61.988,3647,Asia/Yekaterinburg
86,Воронежская область,Углянец,населённый пункт,uglyanets,479512,,51.8205,39.5955,3647,Europe/Moscow
71,Свердловская область,Черноисточинск,населённый пункт,chernoistochinsk,568797,,57.73639,59.87194,3646,Asia/Yekaterinburg
06,Архангельская область,Кизема,населённый пункт,kizema,547871,,61.11304,44.83017,3644,Europe/Moscow
65,Самарская область,Георгиевка,населённый пункт,georgievka,561633,,53.27438,50.99848,3638,Europe/Samara
70,Ставропольский край,Бурлатское,населённый пункт,burlatskoe,570785,,45.05639,43.635,3637,Europe/Moscow
17,Республика Дагестан,Хучни,город,huchni,549175,,41.95137,47.94892,3637,Europe/Moscow
88,Ярославская область,Брейтово,город,breytovo,571634,,58.29925,37.86172,3632,Europe/Moscow
88,Ярославская область,Новый Некоуз,город,novyy-nekouz,516935,,57.9043,38.06729,3629,Europe/Moscow
04,Алтайский край,Калманка,город,kalmanka,1504985,,52.8998,83.54262,3628,Asia/Barnaul
63,Республика Саха (Якутия),Зырянка,город,zyryanka,2119283,,65.73539,150.89387,3627,Asia/Magadan
42,Ленинградская область,Ефимовский,населённый пункт,efimovskiy,468409,,59.49639,34.67222,3622,Europe/Moscow
17,Республика Дагестан,Дружба,населённый пункт,druzhba,801983,,42.242,48.00145,3621,Europe/Moscow
06,Архангельская область,Пинега,населённый пункт,pinega,509483,,64.69969,43.39016,3620,Europe/Moscow
51,Нижегородская область,Лукино,населённый пункт,lukino,533484,,56.44183,43.62932,3619,Europe/Moscow
17,Республика Дагестан,Эрпели,населённый пункт,erpeli,563425,,42.80584,46.97732,3619,Europe/Moscow
67,Саратовская область,Каменский,населённый пункт,kamenskiy,553416,,50.88547,45.48801,3617,Europe/Saratov
46,Республика Мордовия,Сосновка,населённый пункт,sosnovka,490300,,54.71161,43.29774,3616,Europe/Moscow
30,Хабаровский край,Де-Кастри,населённый пункт,de-kastri,2126018,,51.47498,140.77022,3615,Asia/Vladivostok
81,Ульяновская область,Силикатный,населённый пункт,silikatnyy,492970,,53.98957,48.32749,3614,Europe/Ulyanovsk
61,Ростовская область,Николаевская,населённый пункт,nikolaevskaya,521870,,47.61391,41.5023,3613,Europe/Moscow
57,Пензенская область,Кондоль,населённый пункт,kondol,545630,,52.81889,45.05798,3612,Europe/Moscow
17,Республика Дагестан,Мискинджи,населённый пункт,miskindzhi,526185,,41.42402,47.84669,3611,Europe/Moscow
70,Ставропольский край,Северное,населённый пункт,severnoe,496385,,44.83194,42.85833,3607,Europe/Moscow
59,Приморский край,Чкаловское,населённый пункт,chkalovskoe,2025325,,44.83799,133.04394,3606,Asia/Vladivostok
37,Костромская область,Кологрив,город,kologriv,546282,,58.82667,44.31831,3605,Europe/Moscow
71,Свердловская область,Шамары,населённый пункт,shamary,495904,,57.3434,58.21988,3605,Asia/Yekaterinburg
59,Приморский край,Барабаш,населённый пункт,barabash,2027142,,43.19948,131.49185,3603,Asia/Vladivostok
27,Карачаево-Черкесская Республика,Кызыл-Октябрьский,населённый пункт,kyzyl-oktyabrskiy,537326,,43.8257,41.78605,3603,Europe/Moscow
86,Воронежская область,Верхняя Тишанка,населённый пункт,verhnyaya-tishanka,474473,,51.3249,40.5299,3602,Europe/Moscow
67,Саратовская область,Пинеровка,населённый пункт,pinerovka,509475,,51.562,43.0689,3602,Europe/Saratov
38,Краснодарский край,Новобейсугская,населённый пункт,novobeysugskaya,519015,,45.47195,39.88614,3601,Europe/Moscow
08,Республика Башкортостан,Абзаково,населённый пункт,abzakovo,584329,,53.82861,58.59333,3600,Asia/Yekaterinburg
47,Московская область,Архангельское,населённый пункт,arhangelskoe,580993,,55.85486,35.32873,3600,Europe/Moscow
47,Московская область,Архангельское,населённый пункт,arhangelskoe,580994,,55.78791,37.29984,3600,Europe/Moscow
84,Волгоградская область,Эльтон,населённый пункт,elton,563495,,49.1273,46.84703,3600,Europe/Volgograd
17,Республика Дагестан,Гимра,населённый пункт,gimra,561472,,42.75974,46.83959,3599,Europe/Moscow
34,Республика Коми,Ижма,город,izhma,554830,,65.00798,53.91126,3599,Europe/Moscow
72,Тамбовская область,Сатинка,город,satinka,498430,,52.37532,41.67161,3599,Europe/Moscow
17,Республика Дагестан,Сабнова,населённый пункт,sabnova,499649,,42.06316,48.25326,3598,Europe/Moscow
45,Республика Марий Эл,Суслонгер,населённый пункт,suslonger,485964,,56.31556,48.25306,3597,Europe/Moscow
61,Ростовская область,Пешково,населённый пункт,peshkovo,510539,,47.01659,39.39156,3596,Europe/Moscow
42,Ленинградская область,Синявино,населённый пункт,sinyavino,492712,,59.90781,31.0711,3593,Europe/Moscow
06,Архангельская область,Уемский,район города,uemskiy,477579,,64.4743,40.8524,3593,Europe/Moscow
08,Республика Башкортостан,Булгаково,населённый пункт,bulgakovo,571000,,54.4968,55.8843,3591,Asia/Yekaterinburg
05,Амурская область,Овсянка,населённый пункт,ovsyanka,2018214,,53.58019,126.90055,3588,Asia/Yakutsk
51,Нижегородская область,Виля,населённый пункт,vilya,473611,,55.24556,42.20889,3584,Europe/Moscow
46,Республика Мордовия,Ударный,населённый пункт,udarnyy,826996,,54.3409,42.8611,3581,Europe/Moscow
38,Краснодарский край,Новоалексеевская,населённый пункт,novoalekseevskaya,519085,,44.81889,40.93389,3578,Europe/Moscow
93,Забайкальский край,Калга,город,kalga,2023286,,50.92506,118.89911,3573,Asia/Chita
71,Свердловская область,Покровское,населённый пункт,pokrovskoe,1494603,,56.4704,61.6092,3573,Asia/Yekaterinburg
13,Челябинская область,Тюбук,населённый пункт,tyubuk,1488788,,56.05521,60.9405,3573,Asia/Yekaterinburg
38,Краснодарский край,Новоукраинский,населённый пункт,novoukrainskiy,517769,,44.8942,38.04886,3572,Europe/Moscow
28,Республика Карелия,Ляскеля,населённый пункт,lyaskelya,532825,,61.76322,31.00616,3571,Europe/Moscow
65,Самарская область,Серноводск,населённый пункт,sernovodsk,496568,,53.92293,51.25704,3570,Europe/Samara
47,Московская область,Константиново,населённый пункт,konstantinovo,545282,,56.55,38.03333,3565,Europe/Moscow
42,Ленинградская область,Гостилицы,населённый пункт,gostilitsy,559242,,59.74832,29.62205,3563,Europe/Moscow
90,Пермский край,Лобаново,населённый пункт,lobanovo,534639,,57.8595,56.3026,3563,Asia/Yekaterinburg
21,Ивановская область,Ильинское-Хованское,город,ilinskoe-hovanskoe,557060,,56.97269,39.76611,3562,Europe/Moscow
13,Челябинская область,Бобровский,населённый пункт,bobrovskiy,1509955,,54.047,61.7455,3560,Asia/Yekaterinburg
89,Еврейская автономная область,Приамурский,населённый пункт,priamurskiy,2017648,,48.52672,134.90699,3560,Asia/Vladivostok
93,Забайкальский край,Баляга,населённый пункт,balyaga,2027173,,51.15455,108.91461,3559,Asia/Chita
42,Ленинградская область,Бегуницы,населённый пункт,begunitsy,578326,,59.58552,29.31757,3558,Europe/Moscow
01,Республика Адыгея,Кужорская,населённый пункт,kuzhorskaya,537915,,44.67512,40.31032,3556,Europe/Moscow
59,Приморский край,Екатериновка,населённый пункт,ekaterinovka,2013030,,42.92337,133.04886,3555,Asia/Vladivostok
29,Кемеровская область,Старопестерево,населённый пункт,staropesterevo,1490966,,54.5001,86.4094,3554,Asia/Novokuznetsk
59,Приморский край,Лазо,город,lazo,2020888,,43.38298,133.90362,3551,Asia/Vladivostok
12,Чеченская Республика,Зандак,населённый пункт,zandak,465019,,43.0571,46.45566,3549,Europe/Moscow
03,Республика Алтай,Усть-Кан,город,ust-kan,1488190,,50.93254,84.76608,3547,Asia/Barnaul
71,Свердловская область,Совхозный,населённый пункт,sovhoznyy,1491215,,56.5599,61.426,3546,Asia/Yekaterinburg
80,Удмуртская Республика,Хохряки,населённый пункт,hohryaki,549844,,56.91561,53.3221,3544,Europe/Samara
24,Республика Калмыкия,Аршань,населённый пункт,arshan,580862,,46.2732,44.22,3542,Europe/Moscow
47,Московская область,Любучаны,населённый пункт,lyubuchany,532477,,55.25088,37.54988,3537,Europe/Moscow
70,Ставропольский край,Кевсала,населённый пункт,kevsala,550918,,45.79833,42.69028,3532,Europe/Moscow
53,Новосибирская область,Половинное,населённый пункт,polovinnoe,1494525,,53.75671,79.24327,3530,Asia/Novosibirsk
07,Астраханская область,Тамбовка,населённый пункт,tambovka,484644,,47.31528,47.37773,3528,Europe/Astrakhan
12,Чеченская Республика,Герзель-Аул,населённый пункт,gerzel-aul,561534,,43.24728,46.40249,3527,Europe/Moscow
22,Кабардино-Балкарская Республика,Каменка,населённый пункт,kamenka,553778,,43.53333,43.51667,3525,Europe/Moscow
70,Ставропольский край,Сухая Буйвола,населённый пункт,suhaya-buyvola,486725,,45.15333,42.99556,3525,Europe/Moscow
08,Республика Башкортостан,Темясово,населённый пункт,temyasovo,483650,,52.99333,58.10139,3524,Asia/Yekaterinburg
86,Воронежская область,Слобода,район города,sloboda,492042,,51.1421,40.3021,3519,Europe/Moscow
16,Чувашская Республика,Атлашево,населённый пункт,atlashevo,827792,,56.01235,47.55615,3515,Europe/Moscow
17,Республика Дагестан,Урма,населённый пункт,urma,478704,,42.53894,47.28639,3515,Europe/Moscow
38,Краснодарский край,Глубокий,населённый пункт,glubokiy,561148,,44.94673,41.01845,3513,Europe/Moscow
71,Свердловская область,Бутка,населённый пункт,butka,1508589,,56.71788,63.78661,3510,Asia/Yekaterinburg
11,Республика Бурятия,Наушки,населённый пункт,naushki,2019429,,50.38278,106.10556,3510,Asia/Irkutsk
05,Амурская область,Тыгда,населённый пункт,tygda,2014743,,53.11283,126.32979,3510,Asia/Yakutsk
38,Краснодарский край,Юровка,населённый пункт,yurovka,466314,,45.1147,37.41882,3510,Europe/Moscow
85,Вологодская область,Сазоново,населённый пункт,sazonovo,498035,,59.0919,35.2268,3509,Europe/Moscow
33,Кировская область,Мирный,населённый пункт,mirnyy,526347,,58.49333,47.65389,3508,Europe/Kirov
65,Самарская область,Новый Буян,населённый пункт,novyy-buyan,517218,,53.68611,50.04691,3508,Europe/Samara
08,Республика Башкортостан,Маячный,населённый пункт,mayachnyy,528380,,52.6839,55.685,3506,Asia/Yekaterinburg
62,Рязанская область,Мурмино,населённый пункт,murmino,524298,,54.6043,40.0549,3506,Europe/Moscow
38,Краснодарский край,Красное,населённый пункт,krasnoe,542125,,46.73563,39.56618,3504,Europe/Moscow
17,Республика Дагестан,Гапцах,населённый пункт,gaptsah,562016,,41.45174,47.93027,3501,Europe/Moscow
76,Тульская область,Барсуки,населённый пункт,barsuki,579000,,54.26548,37.48746,3500,Europe/Moscow
47,Московская область,Володарский,населённый пункт,volodarskiy,472487,,55.50349,37.94174,3500,Europe/Moscow
73,Республика Татарстан,Свияжск,населённый пункт,sviyazhsk,485516,,55.77329,48.66051,3500,Europe/Moscow
70,Ставропольский край,Канглы,населённый пункт,kangly,553138,,44.25444,43.03083,3494,Europe/Moscow
63,Республика Саха (Якутия),Кысыл-Сыр,населённый пункт,kysyl-syr,2021017,,63.89482,122.7654,3491,Asia/Yakutsk
10,Брянская область,Свень,населённый пункт,sven,485785,,53.18222,34.55111,3491,Europe/Moscow
67,Саратовская область,Советское,населённый пункт,sovetskoe,489990,,51.44281,46.74336,3490,Europe/Saratov
90,Пермский край,Бершеть,населённый пункт,bershet,576745,,57.7309,56.3783,3489,Asia/Yekaterinburg
84,Волгоградская область,Октябрьский,населённый пункт,oktyabrskiy,7442441,,48.655,43.804,3489,Europe/Volgograd
33,Кировская область,Стулово,населённый пункт,stulovo,486983,,58.7225,50.14389,3488,Europe/Kirov
63,Республика Саха (Якутия),Депутатский,населённый пункт,deputatskiy,2028164,,69.30958,139.97571,3484,Asia/Vladivostok
22,Кабардино-Балкарская Республика,Плановское,населённый пункт,planovskoe,509139,,43.39846,44.1949,3482,Europe/Moscow
55,Оренбургская область,Каргала,населённый пункт,kargala,484127,,51.94952,55.17314,3478,Asia/Yekaterinburg
79,Республика Тыва,Самагалтай,город,samagaltay,1493155,,50.60148,95.0003,3477,Asia/Krasnoyarsk
51,Нижегородская область,Горбатовка,населённый пункт,gorbatovka,560281,,56.25716,43.74577,3476,Europe/Moscow
83,Владимирская область,Гусевский,населённый пункт,gusevskiy,557842,,55.66199,40.56267,3473,Europe/Moscow
52,Новгородская область,Угловка,населённый пункт,uglovka,479523,,58.23917,33.51083,3472,Europe/Moscow
88,Ярославская область,Волга,населённый пункт,volga,472777,,57.95157,38.38785,3469,Europe/Moscow
04,Алтайский край,Новые Зори,населённый пункт,novye-zori,1539142,,53.24778,83.425,3469,Asia/Barnaul
13,Челябинская область,Бродокалмак,населённый пункт,brodokalmak,1508802,,55.5748,62.082,3466,Asia/Yekaterinburg
33,Кировская область,Костино,населённый пункт,kostino,543939,,58.90966,53.26907,3466,Europe/Kirov
47,Московская область,Снегири,населённый пункт,snegiri,491538,,55.88867,37.02421,3465,Europe/Moscow
17,Республика Дагестан,Уцмиюрт,населённый пункт,utsmiyurt,477682,,43.53481,46.46952,3464,Europe/Moscow
72,Тамбовская область,Пичаево,город,pichaevo,509649,,53.23449,42.20338,3463,Europe/Moscow
63,Республика Саха (Якутия),Среднеколымск,город,srednekolymsk,2121025,,67.45588,153.70399,3459,Asia/Magadan
44,Магаданская область,Сеймчан,город,seymchan,2121373,,62.93242,152.39431,3455,Asia/Magadan
78,Тюменская область,Сладковское,город,sladkovskoe,1491719,,55.52835,70.33854,3455,Asia/Yekaterinburg
65,Самарская область,Междуреченск,населённый пункт,mezhdurechensk,527300,,53.2665,49.1116,3454,Europe/Samara
91,Красноярский край,Рассвет,населённый пункт,rassvet,1493783,,56.999,91.4724,3454,Asia/Krasnoyarsk
43,Липецкая область,Сырское,населённый пункт,syrskoe,485153,,52.571,39.531,3454,Europe/Moscow
29,Кемеровская область,Белогорск,населённый пункт,belogorsk,1510514,,55.01778,88.48972,3452,Asia/Novokuznetsk
59,Приморский край,Восток,населённый пункт,vostok,2013279,,46.4519,135.82774,3452,Asia/Vladivostok
71,Свердловская область,Левиха,населённый пункт,leviha,535505,,57.58361,59.90028,3452,Asia/Yekaterinburg
78,Тюменская область,Московский,населённый пункт,moskovskiy,1498365,,57.11108,65.42298,3450,Asia/Yekaterinburg
42,Ленинградская область,Мшинская,населённый пункт,mshinskaya,525988,,59.015,29.94333,3450,Europe/Moscow
84,Волгоградская область,Савинка,населённый пункт,savinka,498295,,50.07848,47.09936,3449,Europe/Volgograd
29,Кемеровская область,Кузедеево,населённый пункт,kuzedeevo,1501118,,53.3308,87.2019,3448,Asia/Novokuznetsk
51,Нижегородская область,Чернуха,населённый пункт,chernuha,568615,,55.59739,43.7556,3448,Europe/Moscow
34,Республика Коми,Сангородок,населённый пункт,sangorodok,493600,,63.52665,53.60582,3446,Europe/Moscow
61,Ростовская область,Новобессергеневка,населённый пункт,novobessergenevka,519016,,47.18506,38.84759,3445,Europe/Moscow
10,Брянская область,Радица-Крыловка,населённый пункт,raditsa-krylovka,503248,,53.31639,34.3583,3443,Europe/Moscow
17,Республика Дагестан,Гагатли,населённый пункт,gagatli,560849,,42.8013,46.29162,3442,Europe/Moscow
70,Ставропольский край,Дмитриевская,населённый пункт,dmitrievskaya,565979,,45.80529,41.89667,3442,Europe/Moscow
80,Удмуртская Республика,Кама,населённый пункт,kama,553878,,56.30512,54.09361,3439,Europe/Samara
47,Московская область,Черкизово,населённый пункт,cherkizovo,569144,,55.97583,37.7875,3439,Europe/Moscow
70,Ставропольский край,Тищенское,населённый пункт,tischenskoe,482742,,45.46056,41.67382,3437,Europe/Moscow
28,Республика Карелия,Поросозеро,населённый пункт,porosozero,506232,,62.71912,32.72703,3436,Europe/Moscow
47,Московская область,Речицы,населённый пункт,rechitsy,502345,,55.59754,38.47134,3436,Europe/Moscow
05,Амурская область,Талдан,населённый пункт,taldan,2015646,,53.69052,124.81704,3436,Asia/Yakutsk
67,Саратовская область,Черкасское,населённый пункт,cherkasskoe,569170,,52.42895,47.21048,3434,Europe/Saratov
29,Кемеровская область,Красное,населённый пункт,krasnoe,1502013,,54.6068,85.3899,3426,Asia/Novokuznetsk
17,Республика Дагестан,Сиух,населённый пункт,siuh,492596,,42.5999,46.54462,3425,Europe/Moscow
47,Московская область,Атепцево,населённый пункт,ateptsevo,580431,,55.32364,36.75002,3424,Europe/Moscow
22,Кабардино-Балкарская Республика,Белая Речка,населённый пункт,belaya-rechka,578140,,43.43806,43.535,3424,Europe/Moscow
77,Тверская область,Куженкино,населённый пункт,kuzhenkino,537935,,57.76111,33.95083,3424,Europe/Moscow
61,Ростовская область,Калинин,населённый пункт,kalinin,554269,,47.24649,39.50533,3423,Europe/Moscow
17,Республика Дагестан,Герейхановский,населённый пункт,gereyhanovskiy,556779,,41.7011,48.28113,3418,Europe/Moscow
93,Забайкальский край,Шелопугино,город,shelopugino,2016757,,51.65215,117.56234,3416,Asia/Chita
05,Амурская область,Ромны,город,romny,2017409,,50.71892,129.29284,3413,Asia/Yakutsk
38,Краснодарский край,Дмитриевская,населённый пункт,dmitrievskaya,566000,,45.65639,40.76528,3412,Europe/Moscow
07,Астраханская область,Яндыки,населённый пункт,yandyki,469151,,45.76913,47.12577,3411,Europe/Astrakhan
59,Приморский край,Горнореченский,населённый пункт,gornorechenskiy,2023929,,44.26393,135.11427,3409,Asia/Vladivostok
77,Тверская область,Эммаусс,населённый пункт,emmauss,563481,,56.78055,36.115,3404,Europe/Moscow
90,Пермский край,Ферма,населённый пункт,ferma,824094,,57.9016,56.3064,3402,Asia/Yekaterinburg
80,Удмуртская Республика,Грахово,город,grahovo,559073,,56.05017,51.96758,3400,Europe/Samara
13,Челябинская область,Усть-Багаряк,населённый пункт,ust-bagaryak,1488258,,56.13278,61.84722,3400,Asia/Yekaterinburg
86,Воронежская область,Абрамовка,населённый пункт,abramovka,584401,,51.1886,41.0202,3396,Europe/Moscow
01,Республика Адыгея,Понежукай,населённый пункт,ponezhukay,506680,,44.88761,39.38551,3390,Europe/Moscow
88,Ярославская область,Дубки,населённый пункт,dubki,564745,,57.5283,39.738,3385,Europe/Moscow
25,Калужская область,Кудиново,населённый пункт,kudinovo,539885,,54.99939,36.25331,3381,Europe/Moscow
20,Иркутская область,Оек,населённый пункт,oek,2018207,,52.58611,104.45556,3380,Asia/Irkutsk
17,Республика Дагестан,Учкент,населённый пункт,uchkent,869346,,43.11427,47.08255,3380,Europe/Moscow
47,Московская область,Рогачево,населённый пункт,rogachevo,501666,,56.43212,37.16078,3379,Europe/Moscow
17,Республика Дагестан,Муги,населённый пункт,mugi,524602,,42.29944,47.42077,3377,Europe/Moscow
01,Республика Адыгея,Натырбово,населённый пункт,natyrbovo,523269,,44.73,40.62639,3377,Europe/Moscow
78,Тюменская область,Новоселезнево,населённый пункт,novoseleznevo,1492827,,55.68207,69.20562,3377,Asia/Yekaterinburg
81,Ульяновская область,Ундоры,населённый пункт,undory,479021,,54.60849,48.39276,3376,Europe/Ulyanovsk
07,Астраханская область,Яксатово,населённый пункт,yaksatovo,469512,,46.24343,48.01514,3376,Europe/Astrakhan
03,Республика Алтай,Акташ,населённый пункт,aktash,1511997,,50.313,87.602,3374,Asia/Barnaul
34,Республика Коми,Кожва,населённый пункт,kozhva,543246,,65.10727,57.0459,3374,Europe/Moscow
70,Ставропольский край,Спицевка,населённый пункт,spitsevka,489671,,45.12306,42.5125,3374,Europe/Moscow
93,Забайкальский край,Букачача,населённый пункт,bukachacha,2026023,,52.98197,116.90108,3372,Asia/Chita
17,Республика Дагестан,Нурадилово,населённый пункт,nuradilovo,516730,,43.28447,46.45763,3371,Europe/Moscow
47,Московская область,Узуново,населённый пункт,uzunovo,477466,,54.53858,38.61734,3371,Europe/Moscow
04,Алтайский край,Чарышское,город,charyshskoe,1508427,,51.39845,83.56168,3371,Asia/Barnaul
17,Республика Дагестан,Курах,город,kurah,538994,,41.58488,47.78207,3364,Europe/Moscow
53,Новосибирская область,Ташара,населённый пункт,tashara,1490054,,55.5195,83.5094,3364,Asia/Novosibirsk
80,Удмуртская Республика,Пирогово,населённый пункт,pirogovo,509401,,56.77959,53.14954,3363,Europe/Samara
42,Ленинградская область,Толмачево,населённый пункт,tolmachevo,482390,,58.85621,29.90923,3361,Europe/Moscow
63,Республика Саха (Якутия),Табага,населённый пункт,tabaga,2015746,,61.85502,129.60022,3360,Asia/Yakutsk
70,Ставропольский край,Кара-Тюбе,населённый пункт,kara-tyube,797725,,44.63361,45.43694,3359,Europe/Moscow
34,Республика Коми,Айкино,город,aykino,580182,,62.22457,49.99392,3358,Europe/Moscow
43,Липецкая область,Каликино,населённый пункт,kalikino,554297,,52.9493,39.8269,3352,Europe/Moscow
52,Новгородская область,Кулотино,населённый пункт,kulotino,539389,,58.45,33.38333,3352,Europe/Moscow
38,Краснодарский край,Упорная,населённый пункт,upornaya,478920,,44.3914,41.0196,3350,Europe/Moscow
42,Ленинградская область,Павлово,населённый пункт,pavlovo,512063,,59.80861,30.89667,3348,Europe/Moscow
61,Ростовская область,Мелиховская,населённый пункт,melihovskaya,527751,,47.48106,40.48669,3346,Europe/Moscow
86,Воронежская область,Козловка,населённый пункт,kozlovka,543171,,50.86222,40.4519,3343,Europe/Moscow
38,Краснодарский край,Ахтанизовская,населённый пункт,ahtanizovskaya,583811,,45.32128,37.10071,3342,Europe/Moscow
79,Республика Тыва,Балгазын,населённый пункт,balgazyn,1510960,,51,95.2,3342,Asia/Krasnoyarsk
17,Республика Дагестан,Новые Викри,населённый пункт,novye-vikri,802002,,42.30054,47.99382,3338,Europe/Moscow
73,Республика Татарстан,Старое Дрожжаное,город,staroe-drozhzhanoe,488466,,54.72384,47.55652,3338,Europe/Moscow
32,Ханты-Мансийский автономный округ — Югра,Талинка,населённый пункт,talinka,13562569,,61.55065,66.44216,3333,Asia/Yekaterinburg
08,Республика Башкортостан,Чесноковка,населённый пункт,chesnokovka,568344,,54.61242,55.94575,3333,Asia/Yekaterinburg
09,Белгородская область,Бехтеевка,населённый пункт,behteevka,578283,,50.80706,37.21789,3332,Europe/Moscow
17,Республика Дагестан,Темир-Аул,населённый пункт,temir-aul,483699,,43.25322,46.8254,3331,Europe/Moscow
16,Чувашская Республика,Янтиково,населённый пункт,yantikovo,469049,,55.82158,47.91036,3331,Europe/Moscow
12,Чеченская Республика,Дышне-Ведено,населённый пункт,dyshne-vedeno,563744,,42.96435,46.11578,3330,Europe/Moscow
71,Свердловская область,Северка,населённый пункт,severka,1492637,,56.8688,60.3015,3325,Asia/Yekaterinburg
76,Тульская область,Приупский,населённый пункт,priupskiy,505129,,53.9096,37.736,3324,Europe/Moscow
07,Астраханская область,Аксарайский,населённый пункт,aksarayskiy,583683,,46.79244,48.01188,3323,Europe/Astrakhan
90,Пермский край,Павловский,населённый пункт,pavlovskiy,512027,,57.8424,54.84357,3323,Asia/Yekaterinburg
59,Приморский край,Чернышевка,населённый пункт,chernyshevka,2025460,,44.20149,133.13672,3319,Asia/Vladivostok
88,Ярославская область,Бурмакино,населённый пункт,burmakino,570770,,57.41663,40.23687,3318,Europe/Moscow
70,Ставропольский край,Елизаветинское,населённый пункт,elizavetinskoe,467850,,45.00722,43.34944,3316,Europe/Moscow
42,Ленинградская область,Аннино,населённый пункт,annino,581623,,59.77056,30.05611,3315,Europe/Moscow
53,Новосибирская область,Мочище,населённый пункт,mochische,1498589,,55.1586,83.1229,3314,Asia/Novosibirsk
70,Ставропольский край,Галюгаевская,населённый пункт,galyugaevskaya,562086,,43.69694,44.93444,3313,Europe/Moscow
07,Астраханская область,Марфино,населённый пункт,marfino,529376,,46.40852,48.71398,3312,Europe/Astrakhan
47,Московская область,Шатурторф,населённый пункт,shaturtorf,495515,,55.56711,39.42129,3312,Europe/Moscow
86,Воронежская область,Заболотовка,населённый пункт,zabolotovka,465934,,50.27798,39.31439,3308,Europe/Moscow
09,Белгородская область,Иловка,населённый пункт,ilovka,556967,,50.7053,38.6373,3308,Europe/Moscow
53,Новосибирская область,Новолуговое,населённый пункт,novolugovoe,1496976,,54.9792,83.1138,3308,Asia/Novosibirsk
64,Сахалинская область,Красногорск,населённый пункт,krasnogorsk,2124187,,48.41212,142.09286,3304,Asia/Sakhalin
38,Краснодарский край,Алексеевская,населённый пункт,alekseevskaya,582817,,45.77167,40.15528,3303,Europe/Moscow
67,Саратовская область,Красный Октябрь,населённый пункт,krasnyy-oktyabr,541573,,51.54018,45.70382,3303,Europe/Saratov
42,Ленинградская область,Вещево,населённый пункт,veschevo,474004,,60.73107,29.18305,3300,Europe/Moscow
04,Алтайский край,Зональное,город,zonalnoe,1484982,,52.6658,84.93863,3300,Asia/Barnaul
47,Московская область,Чашниково,населённый пункт,chashnikovo,569841,,56.03333,37.16667,3300,Europe/Moscow
22,Кабардино-Балкарская Республика,Эльбрус,населённый пункт,elbrus,563534,,43.25771,42.64435,3300,Europe/Moscow
28,Республика Карелия,Эссойла,населённый пункт,essoyla,563407,,61.86983,33.14901,3300,Europe/Moscow
88,Ярославская область,Ишня,населённый пункт,ishnya,555933,,57.1907,39.36004,3297,Europe/Moscow
81,Ульяновская область,Новочеремшанск,населённый пункт,novocheremshansk,518972,,54.35714,50.16662,3294,Europe/Ulyanovsk
81,Ульяновская область,Новая Малыкла,город,novaya-malykla,518619,,54.2046,49.93151,3292,Europe/Ulyanovsk
42,Ленинградская область,Рябово,населённый пункт,ryabovo,500184,,59.4,31.13333,3292,Europe/Moscow
52,Новгородская область,Кречевицы,населённый пункт,krechevitsy,541256,,58.61703,31.40101,3287,Europe/Moscow
10,Брянская область,Рогнедино,город,rognedino,501625,,53.80238,33.55898,3287,Europe/Moscow
08,Республика Башкортостан,Улу-Теляк,населённый пункт,ulu-telyak,479198,,54.9157,56.9827,3287,Asia/Yekaterinburg
47,Московская область,Ашитково,населённый пункт,ashitkovo,580616,,55.45173,38.59518,3285,Europe/Moscow
54,Омская область,Иртышский,населённый пункт,irtyshskiy,1505496,,54.81426,73.58722,3284,Asia/Omsk
03,Республика Алтай,Чемал,город,chemal,1508285,,51.4216,85.99055,3284,Asia/Barnaul
04,Алтайский край,Соколово,населённый пункт,sokolovo,1491535,,52.5318,84.7896,3281,Asia/Barnaul
42,Ленинградская область,Саперное,населённый пункт,sapernoe,498785,,60.71418,29.95525,3280,Europe/Moscow
51,Нижегородская область,Варнавино,город,varnavino,476982,,57.40169,45.08937,3278,Europe/Moscow
93,Забайкальский край,Нижний Цасучей,город,nizhniy-tsasuchey,2019118,,50.51127,115.12458,3278,Asia/Chita
76,Тульская область,Брусянский,населённый пункт,brusyanskiy,571492,,53.98492,38.03593,3277,Europe/Moscow
55,Оренбургская область,Матвеевка,населённый пункт,matveevka,528521,,52.15,56.18333,3276,Asia/Yekaterinburg
93,Забайкальский край,Курорт Дарасун,населённый пункт,kurort-darasun,2021207,,51.20173,113.71433,3275,Asia/Chita
86,Воронежская область,Средний Икорец,населённый пункт,sredniy-ikorets,489495,,51.06749,39.75838,3273,Europe/Moscow
70,Ставропольский край,Солуно-Дмитриевское,населённый пункт,soluno-dmitrievskoe,490747,,44.4074,42.724,3270,Europe/Moscow
22,Кабардино-Балкарская Республика,Жемтала,населённый пункт,zhemtala,463229,,43.28408,43.65586,3266,Europe/Moscow
80,Удмуртская Республика,Киясово,город,kiyasovo,547927,,56.34907,53.12439,3265,Europe/Samara
65,Самарская область,Варламово,населённый пункт,varlamovo,477004,,53.1897,48.4226,3264,Europe/Samara
17,Республика Дагестан,Луткун,населённый пункт,lutkun,799386,,41.48084,47.68578,3264,Europe/Moscow
90,Пермский край,Кочëво,город,koche-vo,546845,,59.60035,54.31501,3261,Asia/Yekaterinburg
51,Нижегородская область,Саваслейка,населённый пункт,savasleyka,498366,,55.4606,42.3207,3261,Europe/Moscow
28,Республика Карелия,Шуя,населённый пункт,shuya,493228,,61.95251,34.23271,3261,Europe/Moscow
71,Свердловская область,Уфимский,населённый пункт,ufimskiy,479553,,56.7084,58.0517,3260,Asia/Yekaterinburg
06,Архангельская область,Каменка,населённый пункт,kamenka,553609,,65.8835,44.1272,3258,Europe/Moscow
86,Воронежская область,Перелëшинский,населённый пункт,perele-shinskiy,511435,,51.71767,40.19563,3257,Europe/Moscow
42,Ленинградская область,Нурма,населённый пункт,nurma,516710,,59.55,31.01667,3256,Europe/Moscow
06,Архангельская область,Катунино,населённый пункт,katunino,551736,,64.392,40.627,3255,Europe/Moscow
12,Чеченская Республика,Белгатой,населённый пункт,belgatoy,578076,,43.18995,45.83082,3254,Europe/Moscow
38,Краснодарский край,Виноградный,населённый пункт,vinogradnyy,473546,,45.0561,37.32125,3250,Europe/Moscow
70,Ставропольский край,Круглолесское,населённый пункт,kruglolesskoe,540690,,44.65889,42.81417,3249,Europe/Moscow
31,Республика Хакасия,Подсинее,населённый пункт,podsinee,1494745,,53.66583,91.53639,3249,Asia/Krasnoyarsk
27,Карачаево-Черкесская Республика,Орджоникидзевский,населённый пункт,ordzhonikidzevskiy,515082,,43.84233,41.89636,3246,Europe/Moscow
90,Пермский край,Менделеево,населённый пункт,mendeleevo,527580,,58.16976,54.99634,3245,Asia/Yekaterinburg
41,Курская область,Ворошнево,населённый пункт,voroshnevo,471820,,51.652,36.05,3244,Europe/Moscow
13,Челябинская область,Канашево,населённый пункт,kanashevo,1504716,,55.2169,62.0634,3244,Asia/Yekaterinburg
47,Московская область,Ям,населённый пункт,yam,469341,,55.48785,37.74458,3244,Europe/Moscow
42,Ленинградская область,Глебычево,населённый пункт,glebychevo,561251,,60.43868,28.71826,3243,Europe/Moscow
27,Карачаево-Черкесская Республика,Красный Курган,населённый пункт,krasnyy-kurgan,541661,,43.94222,42.61083,3243,Europe/Moscow
91,Красноярский край,Пировское,населённый пункт,pirovskoe,1494941,,57.63012,92.26373,3241,Asia/Krasnoyarsk
59,Приморский край,Лазо,населённый пункт,lazo,2020887,,45.87022,133.6463,3240,Asia/Vladivostok
91,Красноярский край,Чунояр,населённый пункт,chunoyar,1507638,,57.4483,97.3286,3240,Asia/Krasnoyarsk
69,Смоленская область,Ершичи,город,ershichi,467134,,53.6727,32.75484,3239,Europe/Moscow
63,Республика Саха (Якутия),Жиганск,город,zhigansk,2012530,,66.76804,123.37658,3237,Asia/Yakutsk
38,Краснодарский край,Днепровская,населённый пункт,dneprovskaya,565892,,45.62359,38.80807,3236,Europe/Moscow
90,Пермский край,Майкор,населённый пункт,maykor,528288,,59.0047,55.8784,3236,Asia/Yekaterinburg
70,Ставропольский край,Орловка,населённый пункт,orlovka,514906,,44.69139,44.17444,3236,Europe/Moscow
84,Волгоградская область,Приморск,населённый пункт,primorsk,505271,,49.26532,45.02889,3235,Europe/Volgograd
64,Сахалинская область,Сокол,населённый пункт,sokol,2121103,,47.24404,142.75376,3228,Asia/Sakhalin
43,Липецкая область,Казаки,населённый пункт,kazaki,551535,,52.62484,38.26488,3227,Europe/Moscow
21,Ивановская область,Кузнечиха,населённый пункт,kuznechiha,537760,,57.21607,42.33477,3227,Europe/Moscow
37,Костромская область,Пыщуг,город,pyschug,503401,,58.88746,45.71658,3226,Europe/Moscow
52,Новгородская область,Любытино,город,lyubytino,532463,,58.81441,33.39196,3225,Europe/Moscow
17,Республика Дагестан,Куркент,населённый пункт,kurkent,538739,,41.71199,48.11531,3224,Europe/Moscow
55,Оренбургская область,Пригородный,населённый пункт,prigorodnyy,505376,,51.76608,55.26648,3222,Asia/Yekaterinburg
76,Тульская область,Ревякино,населённый пункт,revyakino,501978,,54.36517,37.66249,3220,Europe/Moscow
55,Оренбургская область,Красноярский,населённый пункт,krasnoyarskiy,542133,,51.965,59.89667,3218,Asia/Yekaterinburg
63,Республика Саха (Якутия),Нижний Бестях,город,nizhniy-bestyah,2019167,,61.96551,129.92225,3218,Asia/Yakutsk
78,Тюменская область,Успенка,населённый пункт,uspenka,1488288,,56.80158,69.22702,3217,Asia/Yekaterinburg
64,Сахалинская область,Отрада,населённый пункт,otrada,2122334,,44.06832,145.86454,3215,Asia/Magadan
71,Свердловская область,Кузино,населённый пункт,kuzino,537893,,57.0224,59.4412,3213,Asia/Yekaterinburg
23,Калининградская область,Донское,населённый пункт,donskoe,2609904,,54.93842,19.96821,3212,Europe/Kaliningrad
67,Саратовская область,Воскресенское,город,voskresenskoe,471639,,51.82194,46.93614,3211,Europe/Saratov
71,Свердловская область,Азанка,населённый пункт,azanka,1511146,,58.04012,64.78927,3210,Asia/Yekaterinburg
65,Самарская область,Хрящевка,населённый пункт,hryaschevka,549191,,53.8119,49.0916,3210,Europe/Samara
83,Владимирская область,Бавлены,населённый пункт,bavleny,578641,,56.39448,39.56504,3209,Europe/Moscow
87,Ямало-Ненецкий автономный округ,Мужи,населённый пункт,muzhi,1498161,,65.4003,64.70278,3209,Asia/Yekaterinburg
12,Чеченская Республика,Шаами-Юрт,населённый пункт,shaami-yurt,496204,,43.22647,45.38815,3209,Europe/Moscow
11,Республика Бурятия,Гусиное Озеро,населённый пункт,gusinoe-ozero,2023778,,51.11444,106.26139,3208,Asia/Irkutsk
42,Ленинградская область,Лесогорский,населённый пункт,lesogorskiy,535670,,61.04549,28.92938,3208,Europe/Moscow
91,Красноярский край,Хатанга,населённый пункт,hatanga,2022572,,71.98002,102.47111,3205,Asia/Krasnoyarsk
38,Краснодарский край,Кубанский,населённый пункт,kubanskiy,540055,,45.92917,40.58056,3200,Europe/Moscow
37,Костромская область,Парфеньево,город,parfenevo,512576,,58.48343,43.40633,3200,Europe/Moscow
28,Республика Карелия,Харлу,населённый пункт,harlu,550516,,61.80869,30.93783,3200,Europe/Moscow
25,Калужская область,Перемышль,город,peremyshl,511400,,54.2638,36.16029,3199,Europe/Moscow
69,Смоленская область,Стодолище,населённый пункт,stodolische,487464,,54.18594,32.64925,3198,Europe/Moscow
47,Московская область,Житнево,населённый пункт,zhitnevo,857691,,55.34233,37.91464,3193,Europe/Moscow
47,Московская область,Решетниково,населённый пункт,reshetnikovo,502069,,56.45,36.56667,3192,Europe/Moscow
71,Свердловская область,Исеть,населённый пункт,iset,1505472,,56.9779,60.3718,3191,Asia/Yekaterinburg
27,Карачаево-Черкесская Республика,Бесленей,населённый пункт,besleney,576695,,44.2405,41.7387,3189,Europe/Moscow
27,Карачаево-Черкесская Республика,Сары-Тюз,населённый пункт,sary-tyuz,498462,,43.90181,41.89523,3188,Europe/Moscow
71,Свердловская область,Староуткинск,населённый пункт,staroutkinsk,488593,,57.23017,59.33483,3188,Asia/Yekaterinburg
23,Калининградская область,Большое Исаково,населённый пункт,bolshoe-isakovo,825122,,54.71774,20.60284,3187,Europe/Kaliningrad
38,Краснодарский край,Переправная,населённый пункт,perepravnaya,511386,,44.3366,40.7849,3186,Europe/Moscow
46,Республика Мордовия,Кочкурово,город,kochkurovo,546798,,54.03805,45.43502,3185,Europe/Moscow
80,Удмуртская Республика,Пычас,населённый пункт,pychas,503453,,56.50332,52.44088,3183,Europe/Samara
51,Нижегородская область,Афонино,населённый пункт,afonino,584104,,56.26201,44.09503,3182,Europe/Moscow
08,Республика Башкортостан,Аксаково,населённый пункт,aksakovo,583692,,54.03333,54.15,3179,Asia/Yekaterinburg
22,Кабардино-Балкарская Республика,Куба-Таба,населённый пункт,kuba-taba,540042,,43.77611,43.44278,3179,Europe/Moscow
38,Краснодарский край,Губская,населённый пункт,gubskaya,558135,,44.31639,40.63583,3178,Europe/Moscow
08,Республика Башкортостан,Ломовка,населённый пункт,lomovka,534313,,53.91944,58.36722,3178,Asia/Yekaterinburg
33,Кировская область,Светлополянск,населённый пункт,svetlopolyansk,856673,,59.41836,52.36045,3176,Europe/Kirov
64,Сахалинская область,Троицкое,населённый пункт,troitskoe,2120452,,46.92025,142.63759,3176,Asia/Sakhalin
07,Астраханская область,Солянка,населённый пункт,solyanka,490737,,46.3889,48.01755,3173,Europe/Astrakhan
81,Ульяновская область,Мирный,населённый пункт,mirnyy,526354,,54.36607,48.72939,3171,Europe/Ulyanovsk
38,Краснодарский край,Прикубанский,населённый пункт,prikubanskiy,505345,,45.0015,41.1795,3168,Europe/Moscow
47,Московская область,Красный Ткач,населённый пункт,krasnyy-tkach,541401,,55.4721,39.08017,3166,Europe/Moscow
16,Чувашская Республика,Ишлей,населённый пункт,ishley,555950,,56.02317,47.05054,3160,Europe/Moscow
04,Алтайский край,Затон,населённый пункт,zaton,1485397,,53.29361,83.80722,3157,Asia/Barnaul
21,Ивановская область,Лух,город,luh,533555,,57.01036,42.25861,3157,Europe/Moscow
51,Нижегородская область,Ближне-Песочное,населённый пункт,blizhne-pesochnoe,576053,,55.3456,42.1015,3156,Europe/Moscow
38,Краснодарский край,Горное Лоо,населённый пункт,gornoe-loo,823676,,43.71294,39.60492,3156,Europe/Moscow
20,Иркутская область,Квиток,населённый пункт,kvitok,1501036,,56.0724,98.4813,3155,Asia/Irkutsk
68,Республика Северная Осетия — Алания,Карджин,населённый пункт,kardzhin,552555,,43.27368,44.29075,3154,Europe/Moscow
27,Карачаево-Черкесская Республика,Дружба,населённый пункт,druzhba,564929,,44.1953,42.017,3153,Europe/Moscow
07,Астраханская область,Нижний Баскунчак,населённый пункт,nizhniy-baskunchak,520798,,48.21978,46.83105,3153,Europe/Astrakhan
13,Челябинская область,Тимирязевский,населённый пункт,timiryazevskiy,1540853,,54.92917,60.7625,3153,Asia/Yekaterinburg
88,Ярославская область,Туношна,населённый пункт,tunoshna,480410,,57.54589,40.12543,3152,Europe/Moscow
70,Ставропольский край,Этока,населённый пункт,etoka,563395,,43.913,43.037,3152,Europe/Moscow
30,Хабаровский край,Лососина,населённый пункт,lososina,2123688,,48.99943,140.31701,3151,Asia/Vladivostok
38,Краснодарский край,Шепси,населённый пункт,shepsi,494846,,44.0355,39.1474,3151,Europe/Moscow
46,Республика Мордовия,Татарская Пишля,населённый пункт,tatarskaya-pishlya,484122,,54.06085,44.89978,3150,Europe/Moscow
07,Астраханская область,Зензели,населённый пункт,zenzeli,463655,,45.92407,47.04739,3147,Europe/Astrakhan
70,Ставропольский край,Нагутское,населённый пункт,nagutskoe,523560,,44.4415,42.8762,3146,Europe/Moscow
70,Ставропольский край,Новоблагодарное,населённый пункт,novoblagodarnoe,519005,,44.14333,42.875,3146,Europe/Moscow
79,Республика Тыва,Хандагайты,город,handagayty,1503796,,50.73295,92.0756,3146,Asia/Krasnoyarsk
28,Республика Карелия,Вяртсиля,населённый пункт,vyartsilya,470762,,62.17645,30.69296,3145,Europe/Moscow
04,Алтайский край,Зудилово,населённый пункт,zudilovo,1484956,,53.4927,83.8937,3144,Asia/Barnaul
70,Ставропольский край,Комсомолец,населённый пункт,komsomolets,545752,,44.01972,43.56972,3143,Europe/Moscow
65,Самарская область,Елховка,город,elhovka,467819,,53.8669,50.28437,3142,Europe/Samara
38,Краснодарский край,Шедок,населённый пункт,shedok,495102,,44.2179,40.8487,3142,Europe/Moscow
61,Ростовская область,Летник,населённый пункт,letnik,535625,,46.011,41.2657,3141,Europe/Moscow
65,Самарская область,Подстепки,населённый пункт,podstepki,507977,,53.5151,49.1355,3140,Europe/Samara
06,Архангельская область,Приводино,населённый пункт,privodino,505112,,61.07599,46.50238,3140,Europe/Moscow
43,Липецкая область,Пригородка,населённый пункт,prigorodka,505395,,52.064,39.708,3140,Europe/Moscow
38,Краснодарский край,Ковалевское,населённый пункт,kovalevskoe,802629,,45.19417,40.97611,3139,Europe/Moscow
57,Пензенская область,Поим,населённый пункт,poim,507643,,53.02639,43.18721,3138,Europe/Moscow
38,Краснодарский край,Соколовское,населённый пункт,sokolovskoe,491158,,45.25833,40.67972,3138,Europe/Moscow
05,Амурская область,Белогорье,населённый пункт,belogore,2026892,,50.48549,127.65954,3136,Asia/Yakutsk
47,Московская область,Уваровка,населённый пункт,uvarovka,477629,,55.52925,35.60714,3136,Europe/Moscow
83,Владимирская область,Коммунар,населённый пункт,kommunar,545791,,56.11222,40.44666,3135,Europe/Moscow
71,Свердловская область,Гари,город,gari,1506676,,59.43134,62.35038,3134,Asia/Yekaterinburg
67,Саратовская область,Репное,населённый пункт,repnoe,502124,,51.5921,43.1861,3131,Europe/Saratov
12,Чеченская Республика,Хамби-Ирзе,населённый пункт,hambi-irze,803021,,43.23502,45.45302,3130,Europe/Moscow
22,Кабардино-Балкарская Республика,Верхний Куркужин,населённый пункт,verhniy-kurkuzhin,474940,,43.69556,43.27472,3129,Europe/Moscow
75,Томская область,Красный Яр,населённый пункт,krasnyy-yar,1501876,,57.1275,84.53028,3128,Asia/Tomsk
41,Курская область,Олымский,населённый пункт,olymskiy,515309,,51.682,38.17652,3128,Europe/Moscow
91,Красноярский край,Филимоново,населённый пункт,filimonovo,1506834,,56.20111,95.46111,3127,Asia/Krasnoyarsk
45,Республика Марий Эл,Сурок,населённый пункт,surok,826558,,56.44694,48.12139,3126,Europe/Moscow
49,Мурманская область,Североморск-3,населённый пункт,severomorsk-3,6696921,,68.87862,33.72631,3125,Europe/Moscow
33,Кировская область,Богородское,город,bogorodskoe,575514,,57.82922,50.75157,3123,Europe/Kirov
55,Оренбургская область,Подгородняя Покровка,населённый пункт,podgorodnyaya-pokrovka,508311,,51.82808,54.9874,3123,Asia/Yekaterinburg
04,Алтайский край,Солтон,город,solton,1491428,,52.84307,86.48019,3122,Asia/Barnaul
20,Иркутская область,Новонукутский,город,novonukutskiy,2015469,,53.70185,102.70996,3121,Asia/Irkutsk
47,Московская область,Красная Пойма,населённый пункт,krasnaya-poyma,542637,,55.00138,39.07997,3113,Europe/Moscow
78,Тюменская область,Червишёво,населённый пункт,chervishyovo,1507934,,56.94635,65.42782,3113,Asia/Yekaterinburg
60,Псковская область,Палкино,город,palkino,513051,,57.54089,28.01257,3112,Europe/Moscow
86,Воронежская область,Землянск,населённый пункт,zemlyansk,463690,,51.9041,38.7334,3111,Europe/Moscow
23,Калининградская область,Южный,населённый пункт,yuzhnyy,825760,,54.54837,20.59843,3111,Europe/Kaliningrad
20,Иркутская область,Покосное,населённый пункт,pokosnoe,2017842,,55.52583,101.05361,3110,Asia/Irkutsk
38,Краснодарский край,Староджерелиевская,населённый пункт,starodzherelievskaya,488839,,45.47599,38.2968,3106,Europe/Moscow
65,Самарская область,Дубовый Умёт,населённый пункт,dubovyy-umyot,564579,,52.97629,50.28569,3105,Europe/Samara
65,Самарская область,Осинки,населённый пункт,osinki,514572,,52.8432,49.5132,3103,Europe/Samara
61,Ростовская область,Лихой,населённый пункт,lihoy,535253,,48.12662,40.20556,3102,Europe/Moscow
49,Мурманская область,Пояконда,населённый пункт,poyakonda,505795,,66.59428,32.82088,3100,Europe/Moscow
42,Ленинградская область,Кипень,населённый пункт,kipen,504875,,59.67407,29.84977,3098,Europe/Moscow
22,Кабардино-Балкарская Республика,Нижний Черек,населённый пункт,nizhniy-cherek,520784,,43.51306,43.91389,3098,Europe/Moscow
70,Ставропольский край,Гражданское,населённый пункт,grazhdanskoe,559020,,44.23,42.7698,3097,Europe/Moscow
70,Ставропольский край,Соломенское,населённый пункт,solomenskoe,490914,,44.21667,44.35278,3096,Europe/Moscow
67,Саратовская область,Красный Яр,населённый пункт,krasnyy-yar,541341,,51.62917,46.42167,3095,Europe/Saratov
38,Краснодарский край,Мирской,населённый пункт,mirskoy,526296,,45.5439,40.3998,3095,Europe/Moscow
20,Иркутская область,Шумский,населённый пункт,shumskiy,1491977,,54.8318,99.1328,3095,Asia/Irkutsk
42,Ленинградская область,Щеглово,населённый пункт,scheglovo,495412,,60.02839,30.75289,3095,Europe/Moscow
29,Кемеровская область,Артышта,населённый пункт,artyshta,1511361,,54.1222,86.2909,3090,Asia/Novokuznetsk
91,Красноярский край,Ванавара,населённый пункт,vanavara,2013727,,60.34679,102.28434,3090,Asia/Krasnoyarsk
38,Краснодарский край,Высокое,населённый пункт,vysokoe,803498,,43.46304,39.96701,3090,Europe/Moscow
93,Забайкальский край,Дровяная,населённый пункт,drovyanaya,2024848,,51.5803,113.04478,3090,Asia/Chita
38,Краснодарский край,Красная Поляна,населённый пункт,krasnaya-polyana,542680,,45.0548,41.1031,3090,Europe/Moscow
44,Магаданская область,Синегорье,населённый пункт,sinegore,2121197,,62.08782,150.52162,3088,Asia/Magadan
73,Республика Татарстан,Айша,населённый пункт,aysha,580167,,55.87035,48.63187,3086,Europe/Moscow
47,Московская область,Луговая,населённый пункт,lugovaya,533651,,56.05,37.48333,3086,Europe/Moscow
20,Иркутская область,Алексеевская,населённый пункт,alekseevskaya,2027911,,57.85,108.4,3082,Asia/Irkutsk
28,Республика Карелия,Хелюля,населённый пункт,helyulya,550366,,61.739,30.689,3082,Europe/Moscow
70,Ставропольский край,Старопавловская,населённый пункт,staropavlovskaya,488706,,43.84889,43.63278,3081,Europe/Moscow
61,Ростовская область,Алмазный,населённый пункт,almaznyy,582447,,48.04476,40.04501,3080,Europe/Moscow
65,Самарская область,Балашейка,населённый пункт,balasheyka,579468,,53.2841,48.0851,3080,Europe/Samara
81,Ульяновская область,Красный Гуляй,населённый пункт,krasnyy-gulyay,541722,,54.02821,48.33327,3080,Europe/Ulyanovsk
47,Московская область,Молоково,населённый пункт,molokovo,525510,,55.56186,37.86492,3080,Europe/Moscow
70,Ставропольский край,Высоцкое,населённый пункт,vysotskoe,469991,,45.025,42.90639,3078,Europe/Moscow
08,Республика Башкортостан,Кабаково,населённый пункт,kabakovo,554692,,54.5369,56.1517,3078,Asia/Yekaterinburg
81,Ульяновская область,Измайлово,населённый пункт,izmaylovo,554791,,53.72114,47.24581,3075,Europe/Ulyanovsk
46,Республика Мордовия,Леплей,населённый пункт,lepley,826997,,54.3092,42.8599,3074,Europe/Moscow
11,Республика Бурятия,Исток,населённый пункт,istok,2023427,,52.09528,106.2475,3072,Asia/Irkutsk
86,Воронежская область,Дракино,населённый пункт,drakino,565052,,51.13898,39.40215,3071,Europe/Moscow
86,Воронежская область,Подклетное,населённый пункт,podkletnoe,508273,,51.5873,39.46004,3070,Europe/Moscow
62,Рязанская область,Заречный,населённый пункт,zarechnyy,464621,,53.7306,39.59437,3069,Europe/Moscow
57,Пензенская область,Поселки,населённый пункт,poselki,506123,,53.13236,46.50307,3069,Europe/Moscow
68,Республика Северная Осетия — Алания,Терская,населённый пункт,terskaya,483281,,43.72376,44.72442,3069,Europe/Moscow
38,Краснодарский край,Ирклиевская,населённый пункт,irklievskaya,556170,,45.85635,39.65381,3068,Europe/Moscow
01,Республика Адыгея,Белое,населённый пункт,beloe,577817,,45.04832,39.65143,3067,Europe/Moscow
05,Амурская область,Соловьевск,населённый пункт,solovevsk,2016277,,54.23333,124.43333,3066,Asia/Yakutsk
21,Ивановская область,Новописцово,населённый пункт,novopistsovo,518344,,57.32177,41.8531,3064,Europe/Moscow
09,Белгородская область,Роговатое,населённый пункт,rogovatoe,501616,,51.23,38.3818,3062,Europe/Moscow
47,Московская область,Рождествено,населённый пункт,rozhdestveno,501012,,55.85444,37.04935,3062,Europe/Moscow
63,Республика Саха (Якутия),Усть-Мая,населённый пункт,ust-maya,2013918,,60.41553,134.54405,3062,Asia/Vladivostok
75,Томская область,Кедровый,город,kedrovyy,1540484,,57.5623,79.56865,3061,Asia/Tomsk
09,Белгородская область,Бессоновка,населённый пункт,bessonovka,576666,,50.52644,36.30107,3060,Europe/Moscow
60,Псковская область,Усвяты,город,usvyaty,477774,,55.74283,30.75194,3060,Europe/Moscow
16,Чувашская Республика,Шихазаны,населённый пункт,shihazany,494514,,55.56047,47.39297,3060,Europe/Moscow
83,Владимирская область,Арсаки,населённый пункт,arsaki,580881,,56.37993,38.47472,3059,Europe/Moscow
51,Нижегородская область,Таремское,населённый пункт,taremskoe,484367,,55.92889,43.04433,3059,Europe/Moscow
79,Республика Тыва,Бай-Хаак,населённый пункт,bay-haak,1510690,,51.16105,94.46371,3058,Asia/Krasnoyarsk
46,Республика Мордовия,Парца,населённый пункт,partsa,826995,,54.3653,42.8617,3056,Europe/Moscow
51,Нижегородская область,Буревестник,населённый пункт,burevestnik,570827,,56.14403,43.78832,3054,Europe/Moscow
27,Карачаево-Черкесская Республика,Кавказский,город,kavkazskiy,551667,,44.26703,42.23219,3052,Europe/Moscow
12,Чеченская Республика,Ишхой-Юрт,населённый пункт,ishhoy-yurt,555962,,43.21278,46.38936,3051,Europe/Moscow
79,Республика Тыва,Суг-Аксы,город,sug-aksy,1490590,,51.40425,91.27881,3051,Asia/Krasnoyarsk
17,Республика Дагестан,Годобери,населённый пункт,godoberi,475133,,42.62666,46.11893,3049,Europe/Moscow
04,Алтайский край,Сростки,населённый пункт,srostki,1491088,,52.4209,85.69923,3049,Asia/Barnaul
90,Пермский край,Фролы,населённый пункт,froly,562341,,57.9214,56.2728,3047,Asia/Yekaterinburg
76,Тульская область,Жданковский,населённый пункт,zhdankovskiy,463446,,53.75321,38.17951,3046,Europe/Moscow
62,Рязанская область,Путянино,город,putyanino,503682,,54.16009,41.11736,3044,Europe/Moscow
71,Свердловская область,Щелкун,населённый пункт,schelkun,1492342,,56.30338,60.94831,3044,Asia/Yekaterinburg
41,Курская область,Кировский,населённый пункт,kirovskiy,548383,,51.41667,36.66667,3043,Europe/Moscow
34,Республика Коми,Зеленец,населённый пункт,zelenets,463880,,61.88485,50.74892,3040,Europe/Moscow
81,Ульяновская область,Глотовка,населённый пункт,glotovka,561179,,53.94906,46.70422,3039,Europe/Ulyanovsk
51,Нижегородская область,Сатис,населённый пункт,satis,498421,,54.9229,43.22977,3039,Europe/Moscow
42,Ленинградская область,Елизаветино,населённый пункт,elizavetino,467856,,59.49173,29.78153,3037,Europe/Moscow
55,Оренбургская область,Кардаилово,населённый пункт,kardailovo,552568,,51.53861,53.90417,3036,Asia/Yekaterinburg
01,Республика Адыгея,Блечепсин,населённый пункт,blechepsin,576080,,44.82028,40.50028,3031,Europe/Moscow
01,Республика Адыгея,Ходзь,населённый пункт,hodz,549891,,44.5102,40.7142,3028,Europe/Moscow
84,Волгоградская область,Антиповка,населённый пункт,antipovka,581540,,49.82994,45.31216,3021,Europe/Volgograd
42,Ленинградская область,Федоровское,населённый пункт,fedorovskoe,563057,,59.66306,30.53222,3013,Europe/Moscow
41,Курская область,Михайловка,населённый пункт,mihaylovka,526968,,52.2317,35.3767,3012,Europe/Moscow
93,Забайкальский край,Нерчинский Завод,город,nerchinskiy-zavod,2019323,,51.30843,119.61693,3012,Asia/Chita
78,Тюменская область,Онохино,населённый пункт,onohino,1496124,,56.92501,65.5394,3012,Asia/Yekaterinburg
90,Пермский край,Чайковская,населённый пункт,chaykovskaya,569743,,58.1288,55.5352,3007,Asia/Yekaterinburg
10,Брянская область,Гордеевка,город,gordeevka,560191,,52.9569,31.9703,3005,Europe/Moscow
88,Ярославская область,Песочное,населённый пункт,pesochnoe,510442,,58.00597,39.17717,3005,Europe/Moscow
17,Республика Дагестан,Тагиркент-Казмаляр,населённый пункт,tagirkent-kazmalyar,484889,,41.81548,48.50804,3005,Europe/Moscow
43,Липецкая область,Казинка,населённый пункт,kazinka,551330,,52.53817,39.82164,3002,Europe/Moscow
04,Алтайский край,Бобровка,населённый пункт,bobrovka,1509958,,53.18361,83.87639,3001,Asia/Barnaul
38,Краснодарский край,Абрау-Дюрсо,населённый пункт,abrau-dyurso,584365,,44.69973,37.60098,3000,Europe/Moscow
20,Иркутская область,Баклаши,населённый пункт,baklashi,2027221,,52.22509,104.03809,3000,Asia/Irkutsk
20,Иркутская область,Вознесенский,населённый пункт,voznesenskiy,7902065,,54.8968,99.1031,3000,Asia/Irkutsk
59,Приморский край,Емар,населённый пункт,emar,8260661,,43.20417,132.15643,3000,Asia/Vladivostok
47,Московская область,Костино,населённый пункт,kostino,543948,,56.03333,37.91667,3000,Europe/Moscow
83,Владимирская область,Муромцево,населённый пункт,muromtsevo,6930055,,55.93096,40.90738,3000,Europe/Moscow
28,Республика Карелия,Рускеала,населённый пункт,ruskeala,500502,,61.93191,30.58902,3000,Europe/Moscow
46,Республика Мордовия,Умёт,населённый пункт,umyot,479055,,54.11611,42.6975,3000,Europe/Moscow
47,Московская область,Чкаловский,район города,chkalovskiy,567896,,55.89534,38.07763,3000,Europe/Moscow
28,Республика Карелия,Янисъярви,населённый пункт,yanisyarvi,469081,,61.89127,30.94849,3000,Europe/Moscow
21,Ивановская область,Богородское,населённый пункт,bogorodskoe,575519,,57.04695,41.01354,2998,Europe/Moscow
25,Калужская область,Жилетово,населённый пункт,zhiletovo,463053,,54.69216,36.02225,2998,Europe/Moscow
29,Кемеровская область,Красногорский,населённый пункт,krasnogorskiy,1502113,,54.5471,86.281,2994,Asia/Novokuznetsk
51,Нижегородская область,Юганец,населённый пункт,yuganets,466710,,56.2508,43.23069,2991,Europe/Moscow
83,Владимирская область,Головино,населённый пункт,golovino,560646,,55.96128,40.42511,2990,Europe/Moscow
90,Пермский край,Керчевский,населённый пункт,kerchevskiy,551047,,59.9456,56.2959,2990,Asia/Yekaterinburg
61,Ростовская область,Углеродовский,населённый пункт,uglerodovskiy,479537,,48.14558,40.06352,2986,Europe/Moscow
32,Ханты-Мансийский автономный округ — Югра,Саранпауль,населённый пункт,saranpaul,1493049,,64.26102,60.90233,2985,Asia/Yekaterinburg
23,Калининградская область,Железнодорожный,населённый пункт,zheleznodorozhnyy,463356,,54.36013,21.30597,2984,Europe/Kaliningrad
34,Республика Коми,Летка,населённый пункт,letka,535639,,59.60111,49.42321,2984,Europe/Moscow
93,Забайкальский край,Новоорловск,населённый пункт,novoorlovsk,11205331,,51.07549,114.7261,2980,Asia/Chita
86,Воронежская область,Новая Чигла,населённый пункт,novaya-chigla,519777,,51.22219,40.47997,2978,Europe/Moscow
17,Республика Дагестан,Кубачи,населённый пункт,kubachi,540078,,42.08598,47.60338,2977,Europe/Moscow
06,Архангельская область,Подюга,населённый пункт,podyuga,507899,,61.095,40.86472,2977,Europe/Moscow
52,Новгородская область,Волховский,населённый пункт,volhovskiy,472714,,58.58,31.31641,2975,Europe/Moscow
29,Кемеровская область,Суслово,населённый пункт,suslovo,1490591,,56.21667,88.11667,2974,Asia/Novokuznetsk
06,Архангельская область,Ильинско-Подомское,город,ilinsko-podomskoe,557127,,61.12022,47.97627,2973,Europe/Moscow
27,Карачаево-Черкесская Республика,Правокубанский,населённый пункт,pravokubanskiy,865506,,43.907,41.883,2971,Europe/Moscow
71,Свердловская область,Луговской,населённый пункт,lugovskoy,1500252,,56.95849,64.52897,2969,Asia/Yekaterinburg
71,Свердловская область,Совхозный,населённый пункт,sovhoznyy,1493273,,56.76374,60.54938,2968,Asia/Yekaterinburg
47,Московская область,Горки-2,населённый пункт,gorki-2,559853,,55.72565,37.1635,2966,Europe/Moscow
49,Мурманская область,Ловозеро,город,lovozero,533933,,68.00557,35.01872,2963,Europe/Moscow
40,Курганская область,Просвет,населённый пункт,prosvet,1494071,,55.57028,65.0825,2961,Asia/Yekaterinburg
41,Курская область,Черниченские Дворы,населённый пункт,chernichenskie-dvory,568822,,51.50749,36.05067,2959,Europe/Moscow
51,Нижегородская область,Центральный,населённый пункт,tsentralnyy,480985,,56.297,42.78869,2958,Europe/Moscow
08,Республика Башкортостан,Миндяк,населённый пункт,mindyak,526489,,54.0231,58.7891,2955,Asia/Yekaterinburg
16,Чувашская Республика,Красные Четаи,населённый пункт,krasnye-chetai,541791,,55.68871,46.13865,2954,Europe/Moscow
79,Республика Тыва,Эрзин,населённый пункт,erzin,1506938,,50.26,95.1623,2952,Asia/Krasnoyarsk
06,Архангельская область,Конево,населённый пункт,konevo,545467,,62.11745,39.33131,2951,Europe/Moscow
73,Республика Татарстан,Тюлячи,город,tyulyachi,479850,,55.88889,50.23416,2949,Europe/Moscow
37,Костромская область,Павино,город,pavino,512247,,59.11501,46.14398,2947,Europe/Moscow
47,Московская область,Сычево,населённый пункт,sychevo,485273,,55.95771,36.22785,2947,Europe/Moscow
21,Ивановская область,Петровский,населённый пункт,petrovskiy,509926,,56.6421,40.32026,2943,Europe/Moscow
40,Курганская область,Китово,населённый пункт,kitovo,548040,,56.86586,41.28246,2934,Europe/Moscow
68,Республика Северная Осетия — Алания,Мизур,населённый пункт,mizur,525990,,42.85133,44.0544,2934,Europe/Moscow
93,Забайкальский край,Смоленка,населённый пункт,smolenka,2016405,,52.1414,113.50704,2933,Asia/Chita
42,Ленинградская область,Важины,населённый пункт,vazhiny,476297,,60.96444,34.02222,2926,Europe/Moscow
34,Республика Коми,Койгородок,город,koygorodok,543396,,60.44379,51.00342,2924,Europe/Moscow
12,Чеченская Республика,Итум-Кале,город,itum-kale,555681,,42.73599,45.57706,2922,Europe/Moscow
16,Чувашская Республика,Моргауши,населённый пункт,morgaushi,525280,,55.9643,46.7743,2922,Europe/Moscow
47,Московская область,Новый Быт,населённый пункт,novyy-byt,517215,,55.05857,37.61348,2922,Europe/Moscow
73,Республика Татарстан,Куйбышевский Затон,населённый пункт,kuybyshevskiy-zaton,538049,,55.1593,49.1701,2919,Europe/Moscow
33,Кировская область,Пинюг,населённый пункт,pinyug,509451,,60.25095,47.78425,2915,Europe/Kirov
21,Ивановская область,Колобово,населённый пункт,kolobovo,546374,,56.70199,41.34173,2910,Europe/Moscow
71,Свердловская область,Калиново,населённый пункт,kalinovo,1505003,,57.1317,60.1464,2901,Asia/Yekaterinburg
28,Республика Карелия,Рабочеостровск,населённый пункт,rabocheostrovsk,798536,,64.98507,34.77587,2900,Europe/Moscow
47,Московская область,Жаворонки,населённый пункт,zhavoronki,463465,,55.64943,37.10101,2899,Europe/Moscow
71,Свердловская область,Дружинино,населённый пункт,druzhinino,564878,,56.78945,59.51428,2897,Asia/Yekaterinburg
71,Свердловская область,Нейво-Рудянка,населённый пункт,neyvo-rudyanka,1497780,,57.3444,60.1343,2895,Asia/Yekaterinburg
22,Кабардино-Балкарская Республика,Бабугент,населённый пункт,babugent,579880,,43.27748,43.55056,2893,Europe/Moscow
81,Ульяновская область,Имени Владимира Ильича Ленина,населённый пункт,imeni-vladimira-ilicha-lenina,556480,,53.56422,46.9801,2889,Europe/Ulyanovsk
32,Ханты-Мансийский автономный округ — Югра,Агириш,населённый пункт,agirish,1512101,,61.92472,63.02306,2886,Asia/Yekaterinburg
16,Чувашская Республика,Аликово,населённый пункт,alikovo,582533,,55.73827,46.75493,2886,Europe/Moscow
64,Сахалинская область,Вахрушев,населённый пункт,vahrushev,2119964,,48.99399,142.85892,2884,Asia/Sakhalin
30,Хабаровский край,Майский,населённый пункт,mayskiy,2123371,,48.99855,140.20624,2883,Asia/Vladivostok
62,Рязанская область,Захарово,город,zaharovo,465446,,54.36821,39.27678,2882,Europe/Moscow
10,Брянская область,Малый Вышков,населённый пункт,malyy-vyshkov,470274,,52.4764,31.6873,2881,Europe/Moscow
34,Республика Коми,Синдор,населённый пункт,sindor,492860,,62.86286,51.89051,2880,Europe/Moscow
21,Ивановская область,Новые Горки,населённый пункт,novye-gorki,517144,,56.72535,41.06014,2877,Europe/Moscow
04,Алтайский край,Ая,населённый пункт,aya,1511217,,51.94532,85.80168,2876,Asia/Barnaul
38,Краснодарский край,Пшада,населённый пункт,pshada,504376,,44.47097,38.40317,2875,Europe/Moscow
08,Республика Башкортостан,Кудеевский,населённый пункт,kudeevskiy,539897,,54.87583,56.75667,2872,Asia/Yekaterinburg
47,Московская область,Черусти,населённый пункт,cherusti,568400,,55.54976,40.01071,2867,Europe/Moscow
32,Ханты-Мансийский автономный округ — Югра,Куминский,населённый пункт,kuminskiy,1501429,,58.66667,66.56667,2860,Asia/Yekaterinburg
20,Иркутская область,Баяндай,город,bayanday,2027004,,53.06142,105.50743,2854,Asia/Irkutsk
81,Ульяновская область,Игнатовка,населённый пункт,ignatovka,557531,,53.94787,47.6536,2853,Europe/Ulyanovsk
47,Московская область,Петрово-Дальнее,населённый пункт,petrovo-dalnee,509998,,55.74679,37.17347,2850,Europe/Moscow
71,Свердловская область,Полуночное,населённый пункт,polunochnoe,1494482,,60.86972,60.41528,2848,Asia/Yekaterinburg
06,Архангельская область,Двинской,населённый пункт,dvinskoy,563990,,62.1519,45.1184,2845,Europe/Moscow
04,Алтайский край,Петропавловское,город,petropavlovskoe,1495101,,52.07292,84.10854,2839,Asia/Barnaul
47,Московская область,Семхоз,населённый пункт,semhoz,497165,,56.28333,38.06667,2838,Europe/Moscow
32,Ханты-Мансийский автономный округ — Югра,Сингапай,населённый пункт,singapay,7536147,,61.15452,72.66072,2837,Asia/Yekaterinburg
05,Амурская область,Новорайчихинск,населённый пункт,novoraychihinsk,2018882,,49.78551,129.59322,2835,Asia/Yakutsk
38,Краснодарский край,Адагум,населённый пункт,adagum,584288,,45.09991,37.7253,2827,Europe/Moscow
47,Московская область,Фирсановка,населённый пункт,firsanovka,562625,,55.95361,37.24083,2824,Europe/Moscow
17,Республика Дагестан,Тпиг,город,tpig,481900,,41.78061,47.58907,2823,Europe/Moscow
13,Челябинская область,Нижний Уфалей,населённый пункт,nizhniy-ufaley,520473,,55.91528,59.98417,2818,Asia/Yekaterinburg
41,Курская область,Белая,город,belaya,578230,,51.05878,35.71088,2810,Europe/Moscow
05,Амурская область,Ушумун,населённый пункт,ushumun,2014038,,52.7862,126.54205,2808,Asia/Yakutsk
33,Кировская область,Пасегово,населённый пункт,pasegovo,512435,,58.50602,49.51383,2807,Europe/Kirov
47,Московская область,Тарасовка,населённый пункт,tarasovka,484449,,55.95722,37.84333,2807,Europe/Moscow
42,Ленинградская область,Колчаново,населённый пункт,kolchanovo,546534,,60.01647,32.58837,2802,Europe/Moscow
37,Костромская область,Георгиевское,город,georgievskoe,561593,,58.73187,45.02554,2800,Europe/Moscow
17,Республика Дагестан,Гелли,населённый пункт,gelli,561662,,42.72949,47.40176,2798,Europe/Moscow
49,Мурманская область,Печенга,населённый пункт,pechenga,511865,,69.52587,31.17027,2791,Europe/Moscow
21,Ивановская область,Плес,населённый пункт,ples,509029,,57.45862,41.51579,2790,Europe/Moscow
76,Тульская область,Каменецкий,населённый пункт,kamenetskiy,553791,,54.01353,38.22115,2788,Europe/Moscow
47,Московская область,Керва,населённый пункт,kerva,550973,,55.61167,39.57665,2784,Europe/Moscow
10,Брянская область,Ардонь,населённый пункт,ardon,581178,,52.73524,32.30857,2775,Europe/Moscow
47,Московская область,Лоза,населённый пункт,loza,12188499,,56.25922,38.21375,2775,Europe/Moscow
21,Ивановская область,Писцово,населённый пункт,pistsovo,509278,,57.17904,40.52983,2775,Europe/Moscow
90,Пермский край,Шахта,населённый пункт,shahta,496023,,59.0905,57.6575,2767,Asia/Yekaterinburg
87,Ямало-Ненецкий автономный округ,Старый Надым,населённый пункт,staryy-nadym,1490918,,65.61182,72.68417,2766,Asia/Yekaterinburg
17,Республика Дагестан,Алак,район города,alak,858019,,42.61841,46.14561,2764,Europe/Moscow
91,Красноярский край,Раздолинск,населённый пункт,razdolinsk,1493756,,58.418,94.616,2762,Asia/Krasnoyarsk
41,Курская область,Мантурово,город,manturovo,529507,,51.45471,37.12848,2755,Europe/Moscow
17,Республика Дагестан,Комсомольский,населённый пункт,komsomolskiy,545728,,43.97833,46.69852,2753,Europe/Moscow
17,Республика Дагестан,Советское,город,sovetskoe,489999,,42.44539,46.55161,2749,Europe/Moscow
77,Тверская область,Фирово,город,firovo,562627,,57.48135,33.70211,2746,Europe/Moscow
83,Владимирская область,Степанцево,населённый пункт,stepantsevo,487629,,56.13143,41.7032,2744,Europe/Moscow
61,Ростовская область,Милютинская,город,milyutinskaya,526504,,48.62823,41.66941,2743,Europe/Moscow
47,Московская область,Осташёво,населённый пункт,ostashyovo,514272,,55.86076,35.86401,2743,Europe/Moscow
17,Республика Дагестан,Тлох,населённый пункт,tloh,482599,,42.672,46.46829,2739,Europe/Moscow
77,Тверская область,Белый-Городок,населённый пункт,belyy-gorodok,577548,,56.965,37.5125,2735,Europe/Moscow
47,Московская область,Алабушево,населённый пункт,alabushevo,583491,,56.01667,37.15,2733,Europe/Moscow
47,Московская область,Рахманово,населённый пункт,rahmanovo,503106,,55.74401,38.61124,2733,Europe/Moscow
31,Республика Хакасия,Коммунар,населённый пункт,kommunar,1502758,,54.34835,89.28297,2730,Asia/Krasnoyarsk
67,Саратовская область,Пушкино,населённый пункт,pushkino,504000,,51.235,46.97417,2728,Europe/Saratov
47,Московская область,Колюбакино,населённый пункт,kolyubakino,545978,,55.668,36.53234,2724,Europe/Moscow
07,Астраханская область,Трудфронт,населённый пункт,trudfront,481287,,45.9346,47.66929,2721,Europe/Astrakhan
30,Хабаровский край,Многовершинный,населённый пункт,mnogovershinnyy,2019935,,53.93351,139.93029,2719,Asia/Vladivostok
61,Ростовская область,Горный,населённый пункт,gornyy,559736,,47.81592,40.20363,2716,Europe/Moscow
59,Приморский край,Реттиховка,населённый пункт,rettihovka,2017452,,44.16995,132.77007,2712,Asia/Vladivostok
06,Архангельская область,Луковецкий,населённый пункт,lukovetskiy,533418,,64.2956,41.9211,2701,Europe/Moscow
72,Тамбовская область,Гавриловка Вторая,город,gavrilovka-vtoraya,561804,,52.8766,42.77127,2699,Europe/Moscow
52,Новгородская область,Мошенское,город,moshenskoe,525025,,58.51253,34.58061,2697,Europe/Moscow
25,Калужская область,Пятовский,населённый пункт,pyatovskiy,503479,,54.68908,36.05634,2692,Europe/Moscow
69,Смоленская область,Тёмкино,населённый пункт,tyomkino,483689,,55.10917,35.01389,2692,Europe/Moscow
32,Ханты-Мансийский автономный округ — Югра,Коммунистический,населённый пункт,kommunisticheskiy,1502750,,61.67889,64.48194,2690,Asia/Yekaterinburg
04,Алтайский край,Научный Городок,населённый пункт,nauchnyy-gorodok,1497973,,53.4203,83.521,2687,Asia/Barnaul
06,Архангельская область,Шалакуша,населённый пункт,shalakusha,495983,,62.22472,40.25389,2684,Europe/Moscow
41,Курская область,Большое Солдатское,город,bolshoe-soldatskoe,573295,,51.33614,35.51002,2681,Europe/Moscow
93,Забайкальский край,Калангуй,населённый пункт,kalanguy,2023298,,51.01091,116.519,2679,Asia/Chita
42,Ленинградская область,Вознесенье,населённый пункт,voznesene,471160,,61.0106,35.47813,2673,Europe/Moscow
53,Новосибирская область,Листвянский,населённый пункт,listvyanskiy,1500468,,54.4399,83.4984,2673,Asia/Novosibirsk
32,Ханты-Мансийский автономный округ — Югра,Малиновский,населённый пункт,malinovskiy,1539045,,61.196,62.806,2672,Asia/Yekaterinburg
81,Ульяновская область,Чуфарово,населённый пункт,chufarovo,567748,,54.0963,47.3367,2671,Europe/Ulyanovsk
30,Хабаровский край,Литовко,населённый пункт,litovko,2020738,,49.23636,135.17763,2670,Asia/Vladivostok
07,Астраханская область,Волго-Каспийский,населённый пункт,volgo-kaspiyskiy,472751,,46.20306,47.91869,2662,Europe/Astrakhan
17,Республика Дагестан,Кумух,город,kumuh,539233,,42.17018,47.11597,2658,Europe/Moscow
84,Волгоградская область,Горный Балыклей,населённый пункт,gornyy-balykley,559716,,49.55002,45.06769,2656,Europe/Volgograd
90,Пермский край,Троельга,населённый пункт,troelga,481369,,57.4642,56.5362,2650,Asia/Yekaterinburg
47,Московская область,Жуковка,населённый пункт,zhukovka,462815,,56.48333,37.51667,2647,Europe/Moscow
47,Московская область,Радужный,населённый пункт,raduzhnyy,873832,,55.1368,38.72803,2646,Europe/Moscow
25,Калужская область,Барятино,город,baryatino,578947,,54.31106,34.52131,2645,Europe/Moscow
71,Свердловская область,Сарана,населённый пункт,sarana,498703,,56.47728,57.72586,2640,Asia/Yekaterinburg
38,Краснодарский край,Ловлинская,населённый пункт,lovlinskaya,533940,,45.51611,40.24,2638,Europe/Moscow
42,Ленинградская область,Тайцы,населённый пункт,taytsy,483898,,59.66444,30.11472,2631,Europe/Moscow
09,Белгородская область,Яковлево,населённый пункт,yakovlevo,469577,,50.85475,36.44614,2629,Europe/Moscow
56,Орловская область,Тросна,город,trosna,481439,,52.44482,35.78014,2627,Europe/Moscow
03,Республика Алтай,Усть-Улаган,город,ust-ulagan,1488048,,50.6314,87.95897,2623,Asia/Barnaul
76,Тульская область,Бегичевский,населённый пункт,begichevskiy,578339,,53.79605,38.25498,2616,Europe/Moscow
92,Камчатский край,Озерновский,населённый пункт,ozernovskiy,2122293,,51.49604,156.50102,2615,Asia/Kamchatka
83,Владимирская область,Лукново,населённый пункт,luknovo,533432,,56.18045,42.03987,2614,Europe/Moscow
08,Республика Башкортостан,Шафраново,населённый пункт,shafranovo,496097,,53.96667,54.76667,2611,Asia/Yekaterinburg
91,Красноярский край,Зеленый Бор,населённый пункт,zelenyy-bor,1485275,,53.62178,91.61528,2604,Asia/Krasnoyarsk
83,Владимирская область,Белая Речка,населённый пункт,belaya-rechka,578138,,56.28491,39.40665,2603,Europe/Moscow
71,Свердловская область,Нейво-Шайтанский,населённый пункт,neyvo-shaytanskiy,1497778,,57.7286,61.24956,2602,Asia/Yekaterinburg
20,Иркутская область,Большая Речка,населённый пункт,bolshaya-rechka,2026427,,51.95361,104.73356,2600,Asia/Irkutsk
28,Республика Карелия,Боровой,населённый пункт,borovoy,572090,,64.6121,32.24968,2600,Europe/Moscow
47,Московская область,Жилево,населённый пункт,zhilevo,463050,,55.01408,38.01106,2600,Europe/Moscow
47,Московская область,Кострово,населённый пункт,kostrovo,543864,,55.89429,36.69491,2600,Europe/Moscow
20,Иркутская область,Пивовариха,населённый пункт,pivovariha,2017915,,52.27056,104.44583,2600,Asia/Irkutsk
06,Архангельская область,Удимский,населённый пункт,udimskiy,479619,,61.14171,45.91443,2594,Europe/Moscow
04,Алтайский край,Санниково,населённый пункт,sannikovo,1493083,,53.3448,83.9749,2592,Asia/Barnaul
38,Краснодарский край,Кубань,населённый пункт,kuban,540075,,45.3539,40.4105,2586,Europe/Moscow
08,Республика Башкортостан,Верхний Авзян,населённый пункт,verhniy-avzyan,475206,,53.52889,57.53722,2581,Asia/Yekaterinburg
20,Иркутская область,Казачинское,город,kazachinskoe,2023029,,56.27198,107.58186,2581,Asia/Irkutsk
04,Алтайский край,Верх-Суетка,город,verh-suetka,1487214,,53.30448,80.04794,2580,Asia/Barnaul
87,Ямало-Ненецкий автономный округ,Аксарка,населённый пункт,aksarka,1512019,,66.56056,67.7975,2576,Asia/Yekaterinburg
17,Республика Дагестан,Гуниб,город,gunib,557979,,42.38689,46.961,2576,Europe/Moscow
52,Новгородская область,Марёво,город,maryovo,529387,,57.31072,32.07858,2571,Europe/Moscow
59,Приморский край,Рудный,населённый пункт,rudnyy,2017377,,44.27798,134.9622,2567,Asia/Vladivostok
23,Калининградская область,Малое Исаково,населённый пункт,maloe-isakovo,825123,,54.73269,20.58413,2563,Europe/Kaliningrad
11,Республика Бурятия,Селендума,населённый пункт,selenduma,2017063,,50.91306,106.24056,2562,Asia/Irkutsk
44,Магаданская область,Оротукан,населённый пункт,orotukan,2122414,,62.26392,151.6698,2560,Asia/Magadan
30,Хабаровский край,Хабаровск Второй,район города,habarovsk-vtoroy,2056752,,48.43787,135.12994,2552,Asia/Vladivostok
34,Республика Коми,Кослан,город,koslan,544084,,63.45954,48.89695,2547,Europe/Moscow
28,Республика Карелия,Повенец,населённый пункт,povenets,505820,,62.8487,34.82621,2539,Europe/Moscow
33,Кировская область,Аркуль,населённый пункт,arkul,580931,,57.28085,50.044,2537,Europe/Kirov
93,Забайкальский край,Холбон,населённый пункт,holbon,2022394,,51.9,116.25,2537,Asia/Chita
15,Чукотский автономный округ,Провидения,населённый пункт,provideniya,4031574,,64.42289,-173.22641,2536,Asia/Anadyr
28,Республика Карелия,Пяозерский,населённый пункт,pyaozerskiy,503581,,65.7687,31.08925,2534,Europe/Moscow
93,Забайкальский край,Амазар,населённый пункт,amazar,2027806,,53.85595,120.87175,2527,Asia/Chita
08,Республика Башкортостан,Мурсалимкино,населённый пункт,mursalimkino,871870,,55.0379,58.5585,2527,Asia/Yekaterinburg
28,Республика Карелия,Ледмозеро,населённый пункт,ledmozero,536420,,64.25444,32.02789,2526,Europe/Moscow
93,Забайкальский край,Александровский Завод,город,aleksandrovskiy-zavod,2027933,,50.92571,117.93711,2516,Asia/Chita
93,Забайкальский край,Кличка,населённый пункт,klichka,2021992,,50.4433,117.99611,2514,Asia/Chita
34,Республика Коми,Благоево,населённый пункт,blagoevo,576093,,63.4231,47.9646,2510,Europe/Moscow
08,Республика Башкортостан,Урман,населённый пункт,urman,478699,,54.88314,56.87417,2509,Asia/Yekaterinburg
63,Республика Саха (Якутия),Чокурдах,город,chokurdah,2126123,,70.61828,147.89693,2506,Asia/Magadan
70,Ставропольский край,Восточный,населённый пункт,vostochnyy,797241,,44.31494,44.19637,2500,Europe/Moscow
51,Нижегородская область,Красная Горка,населённый пункт,krasnaya-gorka,542765,,55.38666,46.10925,2500,Europe/Moscow
47,Московская область,Назарьево,населённый пункт,nazarevo,523090,,55.67417,37.04028,2500,Europe/Moscow
38,Краснодарский край,Шабельское,населённый пункт,shabelskoe,496165,,46.85275,38.47278,2500,Europe/Moscow
91,Красноярский край,Бор,населённый пункт,bor,6924525,,56.0532,90.3265,2496,Asia/Krasnoyarsk
77,Тверская область,Молоково,город,molokovo,525509,,58.16867,36.76599,2490,Europe/Moscow
07,Астраханская область,Тумак,населённый пункт,tumak,480482,,46.23436,48.50627,2488,Europe/Astrakhan
61,Ростовская область,Углегорский,населённый пункт,uglegorskiy,479539,,48.24274,41.2531,2485,Europe/Moscow
51,Нижегородская область,Смолино,населённый пункт,smolino,491660,,56.27526,43.09109,2481,Europe/Moscow
62,Рязанская область,Солотча,населённый пункт,solotcha,490846,,54.7897,39.83336,2481,Europe/Moscow
59,Приморский край,Зарубино,населённый пункт,zarubino,2012646,,42.64524,131.06666,2479,Asia/Vladivostok
30,Хабаровский край,Имени Полины Осипенко,город,imeni-poliny-osipenko,2023584,,52.4242,136.48681,2479,Asia/Vladivostok
05,Амурская область,Сиваки,населённый пункт,sivaki,2016477,,52.6348,126.74971,2479,Asia/Yakutsk
66,Санкт-Петербург,Репино,населённый пункт,repino,502145,,60.17217,29.86908,2478,Europe/Moscow
67,Саратовская область,Синодское,населённый пункт,sinodskoe,492765,,51.9918,46.67009,2478,Europe/Saratov
85,Вологодская область,Хохлово,населённый пункт,hohlovo,549854,,59.14923,37.39978,2478,Europe/Moscow
90,Пермский край,Калино,населённый пункт,kalino,554153,,58.2504,57.6085,2473,Asia/Yekaterinburg
77,Тверская область,Великооктябрьский,населённый пункт,velikooktyabrskiy,476046,,57.43333,33.81595,2472,Europe/Moscow
38,Краснодарский край,Кучугуры,населённый пункт,kuchugury,539946,,45.40702,36.95586,2471,Europe/Moscow
29,Кемеровская область,Ягуново,населённый пункт,yagunovo,1486526,,55.24645,86.01097,2471,Asia/Novokuznetsk
06,Архангельская область,Сольвычегодск,населённый пункт,solvychegodsk,490743,,61.33046,46.91559,2465,Europe/Moscow
89,Еврейская автономная область,Биракан,населённый пункт,birakan,2026657,,48.99412,131.72038,2463,Asia/Vladivostok
76,Тульская область,Партизан,населённый пункт,partizan,512471,,53.95017,38.09801,2462,Europe/Moscow
47,Московская область,Новое,населённый пункт,novoe,517668,,55.63104,38.92001,2458,Europe/Moscow
51,Нижегородская область,Бабино,населённый пункт,babino,579951,,56.211,43.603,2456,Europe/Moscow
23,Калининградская область,Большаково,населённый пункт,bolshakovo,575267,,54.87982,21.64948,2448,Europe/Kaliningrad
30,Хабаровский край,Тырма,населённый пункт,tyrma,2014694,,50.04559,132.17115,2445,Asia/Vladivostok
64,Сахалинская область,Синегорск,населённый пункт,sinegorsk,2121198,,47.17223,142.51811,2444,Asia/Sakhalin
59,Приморский край,Благодатное,населённый пункт,blagodatnoe,2026618,,44.32297,132.09248,2443,Asia/Vladivostok
48,Москва,Красная Пахра,город,krasnaya-pahra,11152666,,55.43223,37.26966,2434,Europe/Moscow
77,Тверская область,Березайка,населённый пункт,berezayka,577375,,57.98833,33.90361,2432,Europe/Moscow
90,Пермский край,Верхнечусовские Городки,населённый пункт,verhnechusovskie-gorodki,475619,,58.1671,57.1086,2427,Asia/Yekaterinburg
64,Сахалинская область,Северо-Курильск,город,severo-kurilsk,2121385,,50.67328,156.12371,2422,Asia/Magadan
92,Камчатский край,Оссора,город,ossora,2122389,,59.24954,163.07198,2420,Asia/Kamchatka
29,Кемеровская область,Никитинский,населённый пункт,nikitinskiy,1497736,,54.5845,86.0115,2419,Asia/Novokuznetsk
51,Нижегородская область,Им.Степана Разина,населённый пункт,im-stepana-razina,556516,,54.8932,44.29627,2415,Europe/Moscow
34,Республика Коми,Советский,населённый пункт,sovetskiy,1491229,,67.48333,64.41667,2415,Europe/Moscow
64,Сахалинская область,Правда,населённый пункт,pravda,2121874,,46.941,142.00774,2412,Asia/Sakhalin
93,Забайкальский край,Тарбагатай,населённый пункт,tarbagatay,2015547,,51.17608,109.09699,2412,Asia/Chita
90,Пермский край,Юг,населённый пункт,yug,466724,,57.7293,56.172,2412,Asia/Yekaterinburg
32,Ханты-Мансийский автономный округ — Югра,Хулимсунт,населённый пункт,hulimsunt,1503481,,62.86333,61.64361,2409,Asia/Yekaterinburg
29,Кемеровская область,Сосновка,населённый пункт,sosnovka,1491330,,53.6676,87.1527,2404,Asia/Novokuznetsk
10,Брянская область,Кокоревка,населённый пункт,kokorevka,546633,,52.58747,34.27603,2403,Europe/Moscow
16,Чувашская Республика,Киря,населённый пункт,kirya,548302,,55.08102,46.86091,2402,Europe/Moscow
81,Ульяновская область,Крестово-Городище,населённый пункт,krestovo-gorodische,541133,,54.18447,48.6225,2401,Europe/Ulyanovsk
17,Республика Дагестан,Хив,город,hiv,550201,,41.75455,47.93071,2401,Europe/Moscow
42,Ленинградская область,Вистино,населённый пункт,vistino,473349,,59.77558,28.47708,2400,Europe/Moscow
33,Кировская область,Суна,город,suna,486236,,57.83233,50.0591,2400,Europe/Kirov
59,Приморский край,Романовка,населённый пункт,romanovka,2017423,,43.23365,132.45633,2399,Asia/Vladivostok
71,Свердловская область,Новоасбест,населённый пункт,novoasbest,1497163,,57.74225,60.28773,2394,Asia/Yekaterinburg
85,Вологодская область,Шуйское,населённый пункт,shuyskoe,493201,,59.37356,41.03047,2389,Europe/Moscow
47,Московская область,Горшково,населённый пункт,gorshkovo,9827992,,56.37561,37.4124,2386,Europe/Moscow
63,Республика Саха (Якутия),Белая Гора,город,belaya-gora,2126785,,68.53823,146.1852,2383,Asia/Magadan
20,Иркутская область,Янталь,населённый пункт,yantal,2055868,,56.8471,105.2542,2383,Asia/Irkutsk
62,Рязанская область,Гусь-Железный,населённый пункт,gus-zheleznyy,557754,,55.05811,41.16556,2381,Europe/Moscow
11,Республика Бурятия,Татаурово,населённый пункт,tataurovo,2015470,,52.14182,107.44054,2381,Asia/Irkutsk
67,Саратовская область,Елшанка,населённый пункт,elshanka,467675,,51.81389,46.39972,2372,Europe/Saratov
07,Астраханская область,Мумра,населённый пункт,mumra,524473,,45.77251,47.65398,2372,Europe/Astrakhan
70,Ставропольский край,Овощи,населённый пункт,ovoschi,513724,,45.36639,43.32333,2370,Europe/Moscow
46,Республика Мордовия,Ширингуши,населённый пункт,shiringushi,494275,,53.84851,42.76759,2369,Europe/Moscow
77,Тверская область,Васильевский Мох,населённый пункт,vasilevskiy-moh,476548,,57.01316,35.91897,2363,Europe/Moscow
20,Иркутская область,Шиткино,населённый пункт,shitkino,1492110,,56.3703,98.3543,2363,Asia/Irkutsk
06,Архангельская область,Рочегда,населённый пункт,rochegda,501847,,62.6678,43.4133,2362,Europe/Moscow
93,Забайкальский край,Газимурский Завод,город,gazimurskiy-zavod,2024122,,51.55017,118.32876,2358,Asia/Chita
62,Рязанская область,Пителино,город,pitelino,509273,,54.57837,41.8101,2355,Europe/Moscow
09,Белгородская область,Красное,город,krasnoe,542121,,50.93291,38.68125,2352,Europe/Moscow
20,Иркутская область,Шерагул,населённый пункт,sheragul,2016742,,54.46243,100.90994,2350,Asia/Irkutsk
08,Республика Башкортостан,Красный Ключ,населённый пункт,krasnyy-klyuch,541679,,55.38625,56.65287,2348,Asia/Yekaterinburg
05,Амурская область,Невер,населённый пункт,never,2019296,,53.98019,124.16139,2344,Asia/Yakutsk
20,Иркутская область,Ук,населённый пункт,uk,1488616,,55.079,98.8586,2342,Asia/Irkutsk
17,Республика Дагестан,Ирганай,населённый пункт,irganay,556198,,42.6465,46.91154,2336,Europe/Moscow
41,Курская область,Иванино,населённый пункт,ivanino,555617,,51.64488,35.57536,2333,Europe/Moscow
59,Приморский край,Рудная Пристань,населённый пункт,rudnaya-pristan,2017384,,44.35811,135.81064,2332,Asia/Vladivostok
33,Кировская область,Косино,населённый пункт,kosino,544119,,58.41272,51.27819,2330,Europe/Kirov
37,Костромская область,Боговарово,город,bogovarovo,575480,,58.97578,47.02087,2327,Europe/Moscow
59,Приморский край,Краскино,населённый пункт,kraskino,2021644,,42.71086,130.78012,2327,Asia/Vladivostok
10,Брянская область,Жирятино,город,zhiryatino,462964,,53.22659,33.72612,2324,Europe/Moscow
88,Ярославская область,Судоверфь,населённый пункт,sudoverf,7459800,,58.11696,38.64175,2321,Europe/Moscow
76,Тульская область,Епифань,населённый пункт,epifan,467464,,53.82526,38.55181,2310,Europe/Moscow
63,Республика Саха (Якутия),Ой,населённый пункт,oy,2018211,,61.54136,129.17516,2302,Asia/Yakutsk
67,Саратовская область,Хватовка,населённый пункт,hvatovka,548964,,52.35236,46.56282,2301,Europe/Saratov
91,Красноярский край,Бор,населённый пункт,bor,1509008,,61.60111,90.01806,2300,Asia/Krasnoyarsk
04,Алтайский край,Иня,населённый пункт,inya,1505570,,53.5044,82.6712,2300,Asia/Barnaul
91,Красноярский край,Манзя,населённый пункт,manzya,1499385,,58.49222,96.26167,2298,Asia/Krasnoyarsk
47,Московская область,Бакшеево,населённый пункт,baksheevo,579560,,55.7086,39.87666,2296,Europe/Moscow
61,Ростовская область,Советская,город,sovetskaya,490064,,49.0093,42.12152,2293,Europe/Moscow
21,Ивановская область,Нерль,населённый пункт,nerl,522580,,56.66285,40.38931,2292,Europe/Moscow
47,Московская область,Медвежьи Озёра,населённый пункт,medvezhi-ozyora,527955,,55.86935,37.98613,2278,Europe/Moscow
80,Удмуртская Республика,Пудем,населённый пункт,pudem,504280,,58.3047,52.1673,2278,Europe/Samara
52,Новгородская область,Волот,город,volot,472328,,57.92778,30.7025,2276,Europe/Moscow
67,Саратовская область,Свободный,населённый пункт,svobodnyy,485449,,52.33039,46.37122,2275,Europe/Saratov
57,Пензенская область,Сура,населённый пункт,sura,486163,,53.88786,45.74192,2275,Europe/Moscow
13,Челябинская область,Тургояк,населённый пункт,turgoyak,1488937,,55.15,60.11833,2275,Asia/Yekaterinburg
90,Пермский край,Южный Коспашский,населённый пункт,yuzhnyy-kospashskiy,466013,,58.9725,57.759,2275,Asia/Yekaterinburg
77,Тверская область,Орша,населённый пункт,orsha,514744,,56.91196,36.22862,2272,Europe/Moscow
75,Томская область,Новый Васюган,населённый пункт,novyy-vasyugan,1496509,,58.5738,76.4954,2265,Asia/Tomsk
63,Республика Саха (Якутия),Оленёк,город,olenyok,2018567,,68.50472,112.4485,2265,Asia/Yakutsk
32,Ханты-Мансийский автономный округ — Югра,Зеленоборск,населённый пункт,zelenoborsk,1485286,,61.47088,64.04344,2252,Asia/Yekaterinburg
06,Архангельская область,Усть-Шоноша,населённый пункт,ust-shonosha,477958,,61.1531,41.343,2252,Europe/Moscow
47,Московская область,Радумля,населённый пункт,radumlya,503226,,56.06901,37.14979,2250,Europe/Moscow
07,Астраханская область,Кировский,населённый пункт,kirovskiy,548387,,45.84639,48.12472,2249,Europe/Astrakhan
15,Чукотский автономный округ,Эгвекинот,город,egvekinot,4031742,,66.32321,-179.11838,2248,Asia/Anadyr
38,Краснодарский край,Молдовка,населённый пункт,moldovka,525620,,43.44889,39.94167,2245,Europe/Moscow
73,Республика Татарстан,Шугурово,населённый пункт,shugurovo,493566,,54.50828,52.13265,2243,Europe/Moscow
04,Алтайский край,Подсосново,населённый пункт,podsosnovo,1494739,,53.3721,78.9184,2240,Asia/Barnaul
91,Красноярский край,Ильичево,населённый пункт,ilichevo,1537749,,53.27889,91.84028,2239,Asia/Krasnoyarsk
33,Кировская область,Нижнеивкино,населённый пункт,nizhneivkino,521123,,58.19398,49.52137,2234,Europe/Kirov
77,Тверская область,Старая Торопа,населённый пункт,staraya-toropa,489043,,56.28012,31.67018,2232,Europe/Moscow
29,Кемеровская область,Барзас,населённый пункт,barzas,1510817,,55.72912,86.32233,2230,Asia/Novokuznetsk
20,Иркутская область,Мамакан,населённый пункт,mamakan,2020311,,57.81611,114.00278,2229,Asia/Irkutsk
45,Республика Марий Эл,Мочалище,населённый пункт,mochalische,525961,,56.3306,48.3547,2225,Europe/Moscow
10,Брянская область,Коржовка-Голубовка,населённый пункт,korzhovka-golubovka,544327,,52.76742,32.35362,2224,Europe/Moscow
52,Новгородская область,Батетский,город,batetskiy,578732,,58.6462,30.30292,2223,Europe/Moscow
23,Калининградская область,Приморск,населённый пункт,primorsk,505270,,54.73905,20.00553,2222,Europe/Kaliningrad
83,Владимирская область,Великодворский,населённый пункт,velikodvorskiy,476055,,55.24996,40.6678,2218,Europe/Moscow
47,Московская область,Туголесский Бор,населённый пункт,tugolesskiy-bor,480654,,55.55051,39.82422,2217,Europe/Moscow
11,Республика Бурятия,Новокижингинск,населённый пункт,novokizhinginsk,2018930,,51.61919,109.60137,2214,Asia/Irkutsk
79,Республика Тыва,Тоора-Хем,город,toora-hem,1489401,,52.46863,96.12031,2214,Asia/Krasnoyarsk
90,Пермский край,Северный-Коспашский,населённый пункт,severnyy-kospashskiy,496307,,59.0897,57.8039,2212,Asia/Yekaterinburg
51,Нижегородская область,Первое Мая,населённый пункт,pervoe-maya,6607627,,56.41593,43.65221,2210,Europe/Moscow
85,Вологодская область,Зубово,населённый пункт,zubovo,462022,,60.3181,36.9709,2209,Europe/Moscow
30,Хабаровский край,Маго,населённый пункт,mago,2123621,,53.25921,140.18146,2206,Asia/Vladivostok
42,Ленинградская область,Винницы,населённый пункт,vinnitsy,473590,,60.62867,34.77302,2200,Europe/Moscow
47,Московская область,Поведники,населённый пункт,povedniki,6418052,,55.97,37.6,2200,Europe/Moscow
20,Иркутская область,Смоленщина,населённый пункт,smolenschina,2016404,,52.2563,104.123,2200,Asia/Irkutsk
04,Алтайский край,Сычевка,населённый пункт,sychevka,1490450,,52.0512,84.7788,2200,Asia/Barnaul
90,Пермский край,Коса,город,kosa,544318,,59.94538,54.99189,2199,Asia/Yekaterinburg
53,Новосибирская область,Садовый,населённый пункт,sadovyy,1541623,,55.1361,82.9659,2199,Asia/Novosibirsk
52,Новгородская область,Неболчи,населённый пункт,nebolchi,523051,,59.12393,33.34537,2198,Europe/Moscow
90,Пермский край,Шумихинский,населённый пункт,shumihinskiy,493452,,58.7448,57.6926,2192,Asia/Yekaterinburg
71,Свердловская область,Лосиный,населённый пункт,losinyy,1500335,,57.13862,61.06663,2189,Asia/Yekaterinburg
67,Саратовская область,Большой Карай,населённый пункт,bolshoy-karay,573089,,51.60542,42.69006,2180,Europe/Saratov
91,Красноярский край,Артёмовск,населённый пункт,artyomovsk,1511369,,54.34833,93.43556,2179,Asia/Krasnoyarsk
73,Республика Татарстан,Билярск,населённый пункт,bilyarsk,576342,,54.98358,50.38671,2179,Europe/Moscow
62,Рязанская область,Баграмово,населённый пункт,bagramovo,579763,,54.72337,39.45186,2174,Europe/Moscow
51,Нижегородская область,Первое Мая,населённый пункт,pervoe-maya,828440,,56.16403,44.71955,2173,Europe/Moscow
27,Карачаево-Черкесская Республика,Новый Карачай,населённый пункт,novyy-karachay,517009,,43.82076,41.90322,2172,Europe/Moscow
86,Воронежская область,Белогорье,населённый пункт,belogore,577960,,50.4904,40.0095,2171,Europe/Moscow
59,Приморский край,Ивановка,населённый пункт,ivanovka,2023408,,43.96798,132.48199,2170,Asia/Vladivostok
72,Тамбовская область,Новопокровка,населённый пункт,novopokrovka,518333,,52.1331,40.8783,2167,Europe/Moscow
06,Архангельская область,Шангалы,населённый пункт,shangaly,495856,,61.12842,43.33427,2164,Europe/Moscow
71,Свердловская область,Кедровое,населённый пункт,kedrovoe,1503931,,57.1576,60.5698,2163,Asia/Yekaterinburg
89,Еврейская автономная область,Известковый,населённый пункт,izvestkovyy,2023360,,48.97984,131.55547,2159,Asia/Vladivostok
17,Республика Дагестан,Агвали,город,agvali,583973,,42.53798,46.12519,2158,Europe/Moscow
47,Московская область,Зеленоградский,населённый пункт,zelenogradskiy,463826,,56.1,37.91667,2155,Europe/Moscow
71,Свердловская область,Валериановск,населённый пункт,valerianovsk,477280,,58.7608,59.5596,2152,Asia/Yekaterinburg
62,Рязанская область,Павелец,населённый пункт,pavelets,512255,,53.78833,39.24601,2152,Europe/Moscow
51,Нижегородская область,Работки,населённый пункт,rabotki,503293,,56.04147,44.60265,2151,Europe/Moscow
83,Владимирская область,Иванищи,населённый пункт,ivanischi,555610,,55.77417,40.42731,2149,Europe/Moscow
44,Магаданская область,Уптар,населённый пункт,uptar,2120129,,59.89959,150.87284,2144,Asia/Magadan
23,Калининградская область,Храброво,населённый пункт,hrabrovo,549302,,54.89709,20.58035,2143,Europe/Kaliningrad
47,Московская область,Ложки,населённый пункт,lozhki,533891,,56.09387,37.10873,2141,Europe/Moscow
34,Республика Коми,Цементнозаводский,населённый пункт,tsementnozavodskiy,1489126,,67.62834,64.08965,2135,Europe/Moscow
71,Свердловская область,Третий северный,населённый пункт,tretiy-severnyy,496290,,60.20861,59.96111,2128,Asia/Yekaterinburg
67,Саратовская область,Алексеевка,населённый пункт,alekseevka,582926,,52.30583,48.02611,2127,Europe/Saratov
06,Архангельская область,Оксовский,населённый пункт,oksovskiy,515966,,62.60623,39.89845,2123,Europe/Moscow
83,Владимирская область,Мезиновский,населённый пункт,mezinovskiy,527224,,55.5042,40.35932,2116,Europe/Moscow
83,Владимирская область,Имени Воровского,населённый пункт,imeni-vorovskogo,556462,,55.7237,41.119,2110,Europe/Moscow
55,Оренбургская область,Шильда,населённый пункт,shilda,494486,,51.8143,59.7744,2106,Asia/Yekaterinburg
13,Челябинская область,Вязовая,населённый пункт,vyazovaya,470653,,54.905,58.35611,2101,Asia/Yekaterinburg
85,Вологодская область,Нелазское,населённый пункт,nelazskoe,522790,,59.18919,37.63963,2101,Europe/Moscow
47,Московская область,Дмитровский Погост,населённый пункт,dmitrovskiy-pogost,565911,,55.31333,39.83358,2100,Europe/Moscow
47,Московская область,Ельдигино,населённый пункт,eldigino,468011,,56.11667,37.81667,2100,Europe/Moscow
11,Республика Бурятия,Илька,населённый пункт,ilka,2023634,,51.72126,108.52485,2100,Asia/Irkutsk
71,Свердловская область,Обуховское,населённый пункт,obuhovskoe,1496391,,56.8345,62.612,2100,Asia/Yekaterinburg
64,Сахалинская область,Шикотан,населённый пункт,shikotan,6930874,,43.79916,146.72164,2100,Asia/Magadan
81,Ульяновская область,Жадовка,населённый пункт,zhadovka,463568,,53.57464,46.94985,2098,Europe/Ulyanovsk
56,Орловская область,Сосково,город,soskovo,490425,,52.74752,35.38277,2094,Europe/Moscow
89,Еврейская автономная область,Хинганск,населённый пункт,hingansk,2022454,,49.12883,131.19823,2093,Asia/Vladivostok
06,Архангельская область,Пуксоозеро,населённый пункт,puksoozero,504187,,62.5903,40.6066,2086,Europe/Moscow
66,Санкт-Петербург,Белоостров,населённый пункт,beloostrov,577907,,60.15118,30.00151,2080,Europe/Moscow
87,Ямало-Ненецкий автономный округ,Ныда,населённый пункт,nyda,1496441,,66.62472,72.92278,2078,Asia/Yekaterinburg
81,Ульяновская область,Канадей,населённый пункт,kanadey,553233,,53.16786,47.52644,2076,Europe/Ulyanovsk
05,Амурская область,Волково,населённый пункт,volkovo,2013333,,50.25003,127.77758,2075,Asia/Yakutsk
76,Тульская область,Черепеть,населённый пункт,cherepet,569231,,54.11784,36.37877,2070,Europe/Moscow
22,Кабардино-Балкарская Республика,Былым,населённый пункт,bylym,570236,,43.46286,43.04345,2064,Europe/Moscow
32,Ханты-Мансийский автономный округ — Югра,Ульт-Угун,населённый пункт,ult-ugun,12166738,,61.50571,74.21618,2064,Asia/Yekaterinburg
47,Московская область,Кривцово,населённый пункт,krivtsovo,540834,,56.15,36.88333,2063,Europe/Moscow
71,Свердловская область,Таборы,город,tabory,1490364,,58.5201,64.54839,2062,Asia/Yekaterinburg
64,Сахалинская область,Яблочный,населённый пункт,yablochnyy,2119640,,47.15156,142.0571,2062,Asia/Sakhalin
91,Красноярский край,Урал,населённый пункт,ural,1488458,,55.9052,94.7537,2057,Asia/Krasnoyarsk
63,Республика Саха (Якутия),Джебарики-Хая,населённый пункт,dzhebariki-haya,2024626,,62.21084,135.84876,2056,Asia/Vladivostok
76,Тульская область,Майский,населённый пункт,mayskiy,528233,,53.96216,38.21165,2055,Europe/Moscow
47,Московская область,Пуршево,населённый пункт,purshevo,504063,,55.72124,38.03277,2055,Europe/Moscow
93,Забайкальский край,Орловский,населённый пункт,orlovskiy,2018365,,51.0419,114.84818,2045,Asia/Chita
63,Республика Саха (Якутия),Ленинский,населённый пункт,leninskiy,2020848,,58.57141,125.43918,2043,Asia/Yakutsk
33,Кировская область,Медведок,населённый пункт,medvedok,527979,,57.38913,50.0351,2041,Europe/Kirov
51,Нижегородская область,Зелёный город,населённый пункт,zelyonyy-gorod,463738,,56.17833,44.0744,2032,Europe/Moscow
91,Красноярский край,Предивинск,населённый пункт,predivinsk,1494237,,57.0631,93.4374,2028,Asia/Krasnoyarsk
44,Магаданская область,Эвенск,город,evensk,2125693,,61.91732,159.23302,2024,Asia/Magadan
77,Тверская область,Радченко,населённый пункт,radchenko,503281,,56.68027,36.37178,2022,Europe/Moscow
90,Пермский край,Филипповка,населённый пункт,filippovka,10239349,,57.4373,57.01934,2020,Asia/Yekaterinburg
20,Иркутская область,Ербогачен,населённый пункт,erbogachen,2012956,,61.28016,108.01535,2019,Asia/Irkutsk
83,Владимирская область,Октябрьский,населённый пункт,oktyabrskiy,515870,,56.21887,42.04069,2017,Europe/Moscow
20,Иркутская область,Хребтовая,населённый пункт,hrebtovaya,2022232,,56.7032,104.2494,2017,Asia/Irkutsk
32,Ханты-Мансийский автономный округ — Югра,Андра,населённый пункт,andra,1511646,,62.51472,65.88778,2013,Asia/Yekaterinburg
51,Нижегородская область,Имени М. И. Калинина,населённый пункт,imeni-m-i-kalinina,6418612,,56.17926,44.33098,2012,Europe/Moscow
21,Ивановская область,Верхний Ландех,город,verhniy-landeh,474931,,56.83955,42.59731,2009,Europe/Moscow
11,Республика Бурятия,Орлик,город,orlik,1496073,,52.51537,99.82574,2008,Asia/Irkutsk
80,Удмуртская Республика,Факел,населённый пункт,fakel,563354,,57.631,53.0251,2006,Europe/Samara
49,Мурманская область,Абрам-Мыс,населённый пункт,abram-mys,559324,,68.97839,33.01926,2000,Europe/Moscow
47,Московская область,Бахчиванджи,населённый пункт,bahchivandzhi,510988,,55.88333,38.08333,2000,Europe/Moscow
20,Иркутская область,Будагово,населённый пункт,budagovo,2026057,,54.6255,100.13109,2000,Asia/Irkutsk
04,Алтайский край,Верх-Катунское,населённый пункт,verh-katunskoe,1487569,,52.45,85.43162,2000,Asia/Barnaul
04,Алтайский край,Гоньба,населённый пункт,gonba,1506418,,53.4172,83.5747,2000,Asia/Barnaul
38,Краснодарский край,Ейское Укрепление,населённый пункт,eyskoe-ukreplenie,466873,,46.70675,38.61348,2000,Europe/Moscow
38,Краснодарский край,Ильич,населённый пункт,ilich,557292,,45.42488,36.77402,2000,Europe/Moscow
03,Республика Алтай,Иня,населённый пункт,inya,1505571,,50.45611,86.62667,2000,Asia/Barnaul
38,Краснодарский край,Контенко,населённый пункт,kontenko,797011,,45.35806,36.83222,2000,Europe/Moscow
66,Санкт-Петербург,Кушелевка,район города,kushelevka,538408,,59.99333,30.36389,2000,Europe/Moscow
04,Алтайский край,Лесное,населённый пункт,lesnoe,1500614,,52.46926,85.25547,2000,Asia/Barnaul
27,Карачаево-Черкесская Республика,Нижний Архыз,населённый пункт,nizhniy-arhyz,520806,,43.67817,41.45977,2000,Europe/Moscow
11,Республика Бурятия,Новый Заган,населённый пункт,novyy-zagan,2018811,,51.02673,107.76242,2000,Asia/Irkutsk
61,Ростовская область,Порт-Катон,населённый пункт,port-katon,506188,,46.87866,38.75645,2000,Europe/Moscow
42,Ленинградская область,Систа-Палкино,населённый пункт,sista-palkino,492657,,59.80042,28.91049,2000,Europe/Moscow
42,Ленинградская область,Старая Ладога,населённый пункт,staraya-ladoga,489158,,59.99872,32.29413,2000,Europe/Moscow
03,Республика Алтай,Ташанта,населённый пункт,tashanta,1490055,,49.71573,89.19425,2000,Asia/Barnaul
67,Саратовская область,Терса,населённый пункт,tersa,483288,,52.08671,47.53936,2000,Europe/Saratov
20,Иркутская область,Тулюшка,населённый пункт,tulyushka,2014917,,54.45851,101.17054,2000,Asia/Irkutsk
42,Ленинградская область,Усть-Луга,населённый пункт,ust-luga,478036,,59.66755,28.28713,2000,Europe/Moscow
20,Иркутская область,Худоеланское,населённый пункт,hudoelanskoe,1503493,,54.70375,99.63042,2000,Asia/Irkutsk
86,Воронежская область,Новоживотинное,населённый пункт,novozhivotinnoe,517282,,51.8853,39.1753,1997,Europe/Moscow
47,Московская область,Попово,населённый пункт,popovo,506397,,55.07523,37.66727,1997,Europe/Moscow
42,Ленинградская область,Кикерино,населённый пункт,kikerino,548763,,59.46466,29.62729,1995,Europe/Moscow
92,Камчатский край,Тигиль,город,tigil,2120612,,57.76114,158.6837,1993,Asia/Kamchatka
08,Республика Башкортостан,Воскресенское,населённый пункт,voskresenskoe,471633,,53.12336,56.14664,1992,Asia/Yekaterinburg
51,Нижегородская область,Пыра,населённый пункт,pyra,503428,,56.29527,43.35274,1991,Europe/Moscow
23,Калининградская область,Взморье,населённый пункт,vzmore,6930743,,54.69606,20.23613,1988,Europe/Kaliningrad
77,Тверская область,Выползово,населённый пункт,vypolzovo,470390,,57.87667,33.69861,1982,Europe/Moscow
44,Магаданская область,Мяунджа,населённый пункт,myaundzha,2123100,,63.04421,147.1821,1977,Asia/Magadan
34,Республика Коми,Верхняя Инта,населённый пункт,verhnyaya-inta,1487332,,65.98115,60.30945,1975,Europe/Moscow
93,Забайкальский край,Старая Чара,город,staraya-chara,2025630,,56.90328,118.25899,1974,Asia/Chita
47,Московская область,Верея,населённый пункт,vereya,475699,,55.77373,39.09766,1973,Europe/Moscow
34,Республика Коми,Седкыркещ,населённый пункт,sedkyrkesch,497971,,61.72358,50.95212,1973,Europe/Moscow
83,Владимирская область,Анопино,населённый пункт,anopino,581585,,55.69809,40.66707,1972,Europe/Moscow
06,Архангельская область,Белушья Губа,город,belushya-guba,577673,,71.54048,52.33338,1972,Europe/Moscow
89,Еврейская автономная область,Волочаевка-Вторая,населённый пункт,volochaevka-vtoraya,2013326,,48.56927,134.58024,1971,Asia/Vladivostok
06,Архангельская область,Кодино,населённый пункт,kodino,546742,,63.71976,39.64465,1970,Europe/Moscow
25,Калужская область,Мятлево,населённый пункт,myatlevo,523928,,54.89693,35.67619,1969,Europe/Moscow
47,Московская область,Малая Дубна,населённый пункт,malaya-dubna,531691,,55.87783,38.95423,1968,Europe/Moscow
42,Ленинградская область,Рождествено,населённый пункт,rozhdestveno,500996,,59.32457,29.94901,1968,Europe/Moscow
33,Кировская область,Созимский,населённый пункт,sozimskiy,489910,,59.74178,52.24821,1968,Europe/Kirov
92,Камчатский край,Тиличики,город,tilichiki,2120591,,60.42965,166.06572,1968,Asia/Kamchatka
17,Республика Дагестан,Усухчай,город,usuhchay,477789,,41.42245,47.91318,1966,Europe/Moscow
92,Камчатский край,Эссо,город,esso,2125711,,55.92736,158.70731,1965,Asia/Kamchatka
69,Смоленская область,Глинка,город,glinka,561234,,54.6435,32.87299,1964,Europe/Moscow
31,Республика Хакасия,Бискамжа,населённый пункт,biskamzha,1510030,,53.44972,89.52722,1961,Asia/Krasnoyarsk
89,Еврейская автономная область,Кульдур,населённый пункт,kuldur,2021370,,49.20468,131.63744,1957,Asia/Vladivostok
71,Свердловская область,Ключевск,населённый пункт,klyuchevsk,1503169,,57.1216,60.9414,1955,Asia/Yekaterinburg
47,Московская область,Чупряково,населённый пункт,chupryakovo,819112,,55.55282,36.62721,1951,Europe/Moscow
56,Орловская область,Знаменское,город,znamenskoe,462305,,53.27644,35.6845,1950,Europe/Moscow
88,Ярославская область,Поречье-Рыбное,населённый пункт,poreche-rybnoe,506291,,57.09805,39.38354,1949,Europe/Moscow
93,Забайкальский край,Усть-Карск,населённый пункт,ust-karsk,2013942,,52.70002,118.79969,1947,Asia/Chita
61,Ростовская область,Недвиговка,населённый пункт,nedvigovka,522981,,47.26799,39.35314,1942,Europe/Moscow
61,Ростовская область,Танаис,населённый пункт,tanais,11548902,,47.26837,39.33425,1942,Europe/Moscow
10,Брянская область,Лопандино,населённый пункт,lopandino,534245,,52.46889,34.81679,1938,Europe/Moscow
47,Московская область,Загорские дали,населённый пункт,zagorskie-dali,12129530,,56.39101,37.99201,1935,Europe/Moscow
84,Волгоградская область,Слащевская,населённый пункт,slaschevskaya,492158,,49.8599,42.3362,1935,Europe/Volgograd
51,Нижегородская область,Горбатов,населённый пункт,gorbatov,560285,,56.1311,43.06363,1934,Europe/Moscow
83,Владимирская область,Добрятино,населённый пункт,dobryatino,565774,,55.5055,41.3195,1934,Europe/Moscow
57,Пензенская область,Канаевка,населённый пункт,kanaevka,553203,,53.10783,45.56144,1934,Europe/Moscow
25,Калужская область,Высокиничи,населённый пункт,vysokinichi,470195,,54.90928,36.93148,1931,Europe/Moscow
55,Оренбургская область,Новорудный,населённый пункт,novorudnyy,518246,,51.5026,58.1873,1930,Asia/Yekaterinburg
03,Республика Алтай,Чоя,город,choya,1507745,,52.01111,86.54824,1930,Asia/Barnaul
06,Архангельская область,Самодед,населённый пункт,samoded,499025,,63.6083,40.5111,1928,Europe/Moscow
25,Калужская область,Середейский,населённый пункт,seredeyskiy,496869,,54.05071,35.23183,1927,Europe/Moscow
52,Новгородская область,Опеченский Посад,населённый пункт,opechenskiy-posad,515161,,58.2751,34.11731,1924,Europe/Moscow
63,Республика Саха (Якутия),Саскылах,населённый пункт,saskylah,2017155,,71.96347,114.09199,1920,Asia/Yakutsk
33,Кировская область,Дубровка,населённый пункт,dubrovka,564417,,59.22866,51.15578,1916,Europe/Kirov
17,Республика Дагестан,Цуриб,город,tsurib,480798,,42.23826,46.8343,1915,Europe/Moscow
52,Новгородская область,Поддорье,город,poddore,508441,,57.46887,31.11103,1913,Europe/Moscow
10,Брянская область,Алтухово,населённый пункт,altuhovo,582358,,52.67559,34.36703,1908,Europe/Moscow
30,Хабаровский край,Лазарев,населённый пункт,lazarev,2123836,,52.22548,141.51356,1906,Asia/Vladivostok
86,Воронежская область,Коротояк,населённый пункт,korotoyak,544576,,50.98848,39.18427,1904,Europe/Moscow
70,Ставропольский край,Новотерский,населённый пункт,novoterskiy,841363,,44.14861,43.0925,1900,Europe/Moscow
03,Республика Алтай,Черга,населённый пункт,cherga,1508150,,51.56889,85.5625,1900,Asia/Barnaul
73,Республика Татарстан,Лубяны,населённый пункт,lubyany,533793,,56.0378,51.40001,1899,Europe/Moscow
17,Республика Дагестан,Тлярата,город,tlyarata,482589,,42.10552,46.35416,1898,Europe/Moscow
45,Республика Марий Эл,Русский Кукмор,населённый пункт,russkiy-kukmor,500391,,56.67167,48.14139,1895,Europe/Moscow
69,Смоленская область,Остер,населённый пункт,oster,514246,,54.017,32.8019,1894,Europe/Moscow
55,Оренбургская область,Черкассы,населённый пункт,cherkassy,569165,,51.80861,56.34192,1891,Asia/Yekaterinburg
49,Мурманская область,Верхнетуломский,населённый пункт,verhnetulomskiy,475469,,68.60727,31.79621,1889,Europe/Moscow
77,Тверская область,Лесное,город,lesnoe,535711,,58.28603,35.52359,1887,Europe/Moscow
47,Московская область,Радовитский,населённый пункт,radovitskiy,503210,,55.1282,39.7956,1887,Europe/Moscow
51,Нижегородская область,Уразовка,город,urazovka,478782,,55.40068,45.61552,1884,Europe/Moscow
25,Калужская область,Износки,город,iznoski,554776,,54.9878,35.30928,1877,Europe/Moscow
42,Ленинградская область,Высоцк,населённый пункт,vysotsk,469995,,60.62534,28.56808,1873,Europe/Moscow
79,Республика Тыва,Хайыракан,населённый пункт,hayyrakan,1506967,,51.56414,93.13454,1872,Asia/Krasnoyarsk
76,Тульская область,Славный,населённый пункт,slavnyy,11888188,,53.54654,36.47387,1870,Europe/Moscow
47,Московская область,Ямкино,населённый пункт,yamkino,469275,,55.92088,38.40417,1865,Europe/Moscow
15,Чукотский автономный округ,Беринговский,населённый пункт,beringovskiy,2126710,,63.06101,179.35046,1861,Asia/Anadyr
34,Республика Коми,Междуреченск,населённый пункт,mezhdurechensk,527299,,63.24556,48.55333,1855,Europe/Moscow
28,Республика Карелия,Суккозеро,населённый пункт,sukkozero,486453,,63.17018,32.34436,1854,Europe/Moscow
20,Иркутская область,Кимильтей,населённый пункт,kimiltey,2022105,,54.1337,101.9811,1850,Asia/Irkutsk
43,Липецкая область,Плеханово,населённый пункт,plehanovo,509047,,52.63822,39.84729,1850,Europe/Moscow
47,Московская область,Сватково,населённый пункт,svatkovo,485803,,56.38333,38.21667,1850,Europe/Moscow
62,Рязанская область,Сынтул,населённый пункт,syntul,485206,,55.00327,41.29711,1842,Europe/Moscow
04,Алтайский край,Быстрянка,населённый пункт,bystryanka,1508520,,52.28611,85.82833,1838,Asia/Barnaul
22,Кабардино-Балкарская Республика,Терскол,населённый пункт,terskol,483269,,43.2568,42.51481,1835,Europe/Moscow
33,Кировская область,Маромица,населённый пункт,maromitsa,529051,,59.86828,48.01227,1832,Europe/Kirov
13,Челябинская область,Саргазы,населённый пункт,sargazy,1493001,,55.02064,61.24985,1827,Asia/Yekaterinburg
90,Пермский край,Широковский,населённый пункт,shirokovskiy,494199,,58.8411,57.785,1823,Asia/Yekaterinburg
34,Республика Коми,Боровый,населённый пункт,borovyy,572091,,63.23005,52.89031,1821,Europe/Moscow
79,Республика Тыва,Кунгуртуг,город,kungurtug,1501377,,50.59826,97.52543,1820,Asia/Krasnoyarsk
51,Нижегородская область,Пурех,населённый пункт,pureh,504100,,56.64684,43.06772,1820,Europe/Moscow
47,Московская область,Федурново,населённый пункт,fedurnovo,562960,,55.75488,38.04696,1814,Europe/Moscow
08,Республика Башкортостан,Тукан,населённый пункт,tukan,480637,,53.8409,57.4552,1808,Asia/Yekaterinburg
20,Иркутская область,Атагай,населённый пункт,atagay,1511276,,55.1033,99.3875,1805,Asia/Irkutsk
56,Орловская область,Красная Заря,город,krasnaya-zarya,542561,,52.78471,37.68702,1802,Europe/Moscow
06,Архангельская область,Солгинский,населённый пункт,solginskiy,491029,,61.05,41.34278,1802,Europe/Moscow
38,Краснодарский край,Агой,населённый пункт,agoy,584003,,44.1466,39.0373,1800,Europe/Moscow
49,Мурманская область,Африканда,населённый пункт,afrikanda,584087,,67.44289,32.78279,1800,Europe/Moscow
88,Ярославская область,Борок,населённый пункт,borok,572220,,58.06532,38.2362,1800,Europe/Moscow
11,Республика Бурятия,Жемчуг,населённый пункт,zhemchug,2012544,,51.6861,102.459,1800,Asia/Irkutsk
04,Алтайский край,Новотырышкино,населённый пункт,novotyryshkino,1496651,,52.0833,84.9089,1800,Asia/Barnaul
38,Краснодарский край,Ольгинка,населённый пункт,olginka,515612,,44.2075,38.89111,1800,Europe/Moscow
42,Ленинградская область,Яковлево,населённый пункт,yakovlevo,469544,,60.29409,29.488,1800,Europe/Moscow
04,Алтайский край,Гальбштадт,город,galbshtadt,1497899,,53.22715,78.98738,1778,Asia/Barnaul
33,Кировская область,Торфяной,населённый пункт,torfyanoy,482096,,58.4916,49.19786,1775,Europe/Kirov
12,Чеченская Республика,Шатой,город,shatoy,489998,,42.87153,45.69092,1775,Europe/Moscow
47,Московская область,Вишняковские Дачи,населённый пункт,vishnyakovskie-dachi,473382,,55.7647,38.13334,1773,Europe/Moscow
92,Камчатский край,Паратунка,населённый пункт,paratunka,2122229,,52.96202,158.25723,1767,Asia/Kamchatka
20,Иркутская область,Кропоткин,населённый пункт,kropotkin,2021504,,58.50944,115.32167,1765,Asia/Irkutsk
47,Московская область,Рыбное,населённый пункт,rybnoe,8669631,,56.41349,37.6218,1765,Europe/Moscow
45,Республика Марий Эл,Азаново,населённый пункт,azanovo,580122,,56.71806,48.22417,1764,Europe/Moscow
08,Республика Башкортостан,Асаново,населённый пункт,asanovo,580688,,54.89418,55.49083,1764,Asia/Yekaterinburg
08,Республика Башкортостан,Бедеева-Поляна,населённый пункт,bedeeva-polyana,578372,,55.32345,56.38882,1757,Asia/Yekaterinburg
57,Пензенская область,Верхозим,населённый пункт,verhozim,474290,,52.71221,45.41803,1756,Europe/Moscow
42,Ленинградская область,Мичуринское,населённый пункт,michurinskoe,527181,,60.5642,29.86232,1755,Europe/Moscow
51,Нижегородская область,Владимирское,населённый пункт,vladimirskoe,473150,,56.82002,45.11843,1749,Europe/Moscow
87,Ямало-Ненецкий автономный округ,Мыс-Каменный,населённый пункт,mys-kamennyy,1504850,,68.45972,73.59028,1745,Asia/Yekaterinburg
76,Тульская область,Подлесный,населённый пункт,podlesnyy,508216,,53.94003,38.26872,1745,Europe/Moscow
91,Красноярский край,Танзыбей,населённый пункт,tanzybey,1538095,,53.13265,92.94335,1743,Asia/Krasnoyarsk
85,Вологодская область,Чебсара,населённый пункт,chebsara,569681,,59.20016,38.83556,1742,Europe/Moscow
21,Ивановская область,Архиповка,населённый пункт,arhipovka,580960,,56.66292,41.25434,1741,Europe/Moscow
42,Ленинградская область,Осельки,населённый пункт,oselki,514679,,60.20503,30.49667,1740,Europe/Moscow
17,Республика Дагестан,Ачису,населённый пункт,achisu,584309,,42.65197,47.68282,1737,Europe/Moscow
69,Смоленская область,Катынь,населённый пункт,katyn,551732,,54.77455,31.69041,1737,Europe/Moscow
62,Рязанская область,Лашма,населённый пункт,lashma,536857,,54.9321,41.14379,1736,Europe/Moscow
33,Кировская область,Лесные Поляны,населённый пункт,lesnye-polyany,535678,,59.00314,52.41802,1731,Europe/Kirov
04,Алтайский край,Кусак,населённый пункт,kusak,7458389,,53.2238,78.9337,1722,Asia/Barnaul
47,Московская область,Быково,населённый пункт,bykovo,570300,,55.62075,38.0797,1721,Europe/Moscow
63,Республика Саха (Якутия),Кангалассы,населённый пункт,kangalassy,2023190,,62.34824,129.96471,1721,Asia/Yakutsk
47,Московская область,Горки Ленинские,населённый пункт,gorki-leninskie,559862,,55.50855,37.77618,1715,Europe/Moscow
13,Челябинская область,Ленинск,населённый пункт,leninsk,536155,,54.90306,59.8675,1701,Asia/Yekaterinburg
04,Алтайский край,Северка,населённый пункт,severka,1492638,,52.13333,79.28333,1701,Asia/Barnaul
17,Республика Дагестан,Ашильта,населённый пункт,ashilta,580621,,42.77042,46.72992,1700,Europe/Moscow
38,Краснодарский край,Глафировка,населённый пункт,glafirovka,561387,,46.76378,38.40785,1700,Europe/Moscow
59,Приморский край,Достоевка,населённый пункт,dostoevka,2024858,,44.32554,133.48134,1700,Asia/Vladivostok
04,Алтайский край,Заря,населённый пункт,zarya,6610734,,52.59696,85.1757,1700,Asia/Barnaul
20,Иркутская область,Листвянка,населённый пункт,listvyanka,2020744,,51.85353,104.8693,1700,Asia/Irkutsk
03,Республика Алтай,Манжерок,населённый пункт,manzherok,1499386,,51.83028,85.775,1700,Asia/Barnaul
38,Краснодарский край,Сукко,населённый пункт,sukko,486456,,44.79945,37.42145,1700,Europe/Moscow
29,Кемеровская область,Урское,населённый пункт,urskoe,1535879,,54.45417,85.40028,1700,Asia/Novokuznetsk
20,Иркутская область,Шаманка,населённый пункт,shamanka,2016858,,52.07235,103.82434,1700,Asia/Irkutsk
63,Республика Саха (Якутия),Алмазный,населённый пункт,almaznyy,2027859,,62.44917,114.32778,1699,Asia/Yakutsk
71,Свердловская область,Висим,населённый пункт,visim,473378,,57.6488,59.5014,1699,Asia/Yekaterinburg
91,Красноярский край,Приморск,населённый пункт,primorsk,1535994,,55.20611,91.88333,1696,Asia/Krasnoyarsk
59,Приморский край,Каменка,населённый пункт,kamenka,2023249,,44.45736,136.01441,1693,Asia/Vladivostok
32,Ханты-Мансийский автономный округ — Югра,Русскинская,населённый пункт,russkinskaya,1493420,,62.1538,73.60102,1691,Asia/Yekaterinburg
63,Республика Саха (Якутия),Маган,населённый пункт,magan,2020595,,62.10746,129.53184,1686,Asia/Yakutsk
61,Ростовская область,Анастасиевка,населённый пункт,anastasievka,582164,,47.56072,38.52837,1684,Europe/Moscow
17,Республика Дагестан,Орота,населённый пункт,orota,514751,,42.65915,46.53772,1679,Europe/Moscow
71,Свердловская область,Старопышминск,населённый пункт,staropyshminsk,1490962,,56.93867,60.90295,1679,Asia/Yekaterinburg
41,Курская область,Первоавгустовский,населённый пункт,pervoavgustovskiy,511012,,52.2264,35.0552,1677,Europe/Moscow
88,Ярославская область,Берендеево,населённый пункт,berendeevo,577408,,56.60078,39.02173,1676,Europe/Moscow
20,Иркутская область,Балахнинский,населённый пункт,balahninskiy,2027196,,58.01056,114.27694,1675,Asia/Irkutsk
04,Алтайский край,Шахи,населённый пункт,shahi,1492491,,53.3361,83.3624,1675,Asia/Barnaul
10,Брянская область,Нетьинка,населённый пункт,netinka,856807,,53.34778,34.19111,1673,Europe/Moscow
37,Костромская область,Космынино,населённый пункт,kosmynino,544068,,57.58183,40.76434,1670,Europe/Moscow
63,Республика Саха (Якутия),Батагай-Алыта,город,batagay-alyta,2027042,,67.7986,130.40363,1666,Asia/Yakutsk
47,Московская область,Шевляково,населённый пункт,shevlyakovo,7601170,,56.39733,36.85973,1664,Europe/Moscow
90,Пермский край,Юбилейный,населённый пункт,yubileynyy,466798,,58.7794,57.7822,1656,Asia/Yekaterinburg
57,Пензенская область,Лермонтово,населённый пункт,lermontovo,535885,,52.99277,43.66141,1649,Europe/Moscow
21,Ивановская область,Каминский,населённый пункт,kaminskiy,553374,,57.15159,41.47318,1645,Europe/Moscow
47,Московская область,Каринское,населённый пункт,karinskoe,552433,,55.70969,36.68903,1643,Europe/Moscow
81,Ульяновская область,Никольское На Черемшане,населённый пункт,nikolskoe-na-cheremshane,521495,,54.05,49.23333,1640,Europe/Ulyanovsk
47,Московская область,Измайлово,населённый пункт,izmaylovo,6417422,,55.56428,37.64254,1639,Europe/Moscow
83,Владимирская область,Новки,населённый пункт,novki,519168,,56.36386,41.08655,1639,Europe/Moscow
71,Свердловская область,Оус,населённый пункт,ous,1495812,,60.90583,61.51861,1639,Asia/Yekaterinburg
93,Забайкальский край,Вершино-Шахтаминский,населённый пункт,vershino-shahtaminskiy,2013441,,51.2992,117.88834,1633,Asia/Chita
64,Сахалинская область,Мгачи,населённый пункт,mgachi,2123292,,51.04764,142.27251,1632,Asia/Sakhalin
30,Хабаровский край,Горный,населённый пункт,gornyy,2023920,,50.76344,136.44951,1625,Asia/Vladivostok
62,Рязанская область,Ямбирно,населённый пункт,yambirno,469292,,54.1231,42.0911,1623,Europe/Moscow
93,Забайкальский край,Ключевский,населённый пункт,klyuchevskiy,2021980,,53.53333,119.45757,1621,Asia/Chita
06,Архангельская область,Лойга,населённый пункт,loyga,533916,,61.07845,44.6075,1618,Europe/Moscow
65,Самарская область,Зольное,населённый пункт,zolnoe,462240,,53.4421,49.7978,1614,Europe/Samara
52,Новгородская область,Краснофарфорный,населённый пункт,krasnofarfornyy,542400,,59.1364,31.85023,1613,Europe/Moscow
71,Свердловская область,Ертарский,населённый пункт,ertarskiy,1485873,,56.79016,64.29952,1612,Asia/Yekaterinburg
52,Новгородская область,Зарубино,населённый пункт,zarubino,464468,,58.735,33.47556,1612,Europe/Moscow
64,Сахалинская область,Углезаводск,населённый пункт,uglezavodsk,2120257,,47.32415,142.6326,1610,Asia/Sakhalin
04,Алтайский край,Гришковка,населённый пункт,grishkovka,1506131,,53.1487,78.751,1607,Asia/Barnaul
77,Тверская область,Ильинское,населённый пункт,ilinskoe,557100,,56.96667,37.18333,1607,Europe/Moscow
64,Сахалинская область,Курильск,населённый пункт,kurilsk,2123979,,45.22686,147.87767,1607,Asia/Magadan
16,Чувашская Республика,Буинск,населённый пункт,buinsk,571154,,55.195,47.0608,1606,Europe/Moscow
22,Кабардино-Балкарская Республика,Кременчуг-Константиновский,населённый пункт,kremenchug-konstantinovskiy,541240,,43.79361,43.6475,1603,Europe/Moscow
20,Иркутская область,Бадар,населённый пункт,badar,2027270,,54.39948,100.59436,1600,Asia/Irkutsk
11,Республика Бурятия,Нижний Саянтуй,населённый пункт,nizhniy-sayantuy,2017128,,51.73751,107.51308,1600,Asia/Irkutsk
11,Республика Бурятия,Шаралдай,населённый пункт,sharalday,2016805,,51.02372,107.64463,1600,Asia/Irkutsk
28,Республика Карелия,Шуньга,населённый пункт,shunga,493394,,62.594,34.946,1600,Europe/Moscow
11,Республика Бурятия,Кичера,населённый пункт,kichera,2022129,,55.93874,110.10122,1593,Asia/Irkutsk
28,Республика Карелия,Гирвас,населённый пункт,girvas,561448,,62.47962,33.68482,1592,Europe/Moscow
55,Оренбургская область,Елизаветинка,населённый пункт,elizavetinka,467886,,51.76732,59.74245,1591,Asia/Yekaterinburg
65,Самарская область,Жигули,населённый пункт,zhiguli,463077,,53.3579,49.301,1588,Europe/Samara
66,Санкт-Петербург,Молодёжное,населённый пункт,molodyozhnoe,525566,,60.19803,29.51597,1587,Europe/Moscow
47,Московская область,Савинская,населённый пункт,savinskaya,498226,,55.37013,39.99233,1587,Europe/Moscow
23,Калининградская область,Волочаевское,населённый пункт,volochaevskoe,472504,,54.70034,20.21966,1582,Europe/Kaliningrad
07,Астраханская область,Сизый Бугор,населённый пункт,sizyy-bugor,492502,,46.21343,48.50462,1582,Europe/Astrakhan
93,Забайкальский край,Приисковый,населённый пункт,priiskovyy,2017632,,51.91885,116.62123,1578,Asia/Chita
53,Новосибирская область,Элитный,населённый пункт,elitnyy,6284049,,54.9118,82.9539,1572,Asia/Novosibirsk
03,Республика Алтай,Элекмонар,населённый пункт,elekmonar,1506962,,51.45889,85.98778,1567,Asia/Barnaul
21,Ивановская область,Новое Леушино,населённый пункт,novoe-leushino,517503,,56.80732,40.51443,1565,Europe/Moscow
47,Московская область,Подосинки,населённый пункт,podosinki,8675153,,56.20837,37.54741,1564,Europe/Moscow
06,Архангельская область,Волошка,населённый пункт,voloshka,472387,,61.33139,40.08583,1562,Europe/Moscow
42,Ленинградская область,Ленинское,населённый пункт,leninskoe,536034,,60.22021,29.84711,1560,Europe/Moscow
69,Смоленская область,Талашкино,населённый пункт,talashkino,484837,,54.65471,32.18325,1559,Europe/Moscow
29,Кемеровская область,Спасск,населённый пункт,spassk,1491197,,52.747,87.7545,1556,Asia/Novokuznetsk
47,Московская область,Спас-Заулок,населённый пункт,spas-zaulok,489729,,56.48333,36.56667,1553,Europe/Moscow
12,Чеченская Республика,Кенхи,населённый пункт,kenhi,551088,,42.64045,45.94928,1552,Europe/Moscow
71,Свердловская область,Уралец,населённый пункт,uralets,478849,,57.6614,59.6497,1551,Asia/Yekaterinburg
11,Республика Бурятия,Хонхолой,населённый пункт,honholoy,2022331,,51.12981,108.22696,1539,Asia/Irkutsk
33,Кировская область,Черная Холуница,населённый пункт,chernaya-holunitsa,568954,,58.85115,51.71545,1539,Europe/Kirov
69,Смоленская область,Екимовичи,населённый пункт,ekimovichi,468116,,54.11285,33.29648,1534,Europe/Moscow
63,Республика Саха (Якутия),Булгунняхтах,населённый пункт,bulgunnyahtah,2025993,,61.29955,128.65077,1529,Asia/Yakutsk
51,Нижегородская область,Первомайский,населённый пункт,pervomayskiy,510878,,56.61474,43.35825,1526,Europe/Moscow
47,Московская область,Биорки,населённый пункт,biorki,873835,,55.0528,38.60873,1524,Europe/Moscow
66,Санкт-Петербург,Тярлево,населённый пункт,tyarlevo,479999,,59.70777,30.44543,1523,Europe/Moscow
47,Московская область,Посёлок Туристического пансионата «Клязьминское водохранилище»,населённый пункт,posyolok-turisticheskogo-pansionata-klyazminskoe-vodohranilische,11189102,,55.99507,37.67199,1520,Europe/Moscow
05,Амурская область,Широкий,населённый пункт,shirokiy,2016680,,49.75729,129.51736,1519,Asia/Yakutsk
63,Республика Саха (Якутия),Усть-Куйга,населённый пункт,ust-kuyga,2013921,,70.00208,135.54876,1517,Asia/Vladivostok
38,Краснодарский край,Рассвет,населённый пункт,rassvet,502744,,44.89444,37.45739,1516,Europe/Moscow
42,Ленинградская область,Хвалово,населённый пункт,hvalovo,548983,,59.94774,32.73723,1514,Europe/Moscow
90,Пермский край,Комарихинский,населённый пункт,komarihinskiy,545938,,58.0979,57.1163,1510,Asia/Yekaterinburg
42,Ленинградская область,Семиозёрье,населённый пункт,semiozyore,11886886,,60.32018,29.29705,1506,Europe/Moscow
90,Пермский край,Сокол,населённый пункт,sokol,875165,,57.9146,56.0456,1505,Asia/Yekaterinburg
59,Приморский край,Сиваковка,населённый пункт,sivakovka,2016474,,44.47811,132.3675,1503,Asia/Vladivostok
04,Алтайский край,Антоньевка,населённый пункт,antonevka,1511519,,51.9961,83.974,1500,Asia/Barnaul
04,Алтайский край,Баюновские Ключи,населённый пункт,bayunovskie-klyuchi,1510665,,53.32806,84.18222,1500,Asia/Barnaul
60,Псковская область,Выбор,населённый пункт,vybor,470549,,57.22716,29.1663,1500,Europe/Moscow
20,Иркутская область,Гадалей,населённый пункт,gadaley,2024221,,54.40318,100.74093,1500,Asia/Irkutsk
20,Иркутская область,Гуран,населённый пункт,guran,2023804,,54.76127,100.64399,1500,Asia/Irkutsk
20,Иркутская область,Икей,населённый пункт,ikey,2023704,,54.19194,100.08111,1500,Asia/Irkutsk
42,Ленинградская область,Копорье,населённый пункт,kopore,545129,,59.70633,29.042,1500,Europe/Moscow
67,Саратовская область,Кормежка,населённый пункт,kormezhka,544830,,51.9005,48.0163,1500,Europe/Saratov
20,Иркутская область,Котик,населённый пункт,kotik,2021700,,54.65057,100.45395,1500,Asia/Irkutsk
11,Республика Бурятия,Николаевский,населённый пункт,nikolaevskiy,2019257,,51.65526,107.80068,1500,Asia/Irkutsk
11,Республика Бурятия,Никольск,населённый пункт,nikolsk,2019242,,51.19017,108.32558,1500,Asia/Irkutsk
23,Калининградская область,Отрадное,район города,otradnoe,825214,,54.94114,20.11397,1500,Europe/Kaliningrad
45,Республика Марий Эл,Помары,населённый пункт,pomary,506738,,55.96815,48.35072,1500,Europe/Moscow
47,Московская область,Посёлок Марьино,населённый пункт,posyolok-marino,6417525,,55.55,37.32,1500,Europe/Moscow
47,Московская область,Сколково,населённый пункт,skolkovo,492396,,55.68784,37.36836,1500,Europe/Moscow
04,Алтайский край,Старый Тогул,населённый пункт,staryy-togul,1490913,,53.4291,85.9006,1500,Asia/Barnaul
52,Новгородская область,Уторгош,населённый пункт,utorgosh,477703,,58.28127,30.25344,1500,Europe/Moscow
20,Иркутская область,Шеберта,населённый пункт,sheberta,1492296,,54.64178,99.89209,1500,Asia/Irkutsk
71,Свердловская область,Карпушиха,населённый пункт,karpushiha,552161,,57.50167,59.89556,1497,Asia/Yekaterinburg
88,Ярославская область,Курба,населённый пункт,kurba,538937,,57.56097,39.4981,1493,Europe/Moscow
25,Калужская область,Дворцы,населённый пункт,dvortsy,563949,,54.61677,35.9974,1492,Europe/Moscow
64,Сахалинская область,Бошняково,населённый пункт,boshnyakovo,2126493,,49.65108,142.17612,1491,Asia/Sakhalin
71,Свердловская область,Грязновское,населённый пункт,gryaznovskoe,1506107,,56.7825,61.7053,1486,Asia/Yekaterinburg
04,Алтайский край,Старобелокуриха,населённый пункт,starobelokuriha,1491047,,52.05206,85.08765,1480,Asia/Barnaul
11,Республика Бурятия,Кудара-Сомон,населённый пункт,kudara-somon,2021434,,50.16029,107.3958,1475,Asia/Irkutsk
84,Волгоградская область,Медведитский,населённый пункт,medveditskiy,528017,,50.78521,44.71287,1475,Europe/Volgograd
60,Псковская область,Новый Изборск,населённый пункт,novyy-izborsk,518800,,57.77079,27.97306,1475,Europe/Moscow
33,Кировская область,Белореченск,населённый пункт,belorechensk,577892,,58.77251,52.29357,1473,Europe/Kirov
04,Алтайский край,Логовское,населённый пункт,logovskoe,6283717,,53.4943,84.2016,1473,Asia/Barnaul
12,Чеченская Республика,Ведено,город,vedeno,476252,,42.971,46.09719,1472,Europe/Moscow
11,Республика Бурятия,Турка,населённый пункт,turka,2014808,,52.9492,108.2217,1472,Asia/Irkutsk
88,Ярославская область,Красный Профинтерн,населённый пункт,krasnyy-profintern,541446,,57.74459,40.43501,1468,Europe/Moscow
59,Приморский край,Посьет,населённый пункт,poset,2017728,,42.65391,130.80547,1468,Asia/Vladivostok
56,Орловская область,Корсаково,город,korsakovo,544440,,53.26764,37.35807,1465,Europe/Moscow
43,Липецкая область,Кузьминские Отвержки,населённый пункт,kuzminskie-otverzhki,537795,,52.69574,39.47036,1464,Europe/Moscow
21,Ивановская область,Дуляпино,населённый пункт,dulyapino,564200,,57.25783,40.81471,1456,Europe/Moscow
60,Псковская область,Красный Луч,населённый пункт,krasnyy-luch,541629,,57.06676,30.09032,1452,Europe/Moscow
42,Ленинградская область,Лупполово,населённый пункт,luppolovo,533240,,60.15402,30.28034,1452,Europe/Moscow
15,Чукотский автономный округ,Лорино,населённый пункт,lorino,4031625,,65.50306,-171.70387,1450,Asia/Anadyr
06,Архангельская область,Емца,населённый пункт,emtsa,467527,,63.07337,40.33285,1441,Europe/Moscow
71,Свердловская область,Заводоуспенское,населённый пункт,zavodouspenskoe,1485354,,56.86256,65.01553,1441,Asia/Yekaterinburg
83,Владимирская область,Ворша,населённый пункт,vorsha,471775,,56.0491,40.07966,1437,Europe/Moscow
91,Красноярский край,Ирша,населённый пункт,irsha,1505502,,55.9273,94.7999,1436,Asia/Krasnoyarsk
11,Республика Бурятия,Баянгол,населённый пункт,bayangol,2027002,,50.6977,103.4656,1432,Asia/Irkutsk
06,Архангельская область,Илеза,населённый пункт,ileza,829291,,61.05328,43.90021,1430,Europe/Moscow
17,Республика Дагестан,Кабир,населённый пункт,kabir,554660,,41.55952,48.04706,1424,Europe/Moscow
85,Вологодская область,Кузино,населённый пункт,kuzino,537888,,59.77665,38.3104,1423,Europe/Moscow
51,Нижегородская область,Фролищи,населённый пункт,frolischi,562413,,56.42177,42.65187,1422,Europe/Moscow
55,Оренбургская область,Аландское,населённый пункт,alandskoe,583459,,52.22611,59.79389,1418,Asia/Yekaterinburg
59,Приморский край,Гражданка,населённый пункт,grazhdanka,6269121,,44.21442,133.1746,1418,Asia/Vladivostok
20,Иркутская область,Видим,населённый пункт,vidim,2013406,,56.4088,103.1106,1415,Asia/Irkutsk
38,Краснодарский край,Бесленеевская,населённый пункт,besleneevskaya,576694,,44.231,40.725,1413,Europe/Moscow
13,Челябинская область,Тайгинка,населённый пункт,tayginka,1489900,,55.6244,60.5076,1413,Asia/Yekaterinburg
44,Магаданская область,Армань,населённый пункт,arman,2127060,,59.67144,150.13055,1411,Asia/Magadan
56,Орловская область,Спасское-Лутовиново,населённый пункт,spasskoe-lutovinovo,489743,,53.37012,36.62297,1411,Europe/Moscow
53,Новосибирская область,Дубровино,населённый пункт,dubrovino,1507155,,55.4718,83.2907,1405,Asia/Novosibirsk
08,Республика Башкортостан,Магинск,населённый пункт,maginsk,532297,,55.76338,56.96583,1404,Asia/Yekaterinburg
06,Архангельская область,Харитоново,населённый пункт,haritonovo,550574,,61.40092,47.49779,1402,Europe/Moscow
42,Ленинградская область,Ильичево,населённый пункт,ilichevo,557276,,60.26808,29.7523,1400,Europe/Moscow
04,Алтайский край,Мартыново,населённый пункт,martynovo,1499292,,53.26667,85.88333,1400,Asia/Barnaul
28,Республика Карелия,Матросы,населённый пункт,matrosy,528562,,61.78042,33.81283,1400,Europe/Moscow
13,Челябинская область,Селезян,населённый пункт,selezyan,1492822,,54.90583,61.82444,1400,Asia/Yekaterinburg
04,Алтайский край,Усятское,населённый пункт,usyatskoe,1487997,,52.56806,85.76085,1400,Asia/Barnaul
91,Красноярский край,Светлогорск,населённый пункт,svetlogorsk,1490516,,66.93762,88.35265,1398,Asia/Krasnoyarsk
47,Московская область,Братовщина,населённый пункт,bratovschina,571719,,56.05,37.88333,1394,Europe/Moscow
63,Республика Саха (Якутия),Верхоянск,населённый пункт,verhoyansk,2013465,,67.55387,133.38976,1388,Asia/Vladivostok
08,Республика Башкортостан,Тубинский,населённый пункт,tubinskiy,480704,,52.88917,58.2225,1388,Asia/Yekaterinburg
51,Нижегородская область,Сатис,населённый пункт,satis,498420,,55.02264,43.81543,1386,Europe/Moscow
63,Республика Саха (Якутия),Бестях,населённый пункт,bestyah,2026761,,61.37116,128.87999,1385,Asia/Yakutsk
91,Красноярский край,Орджоникидзе,населённый пункт,ordzhonikidze,1496099,,58.45833,95.45944,1383,Asia/Krasnoyarsk
10,Брянская область,Любовшо,населённый пункт,lyubovsho,532485,,52.9851,31.5422,1379,Europe/Moscow
66,Санкт-Петербург,Саперный,населённый пункт,sapernyy,498783,,59.77611,30.66139,1371,Europe/Moscow
66,Санкт-Петербург,Солнечное,населённый пункт,solnechnoe,490993,,60.15612,29.94753,1370,Europe/Moscow
67,Саратовская область,Шумейка,населённый пункт,shumeyka,493461,,51.56361,46.24833,1370,Europe/Saratov
50,Ненецкий автономный округ,Несь,населённый пункт,nes,522534,,66.6004,44.68094,1368,Europe/Moscow
76,Тульская область,Крапивна,населённый пункт,krapivna,542942,,53.94235,37.15744,1367,Europe/Moscow
93,Забайкальский край,Мирная,населённый пункт,mirnaya,2019955,,50.75604,116.05267,1367,Asia/Chita
22,Кабардино-Балкарская Республика,Герпегеж,населённый пункт,gerpegezh,561542,,43.37369,43.65235,1364,Europe/Moscow
85,Вологодская область,Горицы,населённый пункт,goritsy,560058,,59.86949,38.26016,1362,Europe/Moscow
17,Республика Дагестан,Советское,населённый пункт,sovetskoe,552696,,43.41036,46.34386,1362,Europe/Moscow
04,Алтайский край,Усть-Иша,населённый пункт,ust-isha,1488207,,52.18201,85.96757,1362,Asia/Barnaul
32,Ханты-Мансийский автономный округ — Югра,Шеркалы,населённый пункт,sherkaly,1492248,,62.75806,65.47528,1361,Asia/Yekaterinburg
63,Республика Саха (Якутия),Улахан-Ан,населённый пункт,ulahan-an,2014478,,61.30101,128.26078,1354,Asia/Yakutsk
66,Санкт-Петербург,Усть-Ижора,населённый пункт,ust-izhora,478080,,59.81194,30.58139,1354,Europe/Moscow
47,Московская область,Теряево,населённый пункт,teryaevo,483240,,56.16974,36.12545,1351,Europe/Moscow
10,Брянская область,Чуровичи,населённый пункт,churovichi,567469,,52.1693,31.9926,1349,Europe/Moscow
05,Амурская область,Владимировка,населённый пункт,vladimirovka,2013356,,50.3001,127.6333,1343,Asia/Yakutsk
59,Приморский край,Жариково,населённый пункт,zharikovo,2012573,,44.58836,131.7297,1342,Asia/Vladivostok
21,Ивановская область,Заречный,населённый пункт,zarechnyy,464616,,57.46931,42.28431,1335,Europe/Moscow
47,Московская область,Орудьево,населённый пункт,orudevo,514719,,56.43333,37.53333,1334,Europe/Moscow
47,Московская область,Посёлок Опытно-Показательного Хозяйства Ермолино,населённый пункт,posyolok-opytno-pokazatelnogo-hozyaystva-ermolino,467235,,56.14887,37.49112,1334,Europe/Moscow
71,Свердловская область,Сылва,населённый пункт,sylva,485231,,57.3092,58.7734,1330,Asia/Yekaterinburg
48,Москва,Филимонки,населённый пункт,filimonki,562814,,55.55789,37.3475,1329,Europe/Moscow
47,Московская область,Большое Грызлово,населённый пункт,bolshoe-gryzlovo,573634,,54.80033,37.63939,1328,Europe/Moscow
77,Тверская область,Селище,населённый пункт,selische,497764,,56.88794,33.26914,1328,Europe/Moscow
67,Саратовская область,Приволжское,населённый пункт,privolzhskoe,505044,,51.69194,46.72361,1326,Europe/Saratov
22,Кабардино-Балкарская Республика,Жанхотеко,населённый пункт,zhanhoteko,463544,,43.56417,43.21056,1324,Europe/Moscow
03,Республика Алтай,Иогач,населённый пункт,iogach,1539582,,51.78167,87.26306,1324,Asia/Barnaul
34,Республика Коми,Мордино,населённый пункт,mordino,525371,,61.35327,51.89574,1323,Europe/Moscow
64,Сахалинская область,Тунгор,населённый пункт,tungor,2120400,,53.38934,142.95539,1322,Asia/Sakhalin
51,Нижегородская область,Ситники,населённый пункт,sitniki,492633,,56.45529,44.06658,1321,Europe/Moscow
34,Республика Коми,Парма,населённый пункт,parma,512524,,66,57.7,1319,Europe/Moscow
59,Приморский край,Многоудобное,населённый пункт,mnogoudobnoe,2019936,,43.46789,132.46646,1317,Asia/Vladivostok
10,Брянская область,Замишево,населённый пункт,zamishevo,465117,,52.5395,32.0129,1316,Europe/Moscow
66,Санкт-Петербург,Петро-Славянка,населённый пункт,petro-slavyanka,510139,,59.80222,30.50694,1308,Europe/Moscow
71,Свердловская область,Изумруд,населённый пункт,izumrud,1505212,,57.07881,61.39932,1307,Asia/Yekaterinburg
30,Хабаровский край,Чумикан,город,chumikan,2025256,,54.71818,135.31569,1305,Asia/Vladivostok
43,Липецкая область,Посёлок Совхоза Петровский,населённый пункт,posyolok-sovhoza-petrovskiy,9036888,,52.24159,40.64976,1304,Europe/Moscow
20,Иркутская область,Алгатуй,населённый пункт,algatuy,8308500,,54.4009,100.255,1300,Asia/Irkutsk
71,Свердловская область,Зюзельский,населённый пункт,zyuzelskiy,1484889,,56.4856,60.1331,1300,Asia/Yekaterinburg
59,Приморский край,Ляличи,населённый пункт,lyalichi,2020644,,44.07264,132.38701,1300,Asia/Vladivostok
20,Иркутская область,Мугун,населённый пункт,mugun,2019726,,54.47143,100.24831,1300,Asia/Irkutsk
20,Иркутская область,Перфилово,населённый пункт,perfilovo,2018035,,54.41083,100.48454,1300,Asia/Irkutsk
49,Мурманская область,Териберка,населённый пункт,teriberka,483379,,69.16088,35.14527,1300,Europe/Moscow
48,Москва,Толстопальцево,район города,tolstopaltsevo,482329,,55.61026,37.21834,1300,Europe/Moscow
20,Иркутская область,Урик,населённый пункт,urik,2014128,,52.46051,104.24016,1300,Asia/Irkutsk
28,Республика Карелия,Юшкозеро,населённый пункт,yushkozero,466160,,64.7505,32.10756,1300,Europe/Moscow
89,Еврейская автономная область,Лондоко,населённый пункт,londoko,2020707,,49.01924,131.99059,1298,Asia/Vladivostok
10,Брянская область,Новый Ропск,населённый пункт,novyy-ropsk,516874,,52.29678,32.31226,1293,Europe/Moscow
47,Московская область,Микулино,населённый пункт,mikulino,526605,,56.45188,35.60685,1292,Europe/Moscow
45,Республика Марий Эл,Виловатово,населённый пункт,vilovatovo,473627,,56.1724,46.60134,1288,Europe/Moscow
30,Хабаровский край,Аян,город,ayan,2027316,,56.4631,138.17625,1286,Asia/Vladivostok
91,Красноярский край,Снежногорск,населённый пункт,snezhnogorsk,1491600,,68.091,87.795,1286,Asia/Krasnoyarsk
59,Приморский край,Попова,населённый пункт,popova,2017756,,42.96096,131.72494,1285,Asia/Vladivostok
59,Приморский край,Штыково,населённый пункт,shtykovo,2016628,,43.3884,132.36223,1285,Asia/Vladivostok
64,Сахалинская область,Леонидово,населённый пункт,leonidovo,2123805,,49.28712,142.87205,1283,Asia/Sakhalin
01,Республика Адыгея,Новый,населённый пункт,novyy,517235,,44.93375,40.16936,1278,Europe/Moscow
38,Краснодарский край,Уманский,населённый пункт,umanskiy,479080,,46.23598,39.26689,1275,Europe/Moscow
47,Московская область,Будёновец,населённый пункт,budyonovets,9389143,,56.37975,37.62774,1268,Europe/Moscow
04,Алтайский край,Стуково,населённый пункт,stukovo,1490776,,53.21278,83.33778,1266,Asia/Barnaul
55,Оренбургская область,Старая Аккермановка,населённый пункт,staraya-akkermanovka,583731,,51.24669,58.23908,1264,Asia/Yekaterinburg
85,Вологодская область,Имени Желябова,населённый пункт,imeni-zhelyabova,556430,,58.9544,36.5956,1261,Europe/Moscow
76,Тульская область,Ханино,населённый пункт,hanino,550726,,54.211,36.62292,1256,Europe/Moscow
62,Рязанская область,Кирицы,населённый пункт,kiritsy,548440,,54.2862,40.3572,1255,Europe/Moscow
77,Тверская область,Берново,населённый пункт,bernovo,576754,,56.68633,34.70357,1253,Europe/Moscow
21,Ивановская область,Марково,населённый пункт,markovo,529113,,57.0185,40.49465,1253,Europe/Moscow
42,Ленинградская область,Ромашки,населённый пункт,romashki,501369,,60.72115,29.80833,1253,Europe/Moscow
11,Республика Бурятия,Большой Куналей,населённый пункт,bolshoy-kunaley,2026278,,51.43203,107.6089,1250,Asia/Irkutsk
44,Магаданская область,Холодный,населённый пункт,holodnyy,2124611,,62.71325,147.91031,1247,Asia/Magadan
04,Алтайский край,Березовка,населённый пункт,berezovka,1510283,,52.35111,85.82722,1243,Asia/Barnaul
15,Чукотский автономный округ,Лаврентия,город,lavrentiya,4031637,,65.58299,-170.99663,1242,Asia/Anadyr
92,Камчатский край,Козыревск,населённый пункт,kozyrevsk,2124220,,56.0486,159.8715,1241,Asia/Kamchatka
07,Астраханская область,Каралат,населённый пункт,karalat,552821,,45.91555,48.30683,1240,Europe/Astrakhan
47,Московская область,Саввинская Слобода,населённый пункт,savvinskaya-sloboda,498114,,55.72343,36.80347,1239,Europe/Moscow
66,Санкт-Петербург,Комарово,населённый пункт,komarovo,545881,,60.1866,29.80865,1230,Europe/Moscow
66,Санкт-Петербург,Разлив,район города,razliv,502423,,60.07919,29.97206,1230,Europe/Moscow
63,Республика Саха (Якутия),Солнечный,населённый пункт,solnechnyy,2016305,,60.30217,137.55563,1230,Asia/Vladivostok
04,Алтайский край,Красный Яр,населённый пункт,krasnyy-yar,1501894,,52.3575,85.33806,1227,Asia/Barnaul
62,Рязанская область,Виленка,населённый пункт,vilenka,473665,,54.2693,38.91663,1224,Europe/Moscow
90,Пермский край,Сараны,населённый пункт,sarany,498696,,58.5,58.88333,1224,Asia/Yekaterinburg
34,Республика Коми,Путеец,населённый пункт,puteets,503772,,65.17157,57.09101,1223,Europe/Moscow
63,Республика Саха (Якутия),Лебединый,населённый пункт,lebedinyy,2020871,,58.48844,125.49415,1213,Asia/Yakutsk
71,Свердловская область,Асбестовский,населённый пункт,asbestovskiy,1511329,,57.75574,61.39672,1209,Asia/Yekaterinburg
51,Нижегородская область,Подновье,населённый пункт,podnove,508144,,56.3061,44.09244,1208,Europe/Moscow
88,Ярославская область,Левашово,населённый пункт,levashovo,535531,,57.64451,40.52401,1204,Europe/Moscow
03,Республика Алтай,Артыбаш,населённый пункт,artybash,1511364,,51.79278,87.27611,1200,Asia/Barnaul
03,Республика Алтай,Беляши,населённый пункт,belyashi,1510395,,49.709,87.423,1200,Asia/Barnaul
04,Алтайский край,Верхний Бехтемир,населённый пункт,verhniy-behtemir,1487487,,52.76582,85.91011,1200,Asia/Barnaul
71,Свердловская область,Елкино,населённый пункт,elkino,467787,,58.6922,59.832,1200,Asia/Yekaterinburg
20,Иркутская область,Звездный,населённый пункт,zvezdnyy,2012379,,56.7492,106.4799,1200,Asia/Irkutsk
42,Ленинградская область,Коробицыно,населённый пункт,korobitsyno,544746,,60.51523,29.72437,1200,Europe/Moscow
71,Свердловская область,Нижнеиргинское,населённый пункт,nizhneirginskoe,520378,,56.8669,57.422,1200,Asia/Yekaterinburg
25,Калужская область,Никола-Ленивец,населённый пункт,nikola-lenivets,522080,,54.74943,35.60133,1200,Europe/Moscow
04,Алтайский край,Новиково,населённый пункт,novikovo,1497215,,52.62231,85.96392,1200,Asia/Barnaul
47,Московская область,Нудоль,населённый пункт,nudol,516762,,56.1,36.51667,1200,Europe/Moscow
76,Тульская область,Скуратово,населённый пункт,skuratovo,573302,,53.43852,36.84085,1200,Europe/Moscow
03,Республика Алтай,Соузга,населённый пункт,souzga,1497384,,51.88722,85.84944,1200,Asia/Barnaul
13,Челябинская область,Сыростан,населённый пункт,syrostan,485162,,55.0634,59.9002,1200,Asia/Yekaterinburg
28,Республика Карелия,Шальский,населённый пункт,shalskiy,495922,,61.79698,36.0168,1200,Europe/Moscow
04,Алтайский край,Шубенка,населённый пункт,shubenka,1492034,,52.6551,85.09858,1200,Asia/Barnaul
59,Приморский край,Приморский,населённый пункт,primorskiy,2017626,,43.09962,131.58938,1196,Asia/Vladivostok
47,Московская область,Автополигон,населённый пункт,avtopoligon,9389126,,56.34984,37.32296,1194,Europe/Moscow
44,Магаданская область,Дукат,населённый пункт,dukat,2125906,,62.56936,155.35151,1194,Asia/Magadan
43,Липецкая область,Большой Хомутец,населённый пункт,bolshoy-homutets,573073,,52.78285,39.87214,1190,Europe/Moscow
65,Самарская область,Майское,населённый пункт,mayskoe,528216,,52.27244,50.03383,1190,Europe/Samara
65,Самарская область,Бахилово,населённый пункт,bahilovo,579689,,53.4011,49.636,1189,Europe/Samara
83,Владимирская область,Красный Октябрь,населённый пункт,krasnyy-oktyabr,541550,,56.10347,41.38395,1189,Europe/Moscow
78,Тюменская область,Чикча,населённый пункт,chikcha,1507870,,57.1464,65.97829,1188,Asia/Yekaterinburg
01,Республика Адыгея,Уляп,населённый пункт,ulyap,479099,,45.05383,39.94655,1186,Europe/Moscow
20,Иркутская область,Падь Мельничная,населённый пункт,pad-melnichnaya,6418442,,52.161,104.38,1185,Asia/Irkutsk
47,Московская область,Ярополец,населённый пункт,yaropolets,468927,,56.13333,35.83317,1184,Europe/Moscow
41,Курская область,Попово-Лежачи,населённый пункт,popovo-lezhachi,506374,,51.30087,34.33871,1177,Europe/Moscow
64,Сахалинская область,Шебунино,населённый пункт,shebunino,2121324,,46.42839,141.85778,1177,Asia/Sakhalin
05,Амурская область,Экимчан,город,ekimchan,2024461,,53.06867,132.93974,1177,Asia/Yakutsk
42,Ленинградская область,Куйвози,населённый пункт,kuyvozi,537992,,60.31931,30.43631,1175,Europe/Moscow
19,Республика Ингушетия,Джейрах,город,dzheyrah,563623,,42.82362,44.67654,1174,Europe/Moscow
17,Республика Дагестан,Хиндах,населённый пункт,hindah,550275,,42.40086,46.96922,1170,Europe/Moscow
93,Забайкальский край,Кадая,населённый пункт,kadaya,2023324,,50.93214,119.29568,1167,Asia/Chita
87,Ямало-Ненецкий автономный округ,Правохеттинский,населённый пункт,pravohettinskiy,12188498,,65.4496,73.53098,1167,Asia/Yekaterinburg
52,Новгородская область,Едрово,населённый пункт,edrovo,468446,,57.91306,33.62028,1166,Europe/Moscow
13,Челябинская область,Великопетровка,населённый пункт,velikopetrovka,1487632,,53.25042,60.48606,1164,Asia/Yekaterinburg
47,Московская область,Гребнево,населённый пункт,grebnevo,518858,,55.95074,38.07973,1161,Europe/Moscow
13,Челябинская область,Черемшанка,населённый пункт,cheremshanka,1508217,,56.1192,60.26804,1161,Asia/Yekaterinburg
66,Санкт-Петербург,Александровская,населённый пункт,aleksandrovskaya,583036,,59.73083,30.33222,1159,Europe/Moscow
42,Ленинградская область,Кобринское,населённый пункт,kobrinskoe,547005,,59.4225,30.12389,1158,Europe/Moscow
47,Московская область,Шабурново,населённый пункт,shaburnovo,496151,,56.55,37.93333,1155,Europe/Moscow
71,Свердловская область,Бараба,населённый пункт,baraba,1510924,,56.75,61.76667,1153,Asia/Yekaterinburg
10,Брянская область,Ивановка,населённый пункт,ivanovka,815746,,53.34694,34.21917,1150,Europe/Moscow
20,Иркутская область,Илир,населённый пункт,ilir,2023638,,55.22473,100.68498,1150,Asia/Irkutsk
20,Иркутская область,Березняки,населённый пункт,bereznyaki,2026811,,56.9366,103.5851,1149,Asia/Irkutsk
85,Вологодская область,Мякса,населённый пункт,myaksa,523990,,58.8889,38.1938,1143,Europe/Moscow
27,Карачаево-Черкесская Республика,Ударный,населённый пункт,udarnyy,841270,,44.34917,42.50528,1142,Europe/Moscow
65,Самарская область,Подсолнечное,населённый пункт,podsolnechnoe,507998,,53.15,52.0191,1138,Europe/Samara
07,Астраханская область,Полдневое,населённый пункт,poldnevoe,507302,,45.85568,47.95241,1134,Europe/Astrakhan
59,Приморский край,Лучки,населённый пункт,luchki,2020687,,44.28587,132.26061,1131,Asia/Vladivostok
71,Свердловская область,Широкая Речка,населённый пункт,shirokaya-rechka,1492142,,56.79858,60.48522,1131,Asia/Yekaterinburg
47,Московская область,Данки,населённый пункт,danki,567111,,54.91806,37.57009,1130,Europe/Moscow
65,Самарская область,Переволоки,населённый пункт,perevoloki,511293,,53.2458,49.1793,1130,Europe/Samara
05,Амурская область,Токур,населённый пункт,tokur,2015217,,53.13832,132.89112,1126,Asia/Yakutsk
05,Амурская область,Тахтамыгда,населённый пункт,tahtamygda,2015707,,54.11009,123.61012,1125,Asia/Yakutsk
79,Республика Тыва,Баян-Кол,населённый пункт,bayan-kol,1510736,,51.58044,93.55286,1122,Asia/Krasnoyarsk
49,Мурманская область,Шонгуй,населённый пункт,shonguy,493795,,68.743,33.158,1122,Europe/Moscow
20,Иркутская область,Мал.Хужир,населённый пункт,mal-huzhir,2022143,,53.19389,107.33972,1118,Asia/Irkutsk
71,Свердловская область,Верхняя Сысерть,населённый пункт,verhnyaya-sysert,1487260,,56.44012,60.75563,1115,Asia/Yekaterinburg
91,Красноярский край,Диксон,населённый пункт,dikson,1507390,,73.50819,80.52918,1113,Asia/Krasnoyarsk
34,Республика Коми,Промышленный,населённый пункт,promyshlennyy,1494088,,67.58333,63.91667,1112,Europe/Moscow
93,Забайкальский край,Большая Тура,населённый пункт,bolshaya-tura,2026403,,51.61642,114.11242,1111,Asia/Chita
59,Приморский край,Светлая,населённый пункт,svetlaya,2015852,,46.54055,138.33125,1109,Asia/Vladivostok
76,Тульская область,Чекалин,населённый пункт,chekalin,569615,,54.09685,36.24499,1105,Europe/Moscow
47,Московская область,Первомайский,населённый пункт,pervomayskiy,873836,,55.06696,38.66489,1103,Europe/Moscow
68,Республика Северная Осетия — Алания,Верхний Фиагдон,населённый пункт,verhniy-fiagdon,475003,,42.83454,44.30604,1102,Europe/Moscow
20,Иркутская область,Афанасьево,населённый пункт,afanasevo,2028098,,54.63958,100.61755,1100,Asia/Irkutsk
04,Алтайский край,Бастан,населённый пункт,bastan,1510779,,51.85889,79.47444,1100,Asia/Barnaul
77,Тверская область,Выдропужск,населённый пункт,vydropuzhsk,470499,,57.3647,34.84287,1100,Europe/Moscow
70,Ставропольский край,Греческое,населённый пункт,grecheskoe,558969,,44.43053,43.0083,1100,Europe/Moscow
20,Иркутская область,Дзержинск,населённый пункт,dzerzhinsk,2056861,,52.28028,104.38694,1100,Asia/Irkutsk
20,Иркутская область,Едогон,населённый пункт,edogon,2013049,,54.2549,100.2385,1100,Asia/Irkutsk
42,Ленинградская область,Иссад,населённый пункт,issad,555794,,60.06743,32.34331,1100,Europe/Moscow
28,Республика Карелия,Кварцитный,населённый пункт,kvartsitnyy,493866,,61.49321,35.02888,1100,Europe/Moscow
38,Краснодарский край,Лермонтово,населённый пункт,lermontovo,866267,,44.3038,38.7572,1100,Europe/Moscow
04,Алтайский край,Николаевка,населённый пункт,nikolaevka,1497729,,51.92556,79.41583,1100,Asia/Barnaul
11,Республика Бурятия,Окино-Ключи,населённый пункт,okino-klyuchi,2018630,,50.59783,107.10662,1100,Asia/Irkutsk
04,Алтайский край,Топольное,населённый пункт,topolnoe,1489378,,51.5105,84.4813,1100,Asia/Barnaul
04,Алтайский край,Шульгин Лог,населённый пункт,shulgin-log,1492009,,52.16985,85.85573,1100,Asia/Barnaul
65,Самарская область,Богатырь,населённый пункт,bogatyr,575751,,53.429,49.96,1098,Europe/Samara
09,Белгородская область,Козинка,населённый пункт,kozinka,543229,,50.4613,35.6026,1097,Europe/Moscow
06,Архангельская область,Черемушский,населённый пункт,cheremushskiy,569269,,61.27306,47.26361,1093,Europe/Moscow
10,Брянская область,Сачковичи,населённый пункт,sachkovichi,499616,,52.3459,32.2246,1090,Europe/Moscow
04,Алтайский край,Устьянка,населённый пункт,ustyanka,1488030,,53.4527,78.7425,1086,Asia/Barnaul
72,Тамбовская область,Посёлок Зелёный Гай,населённый пункт,posyolok-zelyonyy-gay,822497,,52.95528,40.39639,1084,Europe/Moscow
20,Иркутская область,Шестаково,населённый пункт,shestakovo,2016733,,56.4915,103.96,1084,Asia/Irkutsk
47,Московская область,Малышево,населённый пункт,malyshevo,530326,,55.4945,38.35356,1082,Europe/Moscow
75,Томская область,Калтай,населённый пункт,kaltay,1504968,,56.27917,84.87861,1077,Asia/Tomsk
93,Забайкальский край,Кусоча,населённый пункт,kusocha,13397241,,50.70282,115.64025,1069,Asia/Chita
28,Республика Карелия,Янишполе,населённый пункт,yanishpole,469083,,62.11095,34.27013,1069,Europe/Moscow
71,Свердловская область,Шувакиш,населённый пункт,shuvakish,1536529,,56.9187,60.47727,1067,Asia/Yekaterinburg
51,Нижегородская область,Чистое,населённый пункт,chistoe,567972,,56.53753,43.00445,1065,Europe/Moscow
47,Московская область,Пешки,населённый пункт,peshki,510541,,56.13333,37.06667,1063,Europe/Moscow
46,Республика Мордовия,Выша,населённый пункт,vysha,470304,,53.84768,42.37766,1061,Europe/Moscow
83,Владимирская область,Галицы,населённый пункт,galitsy,562136,,56.17759,42.84588,1060,Europe/Moscow
46,Республика Мордовия,Зыково,населённый пункт,zykovo,461781,,54.06853,45.08633,1059,Europe/Moscow
06,Архангельская область,Васьково,населённый пункт,vaskovo,6315390,,64.4122,40.4639,1057,Europe/Moscow
29,Кемеровская область,Новопестерево,населённый пункт,novopesterevo,1496877,,54.4429,85.7401,1056,Asia/Novokuznetsk
88,Ярославская область,Кукобой,населённый пункт,kukoboy,539684,,58.70089,39.91427,1053,Europe/Moscow
77,Тверская область,Станция Старица,населённый пункт,stantsiya-staritsa,12076754,,56.53224,34.77287,1053,Europe/Moscow
47,Московская область,Ново-Никольское,населённый пункт,novo-nikolskoe,518440,,56.56667,37.53333,1048,Europe/Moscow
64,Сахалинская область,Гастелло,населённый пункт,gastello,2125626,,49.10193,142.94386,1042,Asia/Sakhalin
25,Калужская область,Дешовки,населённый пункт,deshovki,566393,,54.00192,35.78812,1042,Europe/Moscow
76,Тульская область,Казачка,населённый пункт,kazachka,856845,,53.3644,38.0694,1042,Europe/Moscow
11,Республика Бурятия,Холтосон,населённый пункт,holtoson,2022369,,50.2981,103.3097,1040,Asia/Irkutsk
51,Нижегородская область,Васильсурск,населённый пункт,vasilsursk,476732,,56.13139,46.016,1038,Europe/Moscow
07,Астраханская область,Увары,населённый пункт,uvary,477611,,46.04575,48.03558,1034,Europe/Astrakhan
42,Ленинградская область,Борисова Грива,населённый пункт,borisova-griva,572506,,60.08936,30.97727,1032,Europe/Moscow
38,Краснодарский край,Воронцовка,населённый пункт,vorontsovka,471910,,46.6529,38.0787,1030,Europe/Moscow
11,Республика Бурятия,Танхой,населённый пункт,tanhoy,2015576,,51.55683,105.1262,1028,Asia/Irkutsk
42,Ленинградская область,Верхние Осельки,район города,verhnie-oselki,475060,,60.24948,30.44938,1026,Europe/Moscow
47,Московская область,Ольявидово,населённый пункт,olyavidovo,10103927,,56.5033,37.7516,1026,Europe/Moscow
47,Московская область,Павшино,район города,pavshino,511980,,55.81667,37.35,1020,Europe/Moscow
83,Владимирская область,Красный Богатырь,населённый пункт,krasnyy-bogatyr,541844,,56.01453,41.12958,1019,Europe/Moscow
25,Калужская область,Заречье,населённый пункт,zareche,11875606,,53.73078,35.63246,1013,Europe/Moscow
25,Калужская область,Подборки,населённый пункт,podborki,508480,,54.181,35.931,1012,Europe/Moscow
28,Республика Карелия,Шёлтозеро,населённый пункт,shyoltozero,494970,,61.36667,35.36667,1012,Europe/Moscow
34,Республика Коми,Сыня,населённый пункт,synya,485215,,65.37185,58.03874,1011,Europe/Moscow
20,Иркутская область,Манзурка,населённый пункт,manzurka,2020271,,53.48556,106.05444,1004,Asia/Irkutsk
60,Псковская область,Изборск,населённый пункт,izborsk,554873,,57.70757,27.86291,1003,Europe/Moscow
93,Забайкальский край,Тупик,город,tupik,2014836,,54.42804,119.94198,996,Asia/Chita
17,Республика Дагестан,Вачи,город,vachi,477432,,42.07381,47.21474,714,Europe/Moscow
92,Камчатский край,Каменское,город,kamenskoe,2125034,,62.46778,166.20666,678,Asia/Kamchatka
92,Камчатский край,Никольское,город,nikolskoe,2122843,,55.19683,165.99779,613,Asia/Kamchatka
42,Ленинградская область,Яросла́вичи,город,yarosla-vichi,468921,,60.49275,34.50806,200,Europe/Moscow
55,Оренбургская область,Акбулак,город,akbulak,583905,,51.00132,55.61967,0,Asia/Yekaterinburg
55,Оренбургская область,Александровка,город,aleksandrovka,583243,,52.68291,54.41339,0,Asia/Yekaterinburg
75,Томская область,Александровское,город,aleksandrovskoe,1511845,,60.42903,77.86417,0,Asia/Tomsk
65,Самарская область,Алексеевка,город,alekseevka,582918,,52.58296,51.27365,0,Europe/Samara
40,Курганская область,Альменево,город,almenevo,1511755,,54.94467,63.57625,0,Asia/Yekaterinburg
22,Кабардино-Балкарская Республика,Анзорей,город,anzorey,487944,,43.35582,43.94143,0,Europe/Moscow
08,Республика Башкортостан,Архангельское,город,arhangelskoe,581002,,54.40575,56.78064,0,Asia/Yekaterinburg
76,Тульская область,Архангельское,город,arhangelskoe,581011,,53.25977,37.6963,0,Europe/Moscow
46,Республика Мордовия,Атюрьево,город,atyurevo,580368,,54.32056,43.33688,0,Europe/Moscow
46,Республика Мордовия,Атяшево,город,atyashevo,580374,,54.59,46.125,0,Europe/Moscow
33,Кировская область,Афанасьево,город,afanasevo,584153,,58.86548,53.25804,0,Europe/Kirov
78,Тюменская область,Бердюжье,город,berdyuzhe,1510343,,55.80464,68.31667,0,Asia/Yekaterinburg
90,Пермский край,Березовка,город,berezovka,576980,,57.60364,57.31641,0,Asia/Yekaterinburg
60,Псковская область,Блясино,город,blyasino,7080068,,56.94565,28.30621,0,Europe/Moscow
60,Псковская область,Болгатово,город,bolgatovo,575369,,56.80306,28.94876,0,Europe/Moscow
73,Республика Татарстан,Большая Атня,город,bolshaya-atnya,575221,,56.25059,49.45161,0,Europe/Moscow
65,Самарская область,Большая Глушица,город,bolshaya-glushitsa,575120,,52.39286,50.47131,0,Europe/Samara
61,Ростовская область,Большая Мартыновка,город,bolshaya-martynovka,574877,,47.27366,41.66721,0,Europe/Moscow
90,Пермский край,Большая Соснова,город,bolshaya-sosnova,574620,,57.6698,54.59998,0,Asia/Yekaterinburg
65,Самарская область,Большая Черниговка,город,bolshaya-chernigovka,575169,,52.09287,50.86829,0,Europe/Samara
46,Республика Мордовия,Большие Березники,город,bolshie-berezniki,574258,,54.17478,45.96703,0,Europe/Moscow
73,Республика Татарстан,Большие Кайбицы,город,bolshie-kaybitsy,574183,,55.40331,48.18552,0,Europe/Moscow
54,Омская область,Большие Уки,город,bolshie-uki,1509422,,56.94697,72.62898,0,Asia/Omsk
46,Республика Мордовия,Большое Игнатово,город,bolshoe-ignatovo,573631,,55.01727,45.57503,0,Europe/Moscow
81,Ульяновская область,Большое Нагаткино,город,bolshoe-nagatkino,573465,,54.51888,47.97123,0,Europe/Ulyanovsk
78,Тюменская область,Большое Сорокино,город,bolshoe-sorokino,1509257,,56.63592,69.81833,0,Asia/Yekaterinburg
91,Красноярский край,Большой Улуй,город,bolshoy-uluy,1509043,,56.65885,90.58374,0,Asia/Krasnoyarsk
24,Республика Калмыкия,Большой Царын,город,bolshoy-tsaryn,572810,,47.84982,45.42722,0,Europe/Moscow
72,Тамбовская область,Бондари,город,bondari,572686,,52.94972,42.06011,0,Europe/Moscow
17,Республика Дагестан,Ботлих,город,botlih,571888,,42.66531,46.2203,0,Europe/Moscow
40,Курганская область,Варгаши,город,vargashi,1487783,,55.37564,65.81072,0,Asia/Yekaterinburg
60,Псковская область,Варыгино,город,varygino,476890,,56.76268,28.53495,0,Europe/Moscow
60,Псковская область,Велье,город,vele,475915,,56.97005,28.57883,0,Europe/Moscow
93,Забайкальский край,Верх-Усугли,город,verh-usugli,2013460,,52.68697,115.18745,0,Asia/Chita
34,Республика Коми,Вильгорт,город,vilgort,470437,,61.62423,50.75724,0,Europe/Moscow
29,Кемеровская область,Вишнёвка,город,vishnyovka,6864821,,54.41235,86.39728,0,Asia/Novokuznetsk
47,Московская область,Власиха,город,vlasiha,473122,,55.68423,37.19661,0,Europe/Moscow
86,Воронежская область,Воробьевка,город,vorobevka,472113,,50.6481,40.95028,0,Europe/Moscow
47,Московская область,Восход,город,voshod,12542004,,55.97497,36.4556,0,Europe/Moscow
60,Псковская область,Глембочино,город,glembochino,561250,,56.18758,28.3785,0,Europe/Moscow
60,Псковская область,Глубокое,город,glubokoe,561131,,56.6089,29.02066,0,Europe/Moscow
54,Омская область,Горьковское,город,gorkovskoe,1506347,,55.36852,74.36689,0,Asia/Omsk
55,Оренбургская область,Грачевка,город,grachevka,559138,,52.91996,52.87026,0,Asia/Yekaterinburg
60,Псковская область,Дедино,город,dedino,566885,,56.24461,28.25059,0,Europe/Moscow
56,Орловская область,Долгое,город,dolgoe,565576,,52.05814,37.52491,0,Europe/Moscow
55,Оренбургская область,Домбаровский-3,город,dombarovskiy-3,545905,,51.032,59.866,0,Asia/Yekaterinburg
46,Республика Мордовия,Дубенки,город,dubenki,564813,,54.44717,46.30561,0,Europe/Moscow
60,Псковская область,Дубровка,город,dubrovka,564449,,56.39101,28.6385,0,Europe/Moscow
46,Республика Мордовия,Ельники,город,elniki,467761,,54.62069,43.88242,0,Europe/Moscow
04,Алтайский край,Ельцовка,город,eltsovka,1486062,,53.25473,86.26395,0,Asia/Barnaul
80,Удмуртская Республика,Завьялово,город,zavyalovo,464071,,56.79196,53.37612,0,Europe/Samara
73,Республика Татарстан,Заинск,город,zainsk,13408681,,55.28359,51.99865,0,Europe/Moscow
47,Московская область,Звëздный Городок,город,zve-zdnyy-gorodok,12542005,,55.87794,38.11262,0,Europe/Moscow
60,Псковская область,Звоны,город,zvony,461863,,56.62409,28.81604,0,Europe/Moscow
05,Амурская область,Ивановка,город,ivanovka,2023406,,50.36077,127.99719,0,Asia/Yakutsk
90,Пермский край,Ильинский,город,ilinskiy,557138,,58.56993,55.69503,0,Asia/Yekaterinburg
60,Псковская область,Ильинское,город,ilinskoe,557101,,56.92362,28.52499,0,Europe/Moscow
27,Карачаево-Черкесская Республика,Инжич-Чукун,город,inzhich-chukun,556273,,44.0616,41.78639,0,Europe/Moscow
91,Красноярский край,Кедровый,город,kedrovyy,13097883,,56.23573,92.32952,0,Asia/Krasnoyarsk
13,Челябинская область,Кизильское,город,kizilskoe,547853,,52.72098,58.89648,0,Asia/Yekaterinburg
31,Республика Хакасия,Копьёво,город,kopyovo,1502590,,54.99264,89.82292,0,Asia/Krasnoyarsk
71,Свердловская область,Косулино-1,город,kosulino-1,1536656,,56.6757,61.0824,0,Asia/Yekaterinburg
08,Республика Башкортостан,Красноусольский,город,krasnousolskiy,542194,,53.88755,56.47205,0,Asia/Yekaterinburg
69,Смоленская область,Красный,город,krasnyy,541867,,54.56632,31.43158,0,Europe/Moscow
60,Псковская область,Кресты,город,kresty,541092,,56.77595,28.09083,0,Europe/Moscow
60,Псковская область,Кунья,город,kunya,539104,,56.2931,30.98009,0,Europe/Moscow
04,Алтайский край,Курья,город,kurya,1501230,,51.60139,82.28913,0,Asia/Barnaul
60,Псковская область,Лаптево,город,laptevo,536936,,56.7426,28.83444,0,Europe/Moscow
33,Кировская область,Лебяжье,город,lebyazhe,536467,,57.40968,49.53059,0,Europe/Kirov
60,Псковская область,Лукино,город,lukino,533481,,56.85933,28.46426,0,Europe/Moscow
47,Московская область,Луховицы,город,luhovitsy,533542,,54.9418,39.02498,0,Europe/Moscow
41,Курская область,Льгов,город,lgov,535347,,51.68925,35.28449,0,Europe/Moscow
22,Кабардино-Балкарская Республика,Майский,город,mayskiy,528248,,43.6414,44.03851,0,Europe/Moscow
60,Псковская область,Макушино,город,makushino,531840,,56.68802,28.47207,0,Europe/Moscow
08,Республика Башкортостан,Малояз,город,maloyaz,488081,,55.17772,58.15613,0,Asia/Yekaterinburg
55,Оренбургская область,Матвеевка,город,matveevka,528513,,53.50752,53.48098,0,Asia/Yekaterinburg
60,Псковская область,Матюшкино,город,matyushkino,528408,,56.86325,28.62508,0,Europe/Moscow
41,Курская область,Медвенка,город,medvenka,527966,,51.41698,36.1107,0,Europe/Moscow
17,Республика Дагестан,Мехельта,город,mehelta,527821,,42.79093,46.49418,0,Europe/Moscow
67,Саратовская область,Михайловский Первый,город,mihaylovskiy-pervyy,526845,,51.76742,48.58975,0,Europe/Saratov
08,Республика Башкортостан,Мишкино,город,mishkino,526246,,55.53332,55.96253,0,Asia/Yekaterinburg
47,Московская область,Молодëжный,город,molode-zhnyy,12542007,,55.32708,36.78558,0,Europe/Moscow
60,Псковская область,Мостище,город,mostische,524854,,56.29123,28.7642,0,Europe/Moscow
22,Кабардино-Балкарская Республика,Нижний Баксан,город,nizhniy-baksan,474982,,43.40578,42.92744,0,Europe/Moscow
13,Челябинская область,Нов.Теча,город,nov-techa,1489837,,55.76008,60.71426,0,Asia/Yekaterinburg
04,Алтайский край,Новоегорьевское,город,novoegorevskoe,1496612,,51.75842,80.8954,0,Asia/Barnaul
05,Амурская область,Новокиевский-Увал,город,novokievskiy-uval,2018931,,51.65994,128.91946,0,Asia/Yakutsk
91,Красноярский край,Новосёлово,город,novosyolovo,1496770,,54.99959,90.97306,0,Asia/Krasnoyarsk
79,Республика Тыва,Новый Чаа-Холь,город,novyy-chaa-hol,1508505,,51.51404,92.33575,0,Asia/Krasnoyarsk
60,Псковская область,Норкино,город,norkino,7597808,,56.6682,29.0286,0,Europe/Moscow
67,Саратовская область,Озинки,город,ozinki,513328,,51.1987,49.7263,0,Europe/Saratov
84,Волгоградская область,Октябрьский,город,oktyabrskiy,515909,,47.96973,43.64663,0,Europe/Volgograd
55,Оренбургская область,Октябрьское,город,oktyabrskoe,515792,,52.34774,55.5022,0,Asia/Yekaterinburg
32,Ханты-Мансийский автономный округ — Югра,Октябрьское,город,oktyabrskoe,1496250,,62.45833,66.03417,0,Asia/Yekaterinburg
13,Челябинская область,Октябрьское,город,oktyabrskoe,1496255,,54.41171,62.73159,0,Asia/Yekaterinburg
84,Волгоградская область,Ольховка,город,olhovka,515507,,49.85921,44.56234,0,Europe/Volgograd
48,Москва,Орехово-Борисово Южное,город,orehovo-borisovo-yuzhnoe,572449,,55.63333,37.73333,0,Europe/Moscow
60,Псковская область,Осыно,город,osyno,513998,,56.15053,28.6758,0,Europe/Moscow
55,Оренбургская область,Первомайский,город,pervomayskiy,510937,,51.90481,51.64571,0,Asia/Yekaterinburg
72,Тамбовская область,Петровское,город,petrovskoe,509881,,52.62961,40.2477,0,Europe/Moscow
60,Псковская область,Петровское,город,petrovskoe,11534991,,56.69755,28.645,0,Europe/Moscow
86,Воронежская область,Петропавловка,город,petropavlovka,510210,,50.09985,40.88216,0,Europe/Moscow
34,Республика Коми,Печора,город,pechora,511793,,65.13527,57.19952,0,Europe/Moscow
60,Псковская область,Покровское,город,pokrovskoe,507377,,56.68972,28.25483,0,Europe/Moscow
60,Псковская область,Поляне,город,polyane,506777,,56.88089,28.88485,0,Europe/Moscow
55,Оренбургская область,Пономаревка,город,ponomarevka,506644,,53.31505,54.12114,0,Asia/Yekaterinburg
41,Курская область,Поныри,город,ponyri,506598,,52.31839,36.29766,0,Europe/Moscow
65,Самарская область,Приволжье,город,privolzhe,505043,,52.85873,48.59827,0,Europe/Samara
86,Воронежская область,Репьевка,город,repevka,502103,,51.08278,38.64337,0,Europe/Moscow
54,Омская область,Ростовка,город,rostovka,1493524,,55.01685,73.58118,0,Asia/Omsk
54,Омская область,Седельниково,город,sedelnikovo,1492855,,56.94531,75.30774,0,Asia/Omsk
86,Воронежская область,Семилуки,город,semiluki,497205,,51.729,39.048,0,Europe/Moscow
65,Самарская область,Сергиевск,город,sergievsk,496637,,53.9431,51.16853,0,Europe/Samara
92,Камчатский край,Соболевский,город,sobolevskiy,2121114,,54.30051,155.94772,0,Asia/Kamchatka
08,Республика Башкортостан,Солнечный,город,solnechnyy,865517,,54.23968,57.96403,0,Asia/Yekaterinburg
91,Красноярский край,Солнечный,город,solnechnyy,13097877,,55.28538,89.82829,0,Asia/Krasnoyarsk
46,Республика Мордовия,Старое Шайгово,город,staroe-shaygovo,488638,,54.30613,44.47343,0,Europe/Moscow
60,Псковская область,Томсино,город,tomsino,482255,,56.45202,28.53917,0,Europe/Moscow
30,Хабаровский край,Троицкое,город,troitskoe,2015061,,49.44131,136.54778,0,Asia/Vladivostok
01,Республика Адыгея,Тульский,город,tulskiy,480507,,44.51665,40.17725,0,Europe/Moscow
69,Смоленская область,Тёмкино,город,tyomkino,483690,,55.08251,35.00877,0,Europe/Moscow
72,Тамбовская область,Умет,город,umet,479056,,52.5628,42.97214,0,Europe/Moscow
92,Камчатский край,Усть-Большерецк,город,ust-bolsheretsk,2120063,,52.82582,156.2829,0,Asia/Kamchatka
20,Иркутская область,Усть-Илимск,город,ust-ilimsk,2012330,,57.98925,102.70641,0,Asia/Irkutsk
92,Камчатский край,Усть-Камчатск,город,ust-kamchatsk,2120059,,56.236,162.533,0,Asia/Kamchatka
08,Республика Башкортостан,Федоровка,город,fedorovka,563171,,53.17896,55.18559,0,Asia/Yekaterinburg
10,Брянская область,Фокино,город,fokino,562573,,53.45472,34.41345,0,Europe/Moscow
12,Чеченская Республика,Хима,город,hima,550277,,42.65484,45.85267,0,Europe/Moscow
63,Республика Саха (Якутия),Хонуу,город,honuu,2124598,,66.45545,143.22294,0,Asia/Magadan
17,Республика Дагестан,Цунта,город,tsunta,12575681,,42.20093,45.93744,0,Europe/Moscow
40,Курганская область,Частоозерье,город,chastoozere,1508406,,55.5651,67.90962,0,Asia/Yekaterinburg
60,Псковская область,Чернея,город,cherneya,568874,,56.24975,28.54256,0,Europe/Moscow
40,Курганская область,Щучье,город,schuche,1492320,,55.2088,62.74791,0,Asia/Yekaterinburg
68,Республика Северная Осетия — Алания,Эльхотово,город,elhotovo,563511,,43.3395,44.20486,0,Europe/Moscow
27,Карачаево-Черкесская Республика,Эркен-Шахар,город,erken-shahar,563435,,44.3778,41.9584,0,Europe/Moscow
33,Кировская область,Юрья,город,yurya,466271,,59.04453,49.27533,0,Europe/Kirov
90,Пермский край,Юсьва,город,yusva,466119,,58.96521,54.96012,0,Asia/Yekaterinburg
08,Республика Башкортостан,Языково,город,yazykovo,468484,,54.69178,55.0099,0,Asia/Yekaterinburg
80,Удмуртская Республика,Якшур-Бодья,город,yakshur-bodya,469470,,57.184,53.16117,0,Europe/Samara
